-- MySQL dump 10.13  Distrib 8.0.44, for Win64 (x86_64)
--
-- Host: 127.0.0.1    Database: mision_emprende2
-- ------------------------------------------------------
-- Server version	8.0.44

/*!40101 SET @OLD_CHARACTER_SET_CLIENT=@@CHARACTER_SET_CLIENT */;
/*!40101 SET @OLD_CHARACTER_SET_RESULTS=@@CHARACTER_SET_RESULTS */;
/*!40101 SET @OLD_COLLATION_CONNECTION=@@COLLATION_CONNECTION */;
/*!50503 SET NAMES utf8 */;
/*!40103 SET @OLD_TIME_ZONE=@@TIME_ZONE */;
/*!40103 SET TIME_ZONE='+00:00' */;
/*!40014 SET @OLD_UNIQUE_CHECKS=@@UNIQUE_CHECKS, UNIQUE_CHECKS=0 */;
/*!40014 SET @OLD_FOREIGN_KEY_CHECKS=@@FOREIGN_KEY_CHECKS, FOREIGN_KEY_CHECKS=0 */;
/*!40101 SET @OLD_SQL_MODE=@@SQL_MODE, SQL_MODE='NO_AUTO_VALUE_ON_ZERO' */;
/*!40111 SET @OLD_SQL_NOTES=@@SQL_NOTES, SQL_NOTES=0 */;

--
-- Table structure for table `activities`
--

DROP TABLE IF EXISTS `activities`;
/*!40101 SET @saved_cs_client     = @@character_set_client */;
/*!50503 SET character_set_client = utf8mb4 */;
CREATE TABLE `activities` (
  `id` bigint NOT NULL AUTO_INCREMENT,
  `name` varchar(100) CHARACTER SET utf8mb4 COLLATE utf8mb4_unicode_ci NOT NULL,
  `description` longtext CHARACTER SET utf8mb4 COLLATE utf8mb4_unicode_ci,
  `order_number` int NOT NULL,
  `timer_duration` int DEFAULT NULL,
  `config_data` json DEFAULT NULL,
  `is_active` tinyint(1) NOT NULL,
  `created_at` datetime(6) NOT NULL,
  `updated_at` datetime(6) NOT NULL,
  `activity_type_id` bigint NOT NULL,
  `stage_id` bigint NOT NULL,
  PRIMARY KEY (`id`),
  UNIQUE KEY `activities_stage_id_order_number_55d59c0c_uniq` (`stage_id`,`order_number`),
  KEY `activities_stage_i_7425c6_idx` (`stage_id`),
  KEY `activities_activit_a33aa7_idx` (`activity_type_id`),
  KEY `activities_stage_i_f1817d_idx` (`stage_id`,`order_number`),
  CONSTRAINT `activities_activity_type_id_4b2a4435_fk_activity_types_id` FOREIGN KEY (`activity_type_id`) REFERENCES `activity_types` (`id`),
  CONSTRAINT `activities_stage_id_0c437802_fk_stages_id` FOREIGN KEY (`stage_id`) REFERENCES `stages` (`id`)
) ENGINE=InnoDB AUTO_INCREMENT=10 DEFAULT CHARSET=utf8mb4 COLLATE=utf8mb4_unicode_ci;
/*!40101 SET character_set_client = @saved_cs_client */;

--
-- Dumping data for table `activities`
--

LOCK TABLES `activities` WRITE;
/*!40000 ALTER TABLE `activities` DISABLE KEYS */;
INSERT INTO `activities` VALUES (1,'Instructivo','Instructivo del juego - Instrucciones para los estudiantes',10,NULL,NULL,1,'2026-04-14 14:15:15.133403','2026-05-11 19:57:59.824803',1,1),(2,'Personalización','Los equipos personalizan su nombre e indican si se conocen',1,NULL,NULL,1,'2026-04-14 23:25:49.631667','2026-04-14 23:25:49.631694',2,1),(3,'Seleccionar Tema','Elige un tema de interés relacionado con tu facultad',1,160,NULL,1,'2025-11-04 23:19:09.746000','2025-11-07 14:28:30.822001',3,2),(4,'Ver el Desafío','Lee y analiza el desafío asociado a tu tema',2,160,NULL,1,'2025-11-04 23:19:09.755000','2025-11-07 14:28:43.478728',3,2),(5,'Bubble Map','Crea un mapa mental con ideas y conceptos relacionados al desafío',3,480,NULL,1,'2025-11-04 23:19:09.756000','2025-11-07 14:28:58.964030',3,2),(6,'Subida de Prototipo Lego','Los equipos construyen físicamente un prototipo con legos y suben una foto del resultado',1,600,NULL,1,'2025-11-05 02:28:51.637000','2025-11-07 14:29:11.498568',4,3),(7,'Formulario de Pitch','Los equipos completan un formulario estructurado para crear el pitch: intro-problema (etapa 2), solución (etapa 3) y cierre',1,360,NULL,1,'2025-11-05 05:28:59.108000','2025-11-07 14:29:29.883250',5,4),(8,'Presentación del Pitch','Los equipos presentan su pitch siguiendo un orden de presentación. Después de cada presentación, los otros equipos pueden evaluar.',2,800,NULL,1,'2025-11-05 05:28:59.120000','2025-11-07 14:29:46.273248',6,4),(9,'Presentacion','Minijuego de anagramas y sopa de letras',2,300,NULL,1,'2026-05-11 19:57:59.832090','2026-05-11 19:57:59.832120',9,1);
/*!40000 ALTER TABLE `activities` ENABLE KEYS */;
UNLOCK TABLES;

--
-- Table structure for table `activity_duration_metrics`
--

DROP TABLE IF EXISTS `activity_duration_metrics`;
/*!40101 SET @saved_cs_client     = @@character_set_client */;
/*!50503 SET character_set_client = utf8mb4 */;
CREATE TABLE `activity_duration_metrics` (
  `id` bigint NOT NULL AUTO_INCREMENT,
  `total_completions` int NOT NULL,
  `total_duration_seconds` double NOT NULL,
  `avg_duration_seconds` double NOT NULL,
  `min_duration_seconds` double DEFAULT NULL,
  `max_duration_seconds` double DEFAULT NULL,
  `last_updated` datetime(6) NOT NULL,
  `activity_id` bigint NOT NULL,
  `stage_id` bigint NOT NULL,
  PRIMARY KEY (`id`),
  UNIQUE KEY `activity_duration_metrics_activity_id_stage_id_7574a410_uniq` (`activity_id`,`stage_id`),
  KEY `activity_du_activit_444351_idx` (`activity_id`),
  KEY `activity_du_stage_i_98cff4_idx` (`stage_id`),
  CONSTRAINT `activity_duration_metrics_activity_id_7dcea142_fk_activities_id` FOREIGN KEY (`activity_id`) REFERENCES `activities` (`id`),
  CONSTRAINT `activity_duration_metrics_stage_id_6cb769df_fk_stages_id` FOREIGN KEY (`stage_id`) REFERENCES `stages` (`id`)
) ENGINE=InnoDB AUTO_INCREMENT=9 DEFAULT CHARSET=utf8mb4 COLLATE=utf8mb4_unicode_ci;
/*!40101 SET character_set_client = @saved_cs_client */;

--
-- Dumping data for table `activity_duration_metrics`
--

LOCK TABLES `activity_duration_metrics` WRITE;
/*!40000 ALTER TABLE `activity_duration_metrics` DISABLE KEYS */;
INSERT INTO `activity_duration_metrics` VALUES (1,80,537318.7017070001,6716.483771337502,3.874412,89143.403845,'2026-05-12 13:20:14.478479',2,1),(2,14,186.63155700000002,13.330825500000001,4.115492,35.330561,'2026-05-11 19:36:28.070524',1,1),(3,40,10160.644541999998,254.01611354999994,12.009422,1393.392175,'2026-05-12 13:29:04.355435',3,2),(4,18,684.8854859999999,38.04919366666666,3.590368,237.93365,'2026-05-12 13:33:02.319235',5,2),(5,10,5237.286991,523.7286991,5.89826,1642.139818,'2026-05-12 13:36:31.470828',6,3),(6,21,1791.270547,85.29859747619048,4.846623,263.83494,'2026-05-12 13:37:42.449340',7,4),(7,11,1266.5849910000002,115.1440900909091,15.50914,235.802706,'2026-05-12 13:38:53.257592',8,4),(8,109,1783.2533720000015,16.360122678899096,-114.945709,327.869594,'2026-05-12 13:26:01.678855',9,1);
/*!40000 ALTER TABLE `activity_duration_metrics` ENABLE KEYS */;
UNLOCK TABLES;

--
-- Table structure for table `activity_types`
--

DROP TABLE IF EXISTS `activity_types`;
/*!40101 SET @saved_cs_client     = @@character_set_client */;
/*!50503 SET character_set_client = utf8mb4 */;
CREATE TABLE `activity_types` (
  `id` bigint NOT NULL AUTO_INCREMENT,
  `code` varchar(50) CHARACTER SET utf8mb4 COLLATE utf8mb4_unicode_ci NOT NULL,
  `name` varchar(100) CHARACTER SET utf8mb4 COLLATE utf8mb4_unicode_ci NOT NULL,
  `description` longtext CHARACTER SET utf8mb4 COLLATE utf8mb4_unicode_ci,
  `is_active` tinyint(1) NOT NULL,
  `created_at` datetime(6) NOT NULL,
  `updated_at` datetime(6) NOT NULL,
  PRIMARY KEY (`id`),
  UNIQUE KEY `code` (`code`),
  KEY `activity_ty_code_0cb432_idx` (`code`)
) ENGINE=InnoDB AUTO_INCREMENT=10 DEFAULT CHARSET=utf8mb4 COLLATE=utf8mb4_unicode_ci;
/*!40101 SET character_set_client = @saved_cs_client */;

--
-- Dumping data for table `activity_types`
--

LOCK TABLES `activity_types` WRITE;
/*!40000 ALTER TABLE `activity_types` DISABLE KEYS */;
INSERT INTO `activity_types` VALUES (1,'instructivo','Instructivo','Instructivo del juego',1,'2026-04-14 14:15:15.110532','2026-04-14 14:15:15.110589'),(2,'personalizacion','Personalización','Actividad de personalización de equipos',1,'2026-04-14 23:25:49.623234','2026-04-14 23:25:49.623253'),(3,'','Interactiva','Actividad interactiva',1,'2025-11-04 23:19:09.732000','2025-11-04 23:19:09.732000'),(4,'prototipo','Subida de Prototipo','Actividad para subir imagen del prototipo físico construido',1,'2025-11-05 02:28:51.612000','2025-11-05 02:28:51.612000'),(5,'formulario_pitch','Formulario de Pitch','Actividad para completar el formulario del pitch con intro-problema, solución y cierre',1,'2025-11-05 05:28:59.078000','2025-11-05 05:28:59.078000'),(6,'presentacion_pitch','Presentación del Pitch','Actividad para presentar el pitch y evaluar a otros equipos',1,'2025-11-05 05:28:59.089000','2025-11-05 05:28:59.089000'),(8,'video_institucional','Video Institucional','Video institucional de la universidad',1,'2025-12-01 21:30:26.175703','2025-12-01 21:30:26.175703'),(9,'minijuego','Minijuego','Actividades de minijuegos y presentación',1,'2026-04-17 13:30:07.216337','2026-04-17 13:30:07.216391');
/*!40000 ALTER TABLE `activity_types` ENABLE KEYS */;
UNLOCK TABLES;

--
-- Table structure for table `administrators`
--

DROP TABLE IF EXISTS `administrators`;
/*!40101 SET @saved_cs_client     = @@character_set_client */;
/*!50503 SET character_set_client = utf8mb4 */;
CREATE TABLE `administrators` (
  `id` bigint NOT NULL AUTO_INCREMENT,
  `is_super_admin` tinyint(1) NOT NULL,
  `created_at` datetime(6) NOT NULL,
  `updated_at` datetime(6) NOT NULL,
  `user_id` int NOT NULL,
  PRIMARY KEY (`id`),
  UNIQUE KEY `user_id` (`user_id`),
  KEY `administrat_user_id_20df6f_idx` (`user_id`),
  CONSTRAINT `administrators_user_id_5ff75f06_fk_auth_user_id` FOREIGN KEY (`user_id`) REFERENCES `auth_user` (`id`)
) ENGINE=InnoDB AUTO_INCREMENT=3 DEFAULT CHARSET=utf8mb4 COLLATE=utf8mb4_unicode_ci;
/*!40101 SET character_set_client = @saved_cs_client */;

--
-- Dumping data for table `administrators`
--

LOCK TABLES `administrators` WRITE;
/*!40000 ALTER TABLE `administrators` DISABLE KEYS */;
INSERT INTO `administrators` VALUES (1,0,'2026-04-10 17:21:24.467136','2026-04-10 17:21:24.467184',1),(2,0,'2026-05-10 20:55:27.836255','2026-05-10 20:55:27.836288',2);
/*!40000 ALTER TABLE `administrators` ENABLE KEYS */;
UNLOCK TABLES;

--
-- Table structure for table `anagram_words`
--

DROP TABLE IF EXISTS `anagram_words`;
/*!40101 SET @saved_cs_client     = @@character_set_client */;
/*!50503 SET character_set_client = utf8mb4 */;
CREATE TABLE `anagram_words` (
  `id` bigint NOT NULL AUTO_INCREMENT,
  `word` varchar(100) CHARACTER SET utf8mb4 COLLATE utf8mb4_unicode_ci NOT NULL,
  `scrambled_word` varchar(100) CHARACTER SET utf8mb4 COLLATE utf8mb4_unicode_ci DEFAULT NULL,
  `is_active` tinyint(1) NOT NULL,
  `created_at` datetime(6) NOT NULL,
  `updated_at` datetime(6) NOT NULL,
  PRIMARY KEY (`id`),
  KEY `anagram_wor_is_acti_e5207d_idx` (`is_active`)
) ENGINE=InnoDB AUTO_INCREMENT=59 DEFAULT CHARSET=utf8mb4 COLLATE=utf8mb4_unicode_ci;
/*!40101 SET character_set_client = @saved_cs_client */;

--
-- Dumping data for table `anagram_words`
--

LOCK TABLES `anagram_words` WRITE;
/*!40000 ALTER TABLE `anagram_words` DISABLE KEYS */;
INSERT INTO `anagram_words` VALUES (1,'EMPRENDIMIENTO','MEIEDNTREINMOP',1,'2025-11-26 14:17:12.882500','2025-11-26 14:17:12.892739'),(2,'INNOVACION','CNIONIAVON',1,'2025-11-26 14:17:12.901740','2025-11-26 14:17:12.906922'),(3,'CREATIVIDAD','DCDARIVTIEA',1,'2025-11-26 14:17:12.913096','2025-11-26 14:17:12.917096'),(4,'LIDERAZGO','ODZIGREAL',1,'2025-11-26 14:17:12.922281','2025-11-26 14:17:12.926277'),(5,'EQUIPO','PIQOUE',1,'2025-11-26 14:17:12.930279','2025-11-26 14:17:12.934521'),(6,'NEGOCIO','GCONEIO',1,'2025-11-26 14:17:12.938525','2025-11-26 14:17:12.942684'),(7,'CLIENTE','NILTECE',1,'2025-11-26 14:17:12.947682','2025-11-26 14:17:12.951685'),(8,'PRODUCTO','TUOCROPD',1,'2025-11-26 14:17:12.957865','2025-11-26 14:17:12.961865'),(9,'VENTA','TENVA',1,'2025-11-26 14:17:12.966099','2025-11-26 14:17:12.970099'),(10,'MARKETING','EGRMIAKNT',1,'2025-11-26 14:17:12.974290','2025-11-26 14:17:12.978290'),(11,'ESTRATEGIA','ATIEEAGSRT',1,'2025-11-26 14:17:12.983454','2025-11-26 14:17:12.987456'),(12,'PLANIFICACION','FNNPOICCAILAI',1,'2025-11-26 14:17:12.992455','2025-11-26 14:17:12.996459'),(13,'OBJETIVO','VIOBEJTO',1,'2025-11-26 14:17:13.002454','2025-11-26 14:17:13.006110'),(14,'META','ETAM',1,'2025-11-26 14:17:13.012458','2025-11-26 14:17:13.016457'),(15,'RESULTADO','TRUDLESOA',1,'2025-11-26 14:17:13.021455','2025-11-26 14:17:13.024717'),(16,'COMPETENCIA','TIEAEMOCCNP',1,'2025-11-26 14:17:13.029717','2025-11-26 14:17:13.033311'),(17,'MERCADO','DEROMAC',1,'2025-11-26 14:17:13.038304','2025-11-26 14:17:13.042486'),(18,'OPORTUNIDAD','DRNOIPOTUDA',1,'2025-11-26 14:17:13.048486','2025-11-26 14:17:13.053688'),(19,'RIESGO','RSOEIG',1,'2025-11-26 14:17:13.058687','2025-11-26 14:17:13.063091'),(20,'EXITO','IETXO',1,'2025-11-26 14:17:13.069093','2025-11-26 14:17:13.073520'),(21,'FRACASO','FASCARO',1,'2025-11-26 14:17:13.078518','2025-11-26 14:17:13.082521'),(22,'APRENDIZAJE','RZANPEEJIDA',1,'2025-11-26 14:17:13.087534','2025-11-26 14:17:13.091968'),(23,'EXPERIENCIA','REAEXINCIPE',1,'2025-11-26 14:17:13.096968','2025-11-26 14:17:13.101971'),(24,'CONOCIMIENTO','NMCIOIONEOTC',1,'2025-11-26 14:17:13.106967','2025-11-26 14:17:13.110966'),(25,'HABILIDAD','AAILDHIDB',1,'2025-11-26 14:17:13.115172','2025-11-26 14:17:13.120172'),(26,'COMUNICACION','OMUICCNAINOC',1,'2025-11-26 14:17:13.124384','2025-11-26 14:17:13.128387'),(27,'COLABORACION','BROAAIOLCNCO',1,'2025-11-26 14:17:13.132791','2025-11-26 14:17:13.136785'),(28,'TRABAJO','JARTBAO',1,'2025-11-26 14:17:13.141785','2025-11-26 14:17:13.146136'),(29,'PROYECTO','CEORTYOP',1,'2025-11-26 14:17:13.150134','2025-11-26 14:17:13.154284'),(30,'SOLUCION','NLOUICSO',1,'2025-11-26 14:17:13.158285','2025-11-26 14:17:13.162432'),(31,'PROBLEMA','AMORLPBE',1,'2025-11-26 14:17:13.166441','2025-11-26 14:17:13.170443'),(32,'DESAFIO','DSEIOAF',1,'2025-11-26 14:17:13.174766','2025-11-26 14:17:13.178766'),(33,'RETO','REOT',1,'2025-11-26 14:17:13.183295','2025-11-26 14:17:13.187296'),(34,'MOTIVACION','TIIOOCMNAV',1,'2025-11-26 14:17:13.192457','2025-11-26 14:17:13.197459'),(35,'PASION','ISNAOP',1,'2025-11-26 14:17:13.201462','2025-11-26 14:17:13.206653'),(36,'VISION','NSIOVI',1,'2025-11-26 14:17:13.210653','2025-11-26 14:17:13.214651'),(37,'MISION','IISOMN',1,'2025-11-26 14:17:13.219654','2025-11-26 14:17:13.223651'),(38,'VALORES','ERSOLAV',1,'2025-11-26 14:17:13.228652','2025-11-26 14:17:13.232654'),(39,'CULTURA','LARCTUU',1,'2025-11-26 14:17:13.237654','2025-11-26 14:17:13.241652'),(40,'ORGANIZACION','ONCIANZAORGI',1,'2025-11-26 14:17:13.246653','2025-11-26 14:17:13.250654'),(41,'ADMINISTRACION','AMIOTNDNACIISR',1,'2025-11-26 14:17:13.255653','2025-11-26 14:17:13.258656'),(42,'GESTION','TNEISGO',1,'2025-11-26 14:17:13.263654','2025-11-26 14:17:13.267652'),(43,'DIRECCION','CRDCEOINI',1,'2025-11-26 14:17:13.272652','2025-11-26 14:17:13.276656'),(44,'SUPERVISION','SSINURIPVEO',1,'2025-11-26 14:17:13.281654','2025-11-26 14:17:13.285657'),(45,'COORDINACION','OODOINCIARNC',1,'2025-11-26 14:17:13.290653','2025-11-26 14:17:13.294651'),(46,'EJECUCION','UCNJEIOCE',1,'2025-11-26 14:17:13.299657','2025-11-26 14:17:13.303653'),(47,'EVALUACION','ACVNILAEUO',1,'2025-11-26 14:17:13.307654','2025-11-26 14:17:13.311654'),(48,'MEJORA','RMAOJE',1,'2025-11-26 14:17:13.316652','2025-11-26 14:17:13.319657'),(49,'OPTIMIZACION','ONCZPTIOIMAI',1,'2025-11-26 14:17:13.324651','2025-11-26 14:17:13.328654'),(50,'CAMALEON','OECMALNA',1,'2025-11-29 18:47:13.466192','2025-11-29 18:47:13.466192'),(51,'empresa','RMSEPAE',1,'2026-05-11 19:50:11.010219','2026-05-11 19:50:11.010278'),(52,'impacto','TCOIAMP',1,'2026-05-11 19:50:11.024552','2026-05-11 19:50:11.024642'),(53,'usuario','OUISUAR',1,'2026-05-11 19:50:11.030872','2026-05-11 19:50:11.030900'),(54,'capital','TIAPLAC',1,'2026-05-11 19:50:11.036685','2026-05-11 19:50:11.036711'),(55,'startup','AUTPSTR',1,'2026-05-11 19:50:11.043482','2026-05-11 19:50:11.043505'),(56,'recursos','RCRUSSOE',1,'2026-05-11 19:50:11.049550','2026-05-11 19:50:11.049572'),(57,'servicio','ROISCEVI',1,'2026-05-11 19:50:11.058026','2026-05-11 19:50:11.058070'),(58,'valor','OVRLA',1,'2026-05-11 19:50:11.064383','2026-05-11 19:50:11.064407');
/*!40000 ALTER TABLE `anagram_words` ENABLE KEYS */;
UNLOCK TABLES;

--
-- Table structure for table `auth_group`
--

DROP TABLE IF EXISTS `auth_group`;
/*!40101 SET @saved_cs_client     = @@character_set_client */;
/*!50503 SET character_set_client = utf8mb4 */;
CREATE TABLE `auth_group` (
  `id` int NOT NULL AUTO_INCREMENT,
  `name` varchar(150) CHARACTER SET utf8mb4 COLLATE utf8mb4_unicode_ci NOT NULL,
  PRIMARY KEY (`id`),
  UNIQUE KEY `name` (`name`)
) ENGINE=InnoDB DEFAULT CHARSET=utf8mb4 COLLATE=utf8mb4_unicode_ci;
/*!40101 SET character_set_client = @saved_cs_client */;

--
-- Dumping data for table `auth_group`
--

LOCK TABLES `auth_group` WRITE;
/*!40000 ALTER TABLE `auth_group` DISABLE KEYS */;
/*!40000 ALTER TABLE `auth_group` ENABLE KEYS */;
UNLOCK TABLES;

--
-- Table structure for table `auth_group_permissions`
--

DROP TABLE IF EXISTS `auth_group_permissions`;
/*!40101 SET @saved_cs_client     = @@character_set_client */;
/*!50503 SET character_set_client = utf8mb4 */;
CREATE TABLE `auth_group_permissions` (
  `id` bigint NOT NULL AUTO_INCREMENT,
  `group_id` int NOT NULL,
  `permission_id` int NOT NULL,
  PRIMARY KEY (`id`),
  UNIQUE KEY `auth_group_permissions_group_id_permission_id_0cd325b0_uniq` (`group_id`,`permission_id`),
  KEY `auth_group_permissio_permission_id_84c5c92e_fk_auth_perm` (`permission_id`),
  CONSTRAINT `auth_group_permissio_permission_id_84c5c92e_fk_auth_perm` FOREIGN KEY (`permission_id`) REFERENCES `auth_permission` (`id`),
  CONSTRAINT `auth_group_permissions_group_id_b120cbf9_fk_auth_group_id` FOREIGN KEY (`group_id`) REFERENCES `auth_group` (`id`)
) ENGINE=InnoDB DEFAULT CHARSET=utf8mb4 COLLATE=utf8mb4_unicode_ci;
/*!40101 SET character_set_client = @saved_cs_client */;

--
-- Dumping data for table `auth_group_permissions`
--

LOCK TABLES `auth_group_permissions` WRITE;
/*!40000 ALTER TABLE `auth_group_permissions` DISABLE KEYS */;
/*!40000 ALTER TABLE `auth_group_permissions` ENABLE KEYS */;
UNLOCK TABLES;

--
-- Table structure for table `auth_permission`
--

DROP TABLE IF EXISTS `auth_permission`;
/*!40101 SET @saved_cs_client     = @@character_set_client */;
/*!50503 SET character_set_client = utf8mb4 */;
CREATE TABLE `auth_permission` (
  `id` int NOT NULL AUTO_INCREMENT,
  `name` varchar(255) CHARACTER SET utf8mb4 COLLATE utf8mb4_unicode_ci NOT NULL,
  `content_type_id` int NOT NULL,
  `codename` varchar(100) CHARACTER SET utf8mb4 COLLATE utf8mb4_unicode_ci NOT NULL,
  PRIMARY KEY (`id`),
  UNIQUE KEY `auth_permission_content_type_id_codename_01ab375a_uniq` (`content_type_id`,`codename`),
  CONSTRAINT `auth_permission_content_type_id_2f476e4b_fk_django_co` FOREIGN KEY (`content_type_id`) REFERENCES `django_content_type` (`id`)
) ENGINE=InnoDB AUTO_INCREMENT=189 DEFAULT CHARSET=utf8mb4 COLLATE=utf8mb4_unicode_ci;
/*!40101 SET character_set_client = @saved_cs_client */;

--
-- Dumping data for table `auth_permission`
--

LOCK TABLES `auth_permission` WRITE;
/*!40000 ALTER TABLE `auth_permission` DISABLE KEYS */;
INSERT INTO `auth_permission` VALUES (1,'Can add log entry',1,'add_logentry'),(2,'Can change log entry',1,'change_logentry'),(3,'Can delete log entry',1,'delete_logentry'),(4,'Can view log entry',1,'view_logentry'),(5,'Can add permission',2,'add_permission'),(6,'Can change permission',2,'change_permission'),(7,'Can delete permission',2,'delete_permission'),(8,'Can view permission',2,'view_permission'),(9,'Can add group',3,'add_group'),(10,'Can change group',3,'change_group'),(11,'Can delete group',3,'delete_group'),(12,'Can view group',3,'view_group'),(13,'Can add user',4,'add_user'),(14,'Can change user',4,'change_user'),(15,'Can delete user',4,'delete_user'),(16,'Can view user',4,'view_user'),(17,'Can add content type',5,'add_contenttype'),(18,'Can change content type',5,'change_contenttype'),(19,'Can delete content type',5,'delete_contenttype'),(20,'Can view content type',5,'view_contenttype'),(21,'Can add session',6,'add_session'),(22,'Can change session',6,'change_session'),(23,'Can delete session',6,'delete_session'),(24,'Can view session',6,'view_session'),(25,'Can add access attempt',7,'add_accessattempt'),(26,'Can change access attempt',7,'change_accessattempt'),(27,'Can delete access attempt',7,'delete_accessattempt'),(28,'Can view access attempt',7,'view_accessattempt'),(29,'Can add access log',8,'add_accesslog'),(30,'Can change access log',8,'change_accesslog'),(31,'Can delete access log',8,'delete_accesslog'),(32,'Can view access log',8,'view_accesslog'),(33,'Can add access failure',9,'add_accessfailurelog'),(34,'Can change access failure',9,'change_accessfailurelog'),(35,'Can delete access failure',9,'delete_accessfailurelog'),(36,'Can view access failure',9,'view_accessfailurelog'),(37,'Can add Estudiante',10,'add_student'),(38,'Can change Estudiante',10,'change_student'),(39,'Can delete Estudiante',10,'delete_student'),(40,'Can view Estudiante',10,'view_student'),(41,'Can add Administrador',11,'add_administrator'),(42,'Can change Administrador',11,'change_administrator'),(43,'Can delete Administrador',11,'delete_administrator'),(44,'Can view Administrador',11,'view_administrator'),(45,'Can add Profesor',12,'add_professor'),(46,'Can change Profesor',12,'change_professor'),(47,'Can delete Profesor',12,'delete_professor'),(48,'Can view Profesor',12,'view_professor'),(49,'Can add Código de Acceso de Profesor',13,'add_professoraccesscode'),(50,'Can change Código de Acceso de Profesor',13,'change_professoraccesscode'),(51,'Can delete Código de Acceso de Profesor',13,'delete_professoraccesscode'),(52,'Can view Código de Acceso de Profesor',13,'view_professoraccesscode'),(53,'Can add Facultad',14,'add_faculty'),(54,'Can change Facultad',14,'change_faculty'),(55,'Can delete Facultad',14,'delete_faculty'),(56,'Can view Facultad',14,'view_faculty'),(57,'Can add Carrera',15,'add_career'),(58,'Can change Carrera',15,'change_career'),(59,'Can delete Carrera',15,'delete_career'),(60,'Can view Carrera',15,'view_career'),(61,'Can add Curso',16,'add_course'),(62,'Can change Curso',16,'change_course'),(63,'Can delete Curso',16,'delete_course'),(64,'Can view Curso',16,'view_course'),(65,'Can add Equipo',17,'add_team'),(66,'Can change Equipo',17,'change_team'),(67,'Can delete Equipo',17,'delete_team'),(68,'Can view Equipo',17,'view_team'),(69,'Can add Sesión de Juego',18,'add_gamesession'),(70,'Can change Sesión de Juego',18,'change_gamesession'),(71,'Can delete Sesión de Juego',18,'delete_gamesession'),(72,'Can view Sesión de Juego',18,'view_gamesession'),(73,'Can add Etapa de Sesión',19,'add_sessionstage'),(74,'Can change Etapa de Sesión',19,'change_sessionstage'),(75,'Can delete Etapa de Sesión',19,'delete_sessionstage'),(76,'Can view Etapa de Sesión',19,'view_sessionstage'),(77,'Can add Tablet',20,'add_tablet'),(78,'Can change Tablet',20,'change_tablet'),(79,'Can delete Tablet',20,'delete_tablet'),(80,'Can view Tablet',20,'view_tablet'),(81,'Can add Personalización del Equipo',21,'add_teampersonalization'),(82,'Can change Personalización del Equipo',21,'change_teampersonalization'),(83,'Can delete Personalización del Equipo',21,'delete_teampersonalization'),(84,'Can view Personalización del Equipo',21,'view_teampersonalization'),(85,'Can add Conexión de Tablet',22,'add_tabletconnection'),(86,'Can change Conexión de Tablet',22,'change_tabletconnection'),(87,'Can delete Conexión de Tablet',22,'delete_tabletconnection'),(88,'Can view Conexión de Tablet',22,'view_tabletconnection'),(89,'Can add Evaluación Peer',23,'add_peerevaluation'),(90,'Can change Evaluación Peer',23,'change_peerevaluation'),(91,'Can delete Evaluación Peer',23,'delete_peerevaluation'),(92,'Can view Evaluación Peer',23,'view_peerevaluation'),(93,'Can add Progreso de Actividad del Equipo',24,'add_teamactivityprogress'),(94,'Can change Progreso de Actividad del Equipo',24,'change_teamactivityprogress'),(95,'Can delete Progreso de Actividad del Equipo',24,'delete_teamactivityprogress'),(96,'Can view Progreso de Actividad del Equipo',24,'view_teamactivityprogress'),(97,'Can add Asignación de Reto de Ruleta',25,'add_teamrouletteassignment'),(98,'Can change Asignación de Reto de Ruleta',25,'change_teamrouletteassignment'),(99,'Can delete Asignación de Reto de Ruleta',25,'delete_teamrouletteassignment'),(100,'Can view Asignación de Reto de Ruleta',25,'view_teamrouletteassignment'),(101,'Can add team student',26,'add_teamstudent'),(102,'Can change team student',26,'change_teamstudent'),(103,'Can delete team student',26,'delete_teamstudent'),(104,'Can view team student',26,'view_teamstudent'),(105,'Can add Transacción de Tokens',27,'add_tokentransaction'),(106,'Can change Transacción de Tokens',27,'change_tokentransaction'),(107,'Can delete Transacción de Tokens',27,'delete_tokentransaction'),(108,'Can view Transacción de Tokens',27,'view_tokentransaction'),(109,'Can add Bubble Map del Equipo',28,'add_teambubblemap'),(110,'Can change Bubble Map del Equipo',28,'change_teambubblemap'),(111,'Can delete Bubble Map del Equipo',28,'delete_teambubblemap'),(112,'Can view Bubble Map del Equipo',28,'view_teambubblemap'),(113,'Can add Evaluación de Reflexión',29,'add_reflectionevaluation'),(114,'Can change Evaluación de Reflexión',29,'change_reflectionevaluation'),(115,'Can delete Evaluación de Reflexión',29,'delete_reflectionevaluation'),(116,'Can view Evaluación de Reflexión',29,'view_reflectionevaluation'),(117,'Can add Grupo de Sesiones',30,'add_sessiongroup'),(118,'Can change Grupo de Sesiones',30,'change_sessiongroup'),(119,'Can delete Grupo de Sesiones',30,'delete_sessiongroup'),(120,'Can view Grupo de Sesiones',30,'view_sessiongroup'),(121,'Can add Tipo de Actividad',31,'add_activitytype'),(122,'Can change Tipo de Actividad',31,'change_activitytype'),(123,'Can delete Tipo de Actividad',31,'delete_activitytype'),(124,'Can view Tipo de Actividad',31,'view_activitytype'),(125,'Can add Minijuego',32,'add_minigame'),(126,'Can change Minijuego',32,'change_minigame'),(127,'Can delete Minijuego',32,'delete_minigame'),(128,'Can view Minijuego',32,'view_minigame'),(129,'Can add Reto de Ruleta',33,'add_roulettechallenge'),(130,'Can change Reto de Ruleta',33,'change_roulettechallenge'),(131,'Can delete Reto de Ruleta',33,'delete_roulettechallenge'),(132,'Can view Reto de Ruleta',33,'view_roulettechallenge'),(133,'Can add Etapa',34,'add_stage'),(134,'Can change Etapa',34,'change_stage'),(135,'Can delete Etapa',34,'delete_stage'),(136,'Can view Etapa',34,'view_stage'),(137,'Can add Tema',35,'add_topic'),(138,'Can change Tema',35,'change_topic'),(139,'Can delete Tema',35,'delete_topic'),(140,'Can view Tema',35,'view_topic'),(141,'Can add Desafío',36,'add_challenge'),(142,'Can change Desafío',36,'change_challenge'),(143,'Can delete Desafío',36,'delete_challenge'),(144,'Can view Desafío',36,'view_challenge'),(145,'Can add Objetivo de Aprendizaje',37,'add_learningobjective'),(146,'Can change Objetivo de Aprendizaje',37,'change_learningobjective'),(147,'Can delete Objetivo de Aprendizaje',37,'delete_learningobjective'),(148,'Can view Objetivo de Aprendizaje',37,'view_learningobjective'),(149,'Can add Actividad',38,'add_activity'),(150,'Can change Actividad',38,'change_activity'),(151,'Can delete Actividad',38,'delete_activity'),(152,'Can view Actividad',38,'view_activity'),(153,'Can add Opción de Sopa de Letras',39,'add_wordsearchoption'),(154,'Can change Opción de Sopa de Letras',39,'change_wordsearchoption'),(155,'Can delete Opción de Sopa de Letras',39,'delete_wordsearchoption'),(156,'Can view Opción de Sopa de Letras',39,'view_wordsearchoption'),(157,'Can add Palabra de Anagrama',40,'add_anagramword'),(158,'Can change Palabra de Anagrama',40,'change_anagramword'),(159,'Can delete Palabra de Anagrama',40,'delete_anagramword'),(160,'Can view Palabra de Anagrama',40,'view_anagramword'),(161,'Can add Pregunta del Caos',41,'add_chaosquestion'),(162,'Can change Pregunta del Caos',41,'change_chaosquestion'),(163,'Can delete Pregunta del Caos',41,'delete_chaosquestion'),(164,'Can view Pregunta del Caos',41,'view_chaosquestion'),(165,'Can add Pregunta de Conocimiento General',42,'add_generalknowledgequestion'),(166,'Can change Pregunta de Conocimiento General',42,'change_generalknowledgequestion'),(167,'Can delete Pregunta de Conocimiento General',42,'delete_generalknowledgequestion'),(168,'Can view Pregunta de Conocimiento General',42,'view_generalknowledgequestion'),(169,'Can add Métrica de Duración de Actividad',43,'add_activitydurationmetric'),(170,'Can change Métrica de Duración de Actividad',43,'change_activitydurationmetric'),(171,'Can delete Métrica de Duración de Actividad',43,'delete_activitydurationmetric'),(172,'Can view Métrica de Duración de Actividad',43,'view_activitydurationmetric'),(173,'Can add Métrica de Selección de Desafío',44,'add_challengeselectionmetric'),(174,'Can change Métrica de Selección de Desafío',44,'change_challengeselectionmetric'),(175,'Can delete Métrica de Selección de Desafío',44,'delete_challengeselectionmetric'),(176,'Can view Métrica de Selección de Desafío',44,'view_challengeselectionmetric'),(177,'Can add Snapshot Diario de Métricas',45,'add_dailymetricssnapshot'),(178,'Can change Snapshot Diario de Métricas',45,'change_dailymetricssnapshot'),(179,'Can delete Snapshot Diario de Métricas',45,'delete_dailymetricssnapshot'),(180,'Can view Snapshot Diario de Métricas',45,'view_dailymetricssnapshot'),(181,'Can add Métrica de Duración de Etapa',46,'add_stagedurationmetric'),(182,'Can change Métrica de Duración de Etapa',46,'change_stagedurationmetric'),(183,'Can delete Métrica de Duración de Etapa',46,'delete_stagedurationmetric'),(184,'Can view Métrica de Duración de Etapa',46,'view_stagedurationmetric'),(185,'Can add Métrica de Selección de Tema',47,'add_topicselectionmetric'),(186,'Can change Métrica de Selección de Tema',47,'change_topicselectionmetric'),(187,'Can delete Métrica de Selección de Tema',47,'delete_topicselectionmetric'),(188,'Can view Métrica de Selección de Tema',47,'view_topicselectionmetric');
/*!40000 ALTER TABLE `auth_permission` ENABLE KEYS */;
UNLOCK TABLES;

--
-- Table structure for table `auth_user`
--

DROP TABLE IF EXISTS `auth_user`;
/*!40101 SET @saved_cs_client     = @@character_set_client */;
/*!50503 SET character_set_client = utf8mb4 */;
CREATE TABLE `auth_user` (
  `id` int NOT NULL AUTO_INCREMENT,
  `password` varchar(128) CHARACTER SET utf8mb4 COLLATE utf8mb4_unicode_ci NOT NULL,
  `last_login` datetime(6) DEFAULT NULL,
  `is_superuser` tinyint(1) NOT NULL,
  `username` varchar(150) CHARACTER SET utf8mb4 COLLATE utf8mb4_unicode_ci NOT NULL,
  `first_name` varchar(150) CHARACTER SET utf8mb4 COLLATE utf8mb4_unicode_ci NOT NULL,
  `last_name` varchar(150) CHARACTER SET utf8mb4 COLLATE utf8mb4_unicode_ci NOT NULL,
  `email` varchar(254) CHARACTER SET utf8mb4 COLLATE utf8mb4_unicode_ci NOT NULL,
  `is_staff` tinyint(1) NOT NULL,
  `is_active` tinyint(1) NOT NULL,
  `date_joined` datetime(6) NOT NULL,
  PRIMARY KEY (`id`),
  UNIQUE KEY `username` (`username`)
) ENGINE=InnoDB AUTO_INCREMENT=3 DEFAULT CHARSET=utf8mb4 COLLATE=utf8mb4_unicode_ci;
/*!40101 SET character_set_client = @saved_cs_client */;

--
-- Dumping data for table `auth_user`
--

LOCK TABLES `auth_user` WRITE;
/*!40000 ALTER TABLE `auth_user` DISABLE KEYS */;
INSERT INTO `auth_user` VALUES (1,'pbkdf2_sha256$720000$efHLIL5bHKibqeYZkxWR4t$Iz/Wk2mKwkV8gehWMLlhdBb7zp6PGDipOQVj0EuJ8Zs=','2026-04-16 02:06:16.301820',1,'agu@udd.cl','','','',1,1,'2026-04-10 17:21:24.131445'),(2,'pbkdf2_sha256$720000$VUb1kXtnNmUTtWBofPzVFP$hvvOWTA0zNV4COxkwtwhsAfdAH0i4pqZGLTI8eAdujQ=','2026-05-10 20:55:40.257545',1,'Lucruxs','','','lucruxs@udd.cl',1,1,'2026-05-10 20:55:27.597392');
/*!40000 ALTER TABLE `auth_user` ENABLE KEYS */;
UNLOCK TABLES;

--
-- Table structure for table `auth_user_groups`
--

DROP TABLE IF EXISTS `auth_user_groups`;
/*!40101 SET @saved_cs_client     = @@character_set_client */;
/*!50503 SET character_set_client = utf8mb4 */;
CREATE TABLE `auth_user_groups` (
  `id` bigint NOT NULL AUTO_INCREMENT,
  `user_id` int NOT NULL,
  `group_id` int NOT NULL,
  PRIMARY KEY (`id`),
  UNIQUE KEY `auth_user_groups_user_id_group_id_94350c0c_uniq` (`user_id`,`group_id`),
  KEY `auth_user_groups_group_id_97559544_fk_auth_group_id` (`group_id`),
  CONSTRAINT `auth_user_groups_group_id_97559544_fk_auth_group_id` FOREIGN KEY (`group_id`) REFERENCES `auth_group` (`id`),
  CONSTRAINT `auth_user_groups_user_id_6a12ed8b_fk_auth_user_id` FOREIGN KEY (`user_id`) REFERENCES `auth_user` (`id`)
) ENGINE=InnoDB DEFAULT CHARSET=utf8mb4 COLLATE=utf8mb4_unicode_ci;
/*!40101 SET character_set_client = @saved_cs_client */;

--
-- Dumping data for table `auth_user_groups`
--

LOCK TABLES `auth_user_groups` WRITE;
/*!40000 ALTER TABLE `auth_user_groups` DISABLE KEYS */;
/*!40000 ALTER TABLE `auth_user_groups` ENABLE KEYS */;
UNLOCK TABLES;

--
-- Table structure for table `auth_user_user_permissions`
--

DROP TABLE IF EXISTS `auth_user_user_permissions`;
/*!40101 SET @saved_cs_client     = @@character_set_client */;
/*!50503 SET character_set_client = utf8mb4 */;
CREATE TABLE `auth_user_user_permissions` (
  `id` bigint NOT NULL AUTO_INCREMENT,
  `user_id` int NOT NULL,
  `permission_id` int NOT NULL,
  PRIMARY KEY (`id`),
  UNIQUE KEY `auth_user_user_permissions_user_id_permission_id_14a6b632_uniq` (`user_id`,`permission_id`),
  KEY `auth_user_user_permi_permission_id_1fbb5f2c_fk_auth_perm` (`permission_id`),
  CONSTRAINT `auth_user_user_permi_permission_id_1fbb5f2c_fk_auth_perm` FOREIGN KEY (`permission_id`) REFERENCES `auth_permission` (`id`),
  CONSTRAINT `auth_user_user_permissions_user_id_a95ead1b_fk_auth_user_id` FOREIGN KEY (`user_id`) REFERENCES `auth_user` (`id`)
) ENGINE=InnoDB DEFAULT CHARSET=utf8mb4 COLLATE=utf8mb4_unicode_ci;
/*!40101 SET character_set_client = @saved_cs_client */;

--
-- Dumping data for table `auth_user_user_permissions`
--

LOCK TABLES `auth_user_user_permissions` WRITE;
/*!40000 ALTER TABLE `auth_user_user_permissions` DISABLE KEYS */;
/*!40000 ALTER TABLE `auth_user_user_permissions` ENABLE KEYS */;
UNLOCK TABLES;

--
-- Table structure for table `axes_accessattempt`
--

DROP TABLE IF EXISTS `axes_accessattempt`;
/*!40101 SET @saved_cs_client     = @@character_set_client */;
/*!50503 SET character_set_client = utf8mb4 */;
CREATE TABLE `axes_accessattempt` (
  `id` int NOT NULL AUTO_INCREMENT,
  `user_agent` varchar(255) CHARACTER SET utf8mb4 COLLATE utf8mb4_unicode_ci NOT NULL,
  `ip_address` char(39) CHARACTER SET utf8mb4 COLLATE utf8mb4_unicode_ci DEFAULT NULL,
  `username` varchar(255) CHARACTER SET utf8mb4 COLLATE utf8mb4_unicode_ci DEFAULT NULL,
  `http_accept` varchar(1025) CHARACTER SET utf8mb4 COLLATE utf8mb4_unicode_ci NOT NULL,
  `path_info` varchar(255) CHARACTER SET utf8mb4 COLLATE utf8mb4_unicode_ci NOT NULL,
  `attempt_time` datetime(6) NOT NULL,
  `get_data` longtext CHARACTER SET utf8mb4 COLLATE utf8mb4_unicode_ci NOT NULL,
  `post_data` longtext CHARACTER SET utf8mb4 COLLATE utf8mb4_unicode_ci NOT NULL,
  `failures_since_start` int unsigned NOT NULL,
  PRIMARY KEY (`id`),
  UNIQUE KEY `axes_accessattempt_username_ip_address_user_agent_8ea22282_uniq` (`username`,`ip_address`,`user_agent`),
  KEY `axes_accessattempt_ip_address_10922d9c` (`ip_address`),
  KEY `axes_accessattempt_user_agent_ad89678b` (`user_agent`),
  KEY `axes_accessattempt_username_3f2d4ca0` (`username`),
  CONSTRAINT `axes_accessattempt_chk_1` CHECK ((`failures_since_start` >= 0))
) ENGINE=InnoDB AUTO_INCREMENT=2 DEFAULT CHARSET=utf8mb4 COLLATE=utf8mb4_unicode_ci;
/*!40101 SET character_set_client = @saved_cs_client */;

--
-- Dumping data for table `axes_accessattempt`
--

LOCK TABLES `axes_accessattempt` WRITE;
/*!40000 ALTER TABLE `axes_accessattempt` DISABLE KEYS */;
/*!40000 ALTER TABLE `axes_accessattempt` ENABLE KEYS */;
UNLOCK TABLES;

--
-- Table structure for table `axes_accessfailurelog`
--

DROP TABLE IF EXISTS `axes_accessfailurelog`;
/*!40101 SET @saved_cs_client     = @@character_set_client */;
/*!50503 SET character_set_client = utf8mb4 */;
CREATE TABLE `axes_accessfailurelog` (
  `id` int NOT NULL AUTO_INCREMENT,
  `user_agent` varchar(255) CHARACTER SET utf8mb4 COLLATE utf8mb4_unicode_ci NOT NULL,
  `ip_address` char(39) CHARACTER SET utf8mb4 COLLATE utf8mb4_unicode_ci DEFAULT NULL,
  `username` varchar(255) CHARACTER SET utf8mb4 COLLATE utf8mb4_unicode_ci DEFAULT NULL,
  `http_accept` varchar(1025) CHARACTER SET utf8mb4 COLLATE utf8mb4_unicode_ci NOT NULL,
  `path_info` varchar(255) CHARACTER SET utf8mb4 COLLATE utf8mb4_unicode_ci NOT NULL,
  `attempt_time` datetime(6) NOT NULL,
  `locked_out` tinyint(1) NOT NULL,
  PRIMARY KEY (`id`),
  KEY `axes_accessfailurelog_user_agent_ea145dda` (`user_agent`),
  KEY `axes_accessfailurelog_ip_address_2e9f5a7f` (`ip_address`),
  KEY `axes_accessfailurelog_username_a8b7e8a4` (`username`)
) ENGINE=InnoDB DEFAULT CHARSET=utf8mb4 COLLATE=utf8mb4_unicode_ci;
/*!40101 SET character_set_client = @saved_cs_client */;

--
-- Dumping data for table `axes_accessfailurelog`
--

LOCK TABLES `axes_accessfailurelog` WRITE;
/*!40000 ALTER TABLE `axes_accessfailurelog` DISABLE KEYS */;
/*!40000 ALTER TABLE `axes_accessfailurelog` ENABLE KEYS */;
UNLOCK TABLES;

--
-- Table structure for table `axes_accesslog`
--

DROP TABLE IF EXISTS `axes_accesslog`;
/*!40101 SET @saved_cs_client     = @@character_set_client */;
/*!50503 SET character_set_client = utf8mb4 */;
CREATE TABLE `axes_accesslog` (
  `id` int NOT NULL AUTO_INCREMENT,
  `user_agent` varchar(255) CHARACTER SET utf8mb4 COLLATE utf8mb4_unicode_ci NOT NULL,
  `ip_address` char(39) CHARACTER SET utf8mb4 COLLATE utf8mb4_unicode_ci DEFAULT NULL,
  `username` varchar(255) CHARACTER SET utf8mb4 COLLATE utf8mb4_unicode_ci DEFAULT NULL,
  `http_accept` varchar(1025) CHARACTER SET utf8mb4 COLLATE utf8mb4_unicode_ci NOT NULL,
  `path_info` varchar(255) CHARACTER SET utf8mb4 COLLATE utf8mb4_unicode_ci NOT NULL,
  `attempt_time` datetime(6) NOT NULL,
  `logout_time` datetime(6) DEFAULT NULL,
  `session_hash` varchar(64) CHARACTER SET utf8mb4 COLLATE utf8mb4_unicode_ci NOT NULL,
  PRIMARY KEY (`id`),
  KEY `axes_accesslog_ip_address_86b417e5` (`ip_address`),
  KEY `axes_accesslog_user_agent_0e659004` (`user_agent`),
  KEY `axes_accesslog_username_df93064b` (`username`)
) ENGINE=InnoDB AUTO_INCREMENT=3 DEFAULT CHARSET=utf8mb4 COLLATE=utf8mb4_unicode_ci;
/*!40101 SET character_set_client = @saved_cs_client */;

--
-- Dumping data for table `axes_accesslog`
--

LOCK TABLES `axes_accesslog` WRITE;
/*!40000 ALTER TABLE `axes_accesslog` DISABLE KEYS */;
INSERT INTO `axes_accesslog` VALUES (1,'Mozilla/5.0 (Windows NT 10.0; Win64; x64) AppleWebKit/537.36 (KHTML, like Gecko) Chrome/147.0.0.0 Safari/537.36','172.18.0.1','agu@udd.cl','text/html,application/xhtml+xml,application/xml;q=0.9,image/avif,image/webp,image/apng,*/*;q=0.8,application/signed-exchange;v=b3;q=0.7','/admin/login/','2026-04-16 02:06:16.312460',NULL,'b50e9b7665e403247c605e4cfff8b948d4daf16f6d16fbe7b8009234c211aff1'),(2,'Mozilla/5.0 (Windows NT 10.0; Win64; x64) AppleWebKit/537.36 (KHTML, like Gecko) Chrome/148.0.0.0 Safari/537.36 Edg/148.0.0.0','172.18.0.1','Lucruxs','text/html,application/xhtml+xml,application/xml;q=0.9,image/avif,image/webp,image/apng,*/*;q=0.8,application/signed-exchange;v=b3;q=0.7','/admin/login/','2026-05-10 20:55:40.268082',NULL,'7d024fade6ad88493107c50ce9427cb8849793bb796880fc21a06717042df80b');
/*!40000 ALTER TABLE `axes_accesslog` ENABLE KEYS */;
UNLOCK TABLES;

--
-- Table structure for table `careers`
--

DROP TABLE IF EXISTS `careers`;
/*!40101 SET @saved_cs_client     = @@character_set_client */;
/*!50503 SET character_set_client = utf8mb4 */;
CREATE TABLE `careers` (
  `id` bigint NOT NULL AUTO_INCREMENT,
  `name` varchar(200) CHARACTER SET utf8mb4 COLLATE utf8mb4_unicode_ci NOT NULL,
  `code` varchar(50) CHARACTER SET utf8mb4 COLLATE utf8mb4_unicode_ci DEFAULT NULL,
  `is_active` tinyint(1) NOT NULL,
  `created_at` datetime(6) NOT NULL,
  `updated_at` datetime(6) NOT NULL,
  `faculty_id` bigint NOT NULL,
  PRIMARY KEY (`id`),
  UNIQUE KEY `careers_faculty_id_name_c4366f21_uniq` (`faculty_id`,`name`),
  UNIQUE KEY `code` (`code`),
  KEY `careers_faculty_58893f_idx` (`faculty_id`),
  KEY `careers_is_acti_c4cbef_idx` (`is_active`),
  CONSTRAINT `careers_faculty_id_ae4a8821_fk_faculties_id` FOREIGN KEY (`faculty_id`) REFERENCES `faculties` (`id`)
) ENGINE=InnoDB AUTO_INCREMENT=15 DEFAULT CHARSET=utf8mb4 COLLATE=utf8mb4_unicode_ci;
/*!40101 SET character_set_client = @saved_cs_client */;

--
-- Dumping data for table `careers`
--

LOCK TABLES `careers` WRITE;
/*!40000 ALTER TABLE `careers` DISABLE KEYS */;
INSERT INTO `careers` VALUES (1,'Ingeniería Civil en Informática e Innovación Tecnológica',NULL,1,'2026-04-13 00:31:28.312242','2026-04-13 00:31:28.312274',1),(2,'Pedagogía en Educación Básica',NULL,1,'2026-04-14 13:33:46.810945','2026-04-14 13:33:46.810978',2),(3,'Cine y Comunicación Audiovisual',NULL,1,'2026-04-14 13:45:33.548591','2026-04-14 13:45:33.548633',3),(4,'Diseño de Espacios y Objetos',NULL,1,'2026-04-14 14:00:50.022406','2026-04-14 14:00:50.022453',4),(5,'Arquitectura',NULL,1,'2026-04-14 14:11:30.785741','2026-04-14 14:11:30.785795',5),(6,'Derecho',NULL,1,'2026-04-14 14:28:33.350657','2026-04-14 14:28:33.350711',6),(7,'Diseño de Interacción Digital',NULL,1,'2026-04-14 16:54:07.291634','2026-04-14 16:54:07.291682',4),(8,'Publicidad',NULL,1,'2026-04-14 19:17:46.494709','2026-04-14 19:17:46.494731',3),(9,'Periodismo',NULL,1,'2026-04-14 19:32:01.216469','2026-04-14 19:32:01.216512',3),(10,'Diseño Gráfico',NULL,1,'2026-04-14 23:25:14.311062','2026-04-14 23:25:14.311084',4),(11,'Ingeniería Civil en Informática e Inteligencia Artificial',NULL,1,'2026-05-10 21:01:16.899870','2026-05-10 21:01:16.899905',1),(12,'Geología',NULL,1,'2026-05-11 19:34:31.395899','2026-05-11 19:34:31.395932',1),(13,'Ingeniería Comercial',NULL,1,'2026-05-11 23:24:16.874138','2026-05-11 23:24:16.874217',7),(14,'Global Business Administration',NULL,1,'2026-05-12 12:43:29.419588','2026-05-12 12:43:29.419614',7);
/*!40000 ALTER TABLE `careers` ENABLE KEYS */;
UNLOCK TABLES;

--
-- Table structure for table `challenge_selection_metrics`
--

DROP TABLE IF EXISTS `challenge_selection_metrics`;
/*!40101 SET @saved_cs_client     = @@character_set_client */;
/*!50503 SET character_set_client = utf8mb4 */;
CREATE TABLE `challenge_selection_metrics` (
  `id` bigint NOT NULL AUTO_INCREMENT,
  `selection_count` int NOT NULL,
  `avg_tokens_earned` double NOT NULL,
  `last_selected_at` datetime(6) DEFAULT NULL,
  `challenge_id` bigint NOT NULL,
  `topic_id` bigint NOT NULL,
  PRIMARY KEY (`id`),
  UNIQUE KEY `challenge_selection_metrics_challenge_id_0c601301_uniq` (`challenge_id`),
  KEY `challenge_selection_metrics_topic_id_3dc0c55d_fk_topics_id` (`topic_id`),
  CONSTRAINT `challenge_selection__challenge_id_0c601301_fk_challenge` FOREIGN KEY (`challenge_id`) REFERENCES `challenges` (`id`),
  CONSTRAINT `challenge_selection_metrics_topic_id_3dc0c55d_fk_topics_id` FOREIGN KEY (`topic_id`) REFERENCES `topics` (`id`)
) ENGINE=InnoDB AUTO_INCREMENT=5 DEFAULT CHARSET=utf8mb4 COLLATE=utf8mb4_unicode_ci;
/*!40101 SET character_set_client = @saved_cs_client */;

--
-- Dumping data for table `challenge_selection_metrics`
--

LOCK TABLES `challenge_selection_metrics` WRITE;
/*!40000 ALTER TABLE `challenge_selection_metrics` DISABLE KEYS */;
INSERT INTO `challenge_selection_metrics` VALUES (1,20,0,'2026-05-12 12:56:24.297736',4,2),(2,5,0,'2026-05-12 12:28:30.555150',5,2),(3,6,0,'2026-05-12 13:29:04.340769',3,1),(4,4,0,'2026-05-12 13:29:04.370608',2,1);
/*!40000 ALTER TABLE `challenge_selection_metrics` ENABLE KEYS */;
UNLOCK TABLES;

--
-- Table structure for table `challenges`
--

DROP TABLE IF EXISTS `challenges`;
/*!40101 SET @saved_cs_client     = @@character_set_client */;
/*!50503 SET character_set_client = utf8mb4 */;
CREATE TABLE `challenges` (
  `id` bigint NOT NULL AUTO_INCREMENT,
  `title` varchar(200) CHARACTER SET utf8mb4 COLLATE utf8mb4_unicode_ci NOT NULL,
  `difficulty_level` varchar(20) CHARACTER SET utf8mb4 COLLATE utf8mb4_unicode_ci NOT NULL,
  `learning_objectives` longtext CHARACTER SET utf8mb4 COLLATE utf8mb4_unicode_ci,
  `additional_resources` longtext CHARACTER SET utf8mb4 COLLATE utf8mb4_unicode_ci,
  `is_active` tinyint(1) NOT NULL,
  `created_at` datetime(6) NOT NULL,
  `updated_at` datetime(6) NOT NULL,
  `topic_id` bigint NOT NULL,
  `icon` varchar(10) CHARACTER SET utf8mb4 COLLATE utf8mb4_unicode_ci DEFAULT NULL,
  `persona_age` int DEFAULT NULL,
  `persona_name` varchar(100) CHARACTER SET utf8mb4 COLLATE utf8mb4_unicode_ci DEFAULT NULL,
  `persona_story` longtext CHARACTER SET utf8mb4 COLLATE utf8mb4_unicode_ci,
  `description` longtext CHARACTER SET utf8mb4 COLLATE utf8mb4_unicode_ci,
  `persona_image` varchar(100) CHARACTER SET utf8mb4 COLLATE utf8mb4_unicode_ci DEFAULT NULL,
  PRIMARY KEY (`id`),
  KEY `challenges_topic_i_f14e19_idx` (`topic_id`),
  KEY `challenges_difficu_238107_idx` (`difficulty_level`),
  KEY `challenges_is_acti_5318b2_idx` (`is_active`),
  CONSTRAINT `challenges_topic_id_f5b3d705_fk_topics_id` FOREIGN KEY (`topic_id`) REFERENCES `topics` (`id`)
) ENGINE=InnoDB AUTO_INCREMENT=10 DEFAULT CHARSET=utf8mb4 COLLATE=utf8mb4_unicode_ci;
/*!40101 SET character_set_client = @saved_cs_client */;

--
-- Dumping data for table `challenges`
--

LOCK TABLES `challenges` WRITE;
/*!40000 ALTER TABLE `challenges` DISABLE KEYS */;
INSERT INTO `challenges` VALUES (1,'Autogestión de tratamientos','medium','','',1,'2025-11-04 23:30:45.718000','2025-11-17 08:07:58.153589',1,'?',50,'Humberto','Fue dado de alta con indicaciones médicas complejas, pero no entendió qué debía seguir tomando ni a quién acudir si se sentía mal.','Muchos errores médicos y complicaciones surgen al cambiar de un centro de salud a otro, por falta de continuidad y seguimiento personalizado.','personas/perfil-ia-1763366872037.png'),(2,'Obesidad','medium','','',1,'2025-11-04 23:30:45.727000','2025-11-17 08:03:35.132286',1,'⚖️',27,'Simona','Tiene una hija pequeña y trabaja tiempo completo. Sabe que la alimentación es clave, pero no ha podido organizar ni aprender a darle una nutrición buena a su hija.','Más de un 70% de la población en Chile presenta sobrepeso u obesidad (MINSAL). Esta situación se debe múltiples factores, entre ellos la falta de ejercicio y educación nutricional, disponibilidad de productos ultraprocesados y la desinformación.','personas/perfil-ia-1763366608710.png'),(3,'Envejecimiento activo','medium','','',1,'2025-11-04 23:30:45.734000','2025-11-17 07:55:32.568298',1,'?',72,'Juana','Vive sola desde que sus hijos se independizaron. Le gustaría mantenerse activa, pero no conoce programas accesibles que la motiven a hacer ejercicio, socializar y prevenir enfermedades.','La población chilena está envejeciendo rápidamente y muchos adultos mayores enfrentan soledad, pérdida de movilidad y falta de programas de prevención.','personas/persona-profile_6.jpg'),(4,'Educación financiera accesible','medium','','',1,'2025-11-04 23:30:45.753000','2025-11-17 07:53:31.801716',2,'?',22,'Martina','Joven emprendedora de 22 años, vende productos por redes sociales. Aunque gana dinero, no sabe cómo organizarlo ni cuánto debe ahorrar o invertir, lo que lo mantiene en constante inestabilidad.','La ausencia de educación financiera en realidades económicas inestables dificulta la planificación y el uso responsable del dinero.','personas/persona-profile_5.jpg'),(5,'Inicio de vida laboral','medium','','',1,'2025-11-04 23:30:45.760000','2025-11-17 07:51:08.129717',2,'?',23,'Andrés','Acaba de egresar de odontología. Le preocupa no poder trabajar pronto, pero ninguna clínica lo ha llamado porque no tiene experiencia previa.','Muchos estudiantes recién titulados enfrentan barreras para conseguir su primer empleo, ya que se les exige experiencia previa que aún no han podido adquirir.','personas/persona-profile_4.jpg'),(6,'Tecnología adultos mayores','medium','','',1,'2025-11-04 23:30:45.766000','2025-11-17 07:47:53.283466',2,'?',70,'Osvaldo','Es un adulto mayor de 70 años y debe pedir ayuda a sus hijos o nietos cada vez que debe hacer tramites.','El avance tecnológico en los últimos años ha sido incremental. Esto ha beneficiado a múltiples sectores, sin embargo el conocimiento y adaptación para los adultos mayores ha sido una gran dificultad.','personas/persona-profile_3.jpg'),(7,'Contaminación por fast fashion','medium','','',1,'2025-11-04 23:30:45.791000','2025-11-17 07:46:31.242909',3,'?',18,'Gabriela','Estudiante de 18 años que vive cerca de esta zona y debe pasar a diario por lugares con desagradables olores.','La moda rápida ha traído graves consecuencias al medio ambiente. Especialmente en sectores del norte de Chile en donde los vertederos y basurales están afectando el diario vivir de las personas.','personas/persona-profile_2.jpg'),(8,'Acceso al agua en la agricultura','medium','','',1,'2025-11-04 23:30:45.798000','2025-11-17 07:44:09.892309',3,'?',50,'Camila','Agricultora de 50 años que cultiva paltas de exportación, ella está complicada de perder su negocio por la cantidad de agua que debe utilizar.','El agua dulce es un recurso natural fundamental para la vida. Hay zonas rurales en que el agua se ha hecho escasa.','personas/persona-profile_1.jpg'),(9,'Gestión de residuos electrónicos','medium','','',1,'2025-11-04 23:30:45.804000','2025-11-17 07:41:19.185456',3,'♻️',29,'Francisco','Cambió su celular y computador el año pasado, pero no sabe dónde llevar los antiguos dispositivos. Terminó guardándolos en un cajón, como millones de personas que desconocen alternativas de reciclaje.','El aumento del consumo tecnológico ha generado toneladas de desechos electrónicos difíciles de reciclar.','personas/persona-profile.jpg');
/*!40000 ALTER TABLE `challenges` ENABLE KEYS */;
UNLOCK TABLES;

--
-- Table structure for table `chaos_questions`
--

DROP TABLE IF EXISTS `chaos_questions`;
/*!40101 SET @saved_cs_client     = @@character_set_client */;
/*!50503 SET character_set_client = utf8mb4 */;
CREATE TABLE `chaos_questions` (
  `id` bigint NOT NULL AUTO_INCREMENT,
  `question` longtext CHARACTER SET utf8mb4 COLLATE utf8mb4_unicode_ci NOT NULL,
  `is_active` tinyint(1) NOT NULL,
  `created_at` datetime(6) NOT NULL,
  `updated_at` datetime(6) NOT NULL,
  PRIMARY KEY (`id`),
  KEY `chaos_quest_is_acti_ed3ea2_idx` (`is_active`)
) ENGINE=InnoDB AUTO_INCREMENT=52 DEFAULT CHARSET=utf8mb4 COLLATE=utf8mb4_unicode_ci;
/*!40101 SET character_set_client = @saved_cs_client */;

--
-- Dumping data for table `chaos_questions`
--

LOCK TABLES `chaos_questions` WRITE;
/*!40000 ALTER TABLE `chaos_questions` DISABLE KEYS */;
INSERT INTO `chaos_questions` VALUES (1,'¿Cuál es tu mayor miedo al emprender?',1,'2025-11-26 14:17:13.336652','2025-11-26 14:17:13.336652'),(2,'¿Qué te motiva más en la vida?',1,'2025-11-26 14:17:13.341654','2025-11-26 14:17:13.341654'),(3,'¿Cuál es tu superpoder oculto?',1,'2025-11-26 14:17:13.346653','2025-11-26 14:17:13.346653'),(4,'¿Qué harías si tuvieras un millón de dólares?',1,'2025-11-26 14:17:13.351653','2025-11-26 14:17:13.351653'),(5,'¿Cuál es tu comida favorita?',1,'2025-11-26 14:17:13.354901','2025-11-26 14:17:13.355899'),(6,'¿Qué animal te representa mejor y por qué?',1,'2025-11-26 14:17:13.359902','2025-11-26 14:17:13.359902'),(7,'¿Cuál es tu película favorita?',1,'2025-11-26 14:17:13.364085','2025-11-26 14:17:13.364085'),(8,'¿Qué lugar del mundo te gustaría visitar?',1,'2025-11-26 14:17:13.368086','2025-11-26 14:17:13.368086'),(9,'¿Cuál es tu hobby favorito?',1,'2025-11-26 14:17:13.372311','2025-11-26 14:17:13.372311'),(10,'¿Qué te hace reír?',1,'2025-11-26 14:17:13.376312','2025-11-26 14:17:13.376312'),(11,'¿Cuál es tu mayor fortaleza?',1,'2025-11-26 14:17:13.379306','2025-11-26 14:17:13.379306'),(12,'¿Qué te gustaría aprender?',1,'2025-11-26 14:17:13.383486','2025-11-26 14:17:13.383486'),(13,'¿Cuál es tu sueño más grande?',1,'2025-11-26 14:17:13.387641','2025-11-26 14:17:13.387641'),(14,'¿Qué te inspira?',1,'2025-11-26 14:17:13.391644','2025-11-26 14:17:13.391644'),(15,'¿Cuál es tu canción favorita?',1,'2025-11-26 14:17:13.395644','2025-11-26 14:17:13.395644'),(16,'¿Qué te relaja?',1,'2025-11-26 14:17:13.400643','2025-11-26 14:17:13.400643'),(17,'¿Cuál es tu libro favorito?',1,'2025-11-26 14:17:13.404644','2025-11-26 14:17:13.404644'),(18,'¿Qué te enoja?',1,'2025-11-26 14:17:13.408645','2025-11-26 14:17:13.408645'),(19,'¿Cuál es tu mayor logro?',1,'2025-11-26 14:17:13.412641','2025-11-26 14:17:13.412641'),(20,'¿Qué te da miedo?',1,'2025-11-26 14:17:13.416641','2025-11-26 14:17:13.416641'),(21,'¿Cuál es tu color favorito?',1,'2025-11-26 14:17:13.420640','2025-11-26 14:17:13.420640'),(22,'¿Qué te hace feliz?',1,'2025-11-26 14:17:13.424641','2025-11-26 14:17:13.424641'),(23,'¿Cuál es tu estación del año favorita?',1,'2025-11-26 14:17:13.428643','2025-11-26 14:17:13.428643'),(24,'¿Qué te sorprende?',1,'2025-11-26 14:17:13.433650','2025-11-26 14:17:13.433650'),(25,'¿Cuál es tu deporte favorito?',1,'2025-11-26 14:17:13.437644','2025-11-26 14:17:13.437644'),(26,'¿Qué te emociona?',1,'2025-11-26 14:17:13.442643','2025-11-26 14:17:13.442643'),(27,'¿Cuál es tu serie favorita?',1,'2025-11-26 14:17:13.446854','2025-11-26 14:17:13.446854'),(28,'¿Qué te frustra?',1,'2025-11-26 14:17:13.450851','2025-11-26 14:17:13.450851'),(29,'¿Cuál es tu juego favorito?',1,'2025-11-26 14:17:13.455013','2025-11-26 14:17:13.455013'),(30,'¿Qué te apasiona?',1,'2025-11-26 14:17:13.460011','2025-11-26 14:17:13.460011'),(31,'¿Tienes mascotas?',1,'2025-11-29 18:48:01.324585','2025-11-29 18:48:01.324585'),(32,'¿Cuál sería tu superpoder si pudieras elegir uno?',1,'2026-05-11 19:50:11.083619','2026-05-11 19:50:11.083666'),(33,'¿Qué harías si tuvieras un día libre sin límites?',1,'2026-05-11 19:50:11.093969','2026-05-11 19:50:11.094000'),(34,'Si pudieras vivir en cualquier época histórica, ¿cuál elegirías y por qué?',1,'2026-05-11 19:50:11.100742','2026-05-11 19:50:11.100781'),(35,'¿Qué habilidad te gustaría aprender en una semana?',1,'2026-05-11 19:50:11.106178','2026-05-11 19:50:11.106199'),(36,'¿Cuál es tu mayor miedo y cómo lo enfrentarías?',1,'2026-05-11 19:50:11.111708','2026-05-11 19:50:11.111742'),(37,'¿Si pudieras cambiar una cosa del mundo, qué sería?',1,'2026-05-11 19:50:11.117299','2026-05-11 19:50:11.117324'),(38,'¿Qué harías si ganaras un millón de dólares mañana?',1,'2026-05-11 19:50:11.122699','2026-05-11 19:50:11.122732'),(39,'¿Cuál es tu talento secreto que pocos conocen?',1,'2026-05-11 19:50:11.127898','2026-05-11 19:50:11.127920'),(40,'¿Si fueras un animal, cuál serías y por qué?',1,'2026-05-11 19:50:11.132688','2026-05-11 19:50:11.132709'),(41,'¿Qué canción describe mejor tu vida en este momento?',1,'2026-05-11 19:50:11.137908','2026-05-11 19:50:11.137928'),(42,'¿Cuál es el consejo más valioso que has recibido?',1,'2026-05-11 19:50:11.143312','2026-05-11 19:50:11.143333'),(43,'¿Qué lugar del mundo te gustaría visitar y por qué?',1,'2026-05-11 19:50:11.148519','2026-05-11 19:50:11.148542'),(44,'¿Si pudieras tener cena con alguien famoso, quién sería?',1,'2026-05-11 19:50:11.153584','2026-05-11 19:50:11.153606'),(45,'¿Qué invento cambiaría más tu vida cotidiana?',1,'2026-05-11 19:50:11.158757','2026-05-11 19:50:11.158778'),(46,'¿Cuál es la cosa más loca que has hecho por diversión?',1,'2026-05-11 19:50:11.164215','2026-05-11 19:50:11.164239'),(47,'¿Qué libro, película o serie recomendarías a todos?',1,'2026-05-11 19:50:11.169161','2026-05-11 19:50:11.169181'),(48,'¿Si pudieras dominar un idioma instantáneamente, cuál sería?',1,'2026-05-11 19:50:11.174174','2026-05-11 19:50:11.174193'),(49,'¿Qué trabajo harías aunque no te pagaran?',1,'2026-05-11 19:50:11.179370','2026-05-11 19:50:11.179393'),(50,'¿Cuál es tu recuerdo favorito de la infancia?',1,'2026-05-11 19:50:11.184440','2026-05-11 19:50:11.184460'),(51,'¿Qué es lo primero que haces cuando te levantas por la mañana?',1,'2026-05-11 19:50:11.189378','2026-05-11 19:50:11.189395');
/*!40000 ALTER TABLE `chaos_questions` ENABLE KEYS */;
UNLOCK TABLES;

--
-- Table structure for table `courses`
--

DROP TABLE IF EXISTS `courses`;
/*!40101 SET @saved_cs_client     = @@character_set_client */;
/*!50503 SET character_set_client = utf8mb4 */;
CREATE TABLE `courses` (
  `id` bigint NOT NULL AUTO_INCREMENT,
  `name` varchar(200) CHARACTER SET utf8mb4 COLLATE utf8mb4_unicode_ci NOT NULL,
  `code` varchar(50) CHARACTER SET utf8mb4 COLLATE utf8mb4_unicode_ci DEFAULT NULL,
  `is_active` tinyint(1) NOT NULL,
  `created_at` datetime(6) NOT NULL,
  `updated_at` datetime(6) NOT NULL,
  `career_id` bigint NOT NULL,
  PRIMARY KEY (`id`),
  UNIQUE KEY `code` (`code`),
  KEY `courses_career__131c4c_idx` (`career_id`),
  KEY `courses_is_acti_25e634_idx` (`is_active`),
  CONSTRAINT `courses_career_id_9d0a8719_fk_careers_id` FOREIGN KEY (`career_id`) REFERENCES `careers` (`id`)
) ENGINE=InnoDB AUTO_INCREMENT=26 DEFAULT CHARSET=utf8mb4 COLLATE=utf8mb4_unicode_ci;
/*!40101 SET character_set_client = @saved_cs_client */;

--
-- Dumping data for table `courses`
--

LOCK TABLES `courses` WRITE;
/*!40000 ALTER TABLE `courses` DISABLE KEYS */;
INSERT INTO `courses` VALUES (1,'Sección 2',NULL,1,'2026-04-13 00:31:28.328159','2026-04-13 00:31:28.328197',1),(2,'Sección 1',NULL,1,'2026-04-13 00:47:40.401971','2026-04-13 00:47:40.402036',1),(3,'Sección 2',NULL,1,'2026-04-14 13:33:46.823267','2026-04-14 13:33:46.823301',2),(4,'Sección 1',NULL,1,'2026-04-14 13:45:33.563077','2026-04-14 13:45:33.563165',3),(5,'Sección 4',NULL,1,'2026-04-14 13:55:49.331928','2026-04-14 13:55:49.331984',3),(6,'Sección 4',NULL,1,'2026-04-14 14:00:50.033900','2026-04-14 14:00:50.033977',4),(7,'Sección 1',NULL,1,'2026-04-14 14:11:30.798934','2026-04-14 14:11:30.798983',5),(8,'Sección 3',NULL,1,'2026-04-14 14:28:33.365148','2026-04-14 14:28:33.365189',6),(9,'Sección 2',NULL,1,'2026-04-14 16:54:07.349839','2026-04-14 16:54:07.349870',7),(10,'Sección 2',NULL,1,'2026-04-14 18:47:55.031232','2026-04-14 18:47:55.031265',5),(11,'Sección 2',NULL,1,'2026-04-14 19:17:46.503494','2026-04-14 19:17:46.503515',8),(12,'Sección 1',NULL,1,'2026-04-14 19:32:01.226985','2026-04-14 19:32:01.227008',9),(13,'Sección 2',NULL,1,'2026-04-14 20:07:28.235041','2026-04-14 20:07:28.235072',9),(14,'Sección 3',NULL,1,'2026-04-14 23:25:14.324110','2026-04-14 23:25:14.324138',10),(15,'Sección 2',NULL,1,'2026-04-16 01:16:17.262918','2026-04-16 01:16:17.262944',6),(16,'Sección 1',NULL,1,'2026-05-10 21:01:16.910921','2026-05-10 21:01:16.910969',11),(17,'Sección 1',NULL,1,'2026-05-10 21:02:50.473213','2026-05-10 21:02:50.473244',2),(18,'Sección 2',NULL,1,'2026-05-10 21:19:20.632032','2026-05-10 21:19:20.632284',11),(19,'Sección 3',NULL,1,'2026-05-11 19:34:31.404396','2026-05-11 19:34:31.404430',12),(20,'Sección 2',NULL,1,'2026-05-11 23:24:16.889109','2026-05-11 23:24:16.889190',13),(21,'Sección 1',NULL,1,'2026-05-12 00:32:08.293577','2026-05-12 00:32:08.293604',6),(22,'Sección 3',NULL,1,'2026-05-12 03:05:40.438827','2026-05-12 03:05:40.438854',13),(23,'Sección 2',NULL,1,'2026-05-12 03:49:03.560628','2026-05-12 03:49:03.560656',4),(24,'Sección 1',NULL,1,'2026-05-12 11:53:32.857711','2026-05-12 11:53:32.857740',8),(25,'Sección 2',NULL,1,'2026-05-12 12:43:29.426851','2026-05-12 12:43:29.426880',14);
/*!40000 ALTER TABLE `courses` ENABLE KEYS */;
UNLOCK TABLES;

--
-- Table structure for table `daily_metrics_snapshots`
--

DROP TABLE IF EXISTS `daily_metrics_snapshots`;
/*!40101 SET @saved_cs_client     = @@character_set_client */;
/*!50503 SET character_set_client = utf8mb4 */;
CREATE TABLE `daily_metrics_snapshots` (
  `id` bigint NOT NULL AUTO_INCREMENT,
  `date` date NOT NULL,
  `games_completed` int NOT NULL,
  `new_professors` int NOT NULL,
  `new_students` int NOT NULL,
  `total_sessions` int NOT NULL,
  `created_at` datetime(6) NOT NULL,
  PRIMARY KEY (`id`),
  UNIQUE KEY `date` (`date`),
  KEY `daily_metri_date_3f4067_idx` (`date`)
) ENGINE=InnoDB DEFAULT CHARSET=utf8mb4 COLLATE=utf8mb4_unicode_ci;
/*!40101 SET character_set_client = @saved_cs_client */;

--
-- Dumping data for table `daily_metrics_snapshots`
--

LOCK TABLES `daily_metrics_snapshots` WRITE;
/*!40000 ALTER TABLE `daily_metrics_snapshots` DISABLE KEYS */;
/*!40000 ALTER TABLE `daily_metrics_snapshots` ENABLE KEYS */;
UNLOCK TABLES;

--
-- Table structure for table `django_admin_log`
--

DROP TABLE IF EXISTS `django_admin_log`;
/*!40101 SET @saved_cs_client     = @@character_set_client */;
/*!50503 SET character_set_client = utf8mb4 */;
CREATE TABLE `django_admin_log` (
  `id` int NOT NULL AUTO_INCREMENT,
  `action_time` datetime(6) NOT NULL,
  `object_id` longtext CHARACTER SET utf8mb4 COLLATE utf8mb4_unicode_ci,
  `object_repr` varchar(200) CHARACTER SET utf8mb4 COLLATE utf8mb4_unicode_ci NOT NULL,
  `action_flag` smallint unsigned NOT NULL,
  `change_message` longtext CHARACTER SET utf8mb4 COLLATE utf8mb4_unicode_ci NOT NULL,
  `content_type_id` int DEFAULT NULL,
  `user_id` int NOT NULL,
  PRIMARY KEY (`id`),
  KEY `django_admin_log_content_type_id_c4bce8eb_fk_django_co` (`content_type_id`),
  KEY `django_admin_log_user_id_c564eba6_fk_auth_user_id` (`user_id`),
  CONSTRAINT `django_admin_log_content_type_id_c4bce8eb_fk_django_co` FOREIGN KEY (`content_type_id`) REFERENCES `django_content_type` (`id`),
  CONSTRAINT `django_admin_log_user_id_c564eba6_fk_auth_user_id` FOREIGN KEY (`user_id`) REFERENCES `auth_user` (`id`),
  CONSTRAINT `django_admin_log_chk_1` CHECK ((`action_flag` >= 0))
) ENGINE=InnoDB DEFAULT CHARSET=utf8mb4 COLLATE=utf8mb4_unicode_ci;
/*!40101 SET character_set_client = @saved_cs_client */;

--
-- Dumping data for table `django_admin_log`
--

LOCK TABLES `django_admin_log` WRITE;
/*!40000 ALTER TABLE `django_admin_log` DISABLE KEYS */;
/*!40000 ALTER TABLE `django_admin_log` ENABLE KEYS */;
UNLOCK TABLES;

--
-- Table structure for table `django_content_type`
--

DROP TABLE IF EXISTS `django_content_type`;
/*!40101 SET @saved_cs_client     = @@character_set_client */;
/*!50503 SET character_set_client = utf8mb4 */;
CREATE TABLE `django_content_type` (
  `id` int NOT NULL AUTO_INCREMENT,
  `app_label` varchar(100) CHARACTER SET utf8mb4 COLLATE utf8mb4_unicode_ci NOT NULL,
  `model` varchar(100) CHARACTER SET utf8mb4 COLLATE utf8mb4_unicode_ci NOT NULL,
  PRIMARY KEY (`id`),
  UNIQUE KEY `django_content_type_app_label_model_76bd3d3b_uniq` (`app_label`,`model`)
) ENGINE=InnoDB AUTO_INCREMENT=48 DEFAULT CHARSET=utf8mb4 COLLATE=utf8mb4_unicode_ci;
/*!40101 SET character_set_client = @saved_cs_client */;

--
-- Dumping data for table `django_content_type`
--

LOCK TABLES `django_content_type` WRITE;
/*!40000 ALTER TABLE `django_content_type` DISABLE KEYS */;
INSERT INTO `django_content_type` VALUES (15,'academic','career'),(16,'academic','course'),(14,'academic','faculty'),(1,'admin','logentry'),(43,'admin_dashboard','activitydurationmetric'),(44,'admin_dashboard','challengeselectionmetric'),(45,'admin_dashboard','dailymetricssnapshot'),(46,'admin_dashboard','stagedurationmetric'),(47,'admin_dashboard','topicselectionmetric'),(3,'auth','group'),(2,'auth','permission'),(4,'auth','user'),(7,'axes','accessattempt'),(9,'axes','accessfailurelog'),(8,'axes','accesslog'),(38,'challenges','activity'),(31,'challenges','activitytype'),(40,'challenges','anagramword'),(36,'challenges','challenge'),(41,'challenges','chaosquestion'),(42,'challenges','generalknowledgequestion'),(37,'challenges','learningobjective'),(32,'challenges','minigame'),(33,'challenges','roulettechallenge'),(34,'challenges','stage'),(35,'challenges','topic'),(39,'challenges','wordsearchoption'),(5,'contenttypes','contenttype'),(18,'game_sessions','gamesession'),(23,'game_sessions','peerevaluation'),(29,'game_sessions','reflectionevaluation'),(30,'game_sessions','sessiongroup'),(19,'game_sessions','sessionstage'),(20,'game_sessions','tablet'),(22,'game_sessions','tabletconnection'),(17,'game_sessions','team'),(24,'game_sessions','teamactivityprogress'),(28,'game_sessions','teambubblemap'),(21,'game_sessions','teampersonalization'),(25,'game_sessions','teamrouletteassignment'),(26,'game_sessions','teamstudent'),(27,'game_sessions','tokentransaction'),(6,'sessions','session'),(11,'users','administrator'),(12,'users','professor'),(13,'users','professoraccesscode'),(10,'users','student');
/*!40000 ALTER TABLE `django_content_type` ENABLE KEYS */;
UNLOCK TABLES;

--
-- Table structure for table `django_migrations`
--

DROP TABLE IF EXISTS `django_migrations`;
/*!40101 SET @saved_cs_client     = @@character_set_client */;
/*!50503 SET character_set_client = utf8mb4 */;
CREATE TABLE `django_migrations` (
  `id` bigint NOT NULL AUTO_INCREMENT,
  `app` varchar(255) CHARACTER SET utf8mb4 COLLATE utf8mb4_unicode_ci NOT NULL,
  `name` varchar(255) CHARACTER SET utf8mb4 COLLATE utf8mb4_unicode_ci NOT NULL,
  `applied` datetime(6) NOT NULL,
  PRIMARY KEY (`id`)
) ENGINE=InnoDB AUTO_INCREMENT=63 DEFAULT CHARSET=utf8mb4 COLLATE=utf8mb4_unicode_ci;
/*!40101 SET character_set_client = @saved_cs_client */;

--
-- Dumping data for table `django_migrations`
--

LOCK TABLES `django_migrations` WRITE;
/*!40000 ALTER TABLE `django_migrations` DISABLE KEYS */;
INSERT INTO `django_migrations` VALUES (1,'academic','0001_initial','2026-04-09 16:56:42.581969'),(2,'contenttypes','0001_initial','2026-04-09 16:56:42.637662'),(3,'auth','0001_initial','2026-04-09 16:56:43.301131'),(4,'admin','0001_initial','2026-04-09 16:56:43.442532'),(5,'admin','0002_logentry_remove_auto_add','2026-04-09 16:56:43.452741'),(6,'admin','0003_logentry_add_action_flag_choices','2026-04-09 16:56:43.466180'),(7,'challenges','0001_initial','2026-04-09 16:56:44.389603'),(8,'admin_dashboard','0001_initial','2026-04-09 16:56:45.048043'),(9,'admin_dashboard','0002_rename_activity_du_activit_idx_activity_du_activit_444351_idx_and_more','2026-04-09 16:56:45.111375'),(10,'contenttypes','0002_remove_content_type_name','2026-04-09 16:56:45.260106'),(11,'auth','0002_alter_permission_name_max_length','2026-04-09 16:56:45.341855'),(12,'auth','0003_alter_user_email_max_length','2026-04-09 16:56:45.378624'),(13,'auth','0004_alter_user_username_opts','2026-04-09 16:56:45.391089'),(14,'auth','0005_alter_user_last_login_null','2026-04-09 16:56:45.469295'),(15,'auth','0006_require_contenttypes_0002','2026-04-09 16:56:45.474669'),(16,'auth','0007_alter_validators_add_error_messages','2026-04-09 16:56:45.489208'),(17,'auth','0008_alter_user_username_max_length','2026-04-09 16:56:45.574955'),(18,'auth','0009_alter_user_last_name_max_length','2026-04-09 16:56:45.658054'),(19,'auth','0010_alter_group_name_max_length','2026-04-09 16:56:45.688091'),(20,'auth','0011_update_proxy_permissions','2026-04-09 16:56:45.720870'),(21,'auth','0012_alter_user_first_name_max_length','2026-04-09 16:56:45.800118'),(22,'axes','0001_initial','2026-04-09 16:56:45.859873'),(23,'axes','0002_auto_20151217_2044','2026-04-09 16:56:46.033566'),(24,'axes','0003_auto_20160322_0929','2026-04-09 16:56:46.051094'),(25,'axes','0004_auto_20181024_1538','2026-04-09 16:56:46.070890'),(26,'axes','0005_remove_accessattempt_trusted','2026-04-09 16:56:46.124031'),(27,'axes','0006_remove_accesslog_trusted','2026-04-09 16:56:46.175343'),(28,'axes','0007_alter_accessattempt_unique_together','2026-04-09 16:56:46.229029'),(29,'axes','0008_accessfailurelog','2026-04-09 16:56:46.325106'),(30,'axes','0009_add_session_hash','2026-04-09 16:56:46.393472'),(31,'challenges','0002_add_challenge_icon_and_persona','2026-04-09 16:56:46.633746'),(32,'challenges','0003_remove_user_story_field','2026-04-09 16:56:46.697627'),(33,'challenges','0004_add_challenge_description','2026-04-09 16:56:46.762795'),(34,'challenges','0005_add_topic_icon','2026-04-09 16:56:46.831182'),(35,'challenges','0006_wordsearchoption','2026-04-09 16:56:46.948771'),(36,'challenges','0007_challenge_persona_image','2026-04-09 16:56:47.014280'),(37,'challenges','0008_wordsearchoption_grid_wordsearchoption_seed_and_more','2026-04-09 16:56:47.293716'),(38,'users','0001_initial','2026-04-09 16:56:47.584884'),(39,'game_sessions','0001_initial','2026-04-09 16:56:51.624347'),(40,'game_sessions','0002_remove_duplicate_progress','2026-04-09 16:56:51.826263'),(41,'game_sessions','0003_alter_teamactivityprogress_unique_together','2026-04-09 16:56:51.887197'),(42,'game_sessions','0004_teambubblemap','2026-04-09 16:56:52.150970'),(43,'game_sessions','0005_sessionstage_current_presentation_team_id_and_more','2026-04-09 16:56:52.320080'),(44,'game_sessions','0006_sessionstage_presentation_state','2026-04-09 16:56:52.431379'),(45,'game_sessions','0007_sessionstage_presentation_timestamps','2026-04-09 16:56:52.519101'),(46,'game_sessions','0008_reflectionevaluation','2026-04-09 16:56:52.705616'),(47,'game_sessions','0009_reflectionevaluation_faculty_and_more','2026-04-09 16:56:52.784384'),(48,'game_sessions','0010_sessiongroup_gamesession_session_group_and_more','2026-04-09 16:56:53.210430'),(49,'game_sessions','0011_teamactivityprogress_pitch_value_and_pitch_impact','2026-04-09 16:56:53.405492'),(50,'game_sessions','0012_alter_teamactivityprogress_pitch_intro_problem','2026-04-09 16:56:53.433438'),(51,'game_sessions','0013_gamesession_cancellation_reason_and_more','2026-04-09 16:56:53.656957'),(52,'game_sessions','0014_gamesession_game_sessio_created_7179a2_idx_and_more','2026-04-09 16:56:53.815994'),(53,'game_sessions','0015_add_logo_to_team_personalization','2026-04-09 16:56:53.879616'),(54,'game_sessions','0016_remove_logo_from_team_personalization','2026-04-09 16:56:53.940668'),(55,'sessions','0001_initial','2026-04-09 16:56:53.987585'),(56,'users','0002_professoraccesscode','2026-04-09 16:56:54.098738'),(57,'users','0003_create_professor_for_existing_administrators','2026-04-09 16:56:54.152800'),(58,'users','0004_professoraccesscode_prof_access_code_lookup_idx','2026-04-09 16:56:54.188373'),(59,'users','0005_create_administrator_for_existing_superusers','2026-04-09 16:56:54.245727'),(60,'users','0006_create_admin_and_professor_for_existing_staff','2026-04-09 16:56:54.464627'),(61,'game_sessions','0017_tablet_connection_byod','2026-04-13 14:14:24.314051'),(62,'game_sessions','0018_add_show_results_stage_current_screen','2026-05-10 20:52:24.240423');
/*!40000 ALTER TABLE `django_migrations` ENABLE KEYS */;
UNLOCK TABLES;

--
-- Table structure for table `django_session`
--

DROP TABLE IF EXISTS `django_session`;
/*!40101 SET @saved_cs_client     = @@character_set_client */;
/*!50503 SET character_set_client = utf8mb4 */;
CREATE TABLE `django_session` (
  `session_key` varchar(40) CHARACTER SET utf8mb4 COLLATE utf8mb4_unicode_ci NOT NULL,
  `session_data` longtext CHARACTER SET utf8mb4 COLLATE utf8mb4_unicode_ci NOT NULL,
  `expire_date` datetime(6) NOT NULL,
  PRIMARY KEY (`session_key`),
  KEY `django_session_expire_date_a5c62663` (`expire_date`)
) ENGINE=InnoDB DEFAULT CHARSET=utf8mb4 COLLATE=utf8mb4_unicode_ci;
/*!40101 SET character_set_client = @saved_cs_client */;

--
-- Dumping data for table `django_session`
--

LOCK TABLES `django_session` WRITE;
/*!40000 ALTER TABLE `django_session` DISABLE KEYS */;
INSERT INTO `django_session` VALUES ('f7lz7lk2kchm98hp5azvgohbfg79cqr2','.eJxVjEEOwiAQRe_C2hBmIAy4dO8ZCDAgVUOT0q6Md9cmXej2v_f-S4S4rS1soyxhYnEWIE6_W4r5UfoO-B77bZZ57usyJbkr8qBDXmcuz8vh_h20ONq3jtaSssV4k6laB8CMmDhr48AlTUCKsFoFmFJFyr4UUymC12xYI4j3B8jFN0A:1wDC7U:SoyD1WpbUh4ACflahEuC1wCTtO4s88gUeWaWPbwO4ls','2026-04-30 02:06:16.330069'),('pry1d05tvk5f5bhf0oieme8c64x771hv','.eJxVjEEOwiAQRe_C2pBC6dC6dO8ZyAwzSNVAUtqV8e7apAvd_vfef6mA25rD1mQJM6uzsur0uxHGh5Qd8B3LrepYy7rMpHdFH7Tpa2V5Xg737yBjy9-aiMzUd2gi9EwwjAwIgszsTGcnZ0fqUayPzokHMj4m4zgBuJQQZVDvD_n3OLQ:1wMBBc:TeFxfqBGdXqB8Nk2nYSS3OP5CagmVN37izOvoCUhhOo','2026-05-24 20:55:40.298544');
/*!40000 ALTER TABLE `django_session` ENABLE KEYS */;
UNLOCK TABLES;

--
-- Table structure for table `faculties`
--

DROP TABLE IF EXISTS `faculties`;
/*!40101 SET @saved_cs_client     = @@character_set_client */;
/*!50503 SET character_set_client = utf8mb4 */;
CREATE TABLE `faculties` (
  `id` bigint NOT NULL AUTO_INCREMENT,
  `name` varchar(200) CHARACTER SET utf8mb4 COLLATE utf8mb4_unicode_ci NOT NULL,
  `code` varchar(50) CHARACTER SET utf8mb4 COLLATE utf8mb4_unicode_ci DEFAULT NULL,
  `is_active` tinyint(1) NOT NULL,
  `created_at` datetime(6) NOT NULL,
  `updated_at` datetime(6) NOT NULL,
  PRIMARY KEY (`id`),
  UNIQUE KEY `name` (`name`),
  UNIQUE KEY `code` (`code`),
  KEY `faculties_is_acti_5069b3_idx` (`is_active`)
) ENGINE=InnoDB AUTO_INCREMENT=8 DEFAULT CHARSET=utf8mb4 COLLATE=utf8mb4_unicode_ci;
/*!40101 SET character_set_client = @saved_cs_client */;

--
-- Dumping data for table `faculties`
--

LOCK TABLES `faculties` WRITE;
/*!40000 ALTER TABLE `faculties` DISABLE KEYS */;
INSERT INTO `faculties` VALUES (1,'Ingeniería',NULL,1,'2026-04-13 00:31:28.236643','2026-04-13 00:31:28.236713'),(2,'Educación',NULL,1,'2026-04-14 13:33:46.781748','2026-04-14 13:33:46.781780'),(3,'Comunicaciones',NULL,1,'2026-04-14 13:45:33.536533','2026-04-14 13:45:33.536577'),(4,'Diseño',NULL,1,'2026-04-14 14:00:49.971655','2026-04-14 14:00:49.971709'),(5,'Arquitectura y Arte',NULL,1,'2026-04-14 14:11:30.734593','2026-04-14 14:11:30.734642'),(6,'Derecho',NULL,1,'2026-04-14 14:28:33.316410','2026-04-14 14:28:33.316459'),(7,'Economía y Negocios',NULL,1,'2026-05-11 23:24:16.856897','2026-05-11 23:24:16.856945');
/*!40000 ALTER TABLE `faculties` ENABLE KEYS */;
UNLOCK TABLES;

--
-- Table structure for table `game_sessions`
--

DROP TABLE IF EXISTS `game_sessions`;
/*!40101 SET @saved_cs_client     = @@character_set_client */;
/*!50503 SET character_set_client = utf8mb4 */;
CREATE TABLE `game_sessions` (
  `id` bigint NOT NULL AUTO_INCREMENT,
  `room_code` varchar(50) CHARACTER SET utf8mb4 COLLATE utf8mb4_unicode_ci NOT NULL,
  `qr_code` longtext CHARACTER SET utf8mb4 COLLATE utf8mb4_unicode_ci,
  `status` varchar(20) CHARACTER SET utf8mb4 COLLATE utf8mb4_unicode_ci NOT NULL,
  `started_at` datetime(6) DEFAULT NULL,
  `ended_at` datetime(6) DEFAULT NULL,
  `created_at` datetime(6) NOT NULL,
  `updated_at` datetime(6) NOT NULL,
  `course_id` bigint NOT NULL,
  `current_activity_id` bigint DEFAULT NULL,
  `current_stage_id` bigint DEFAULT NULL,
  `professor_id` bigint NOT NULL,
  `session_group_id` bigint DEFAULT NULL,
  `cancellation_reason` varchar(50) CHARACTER SET utf8mb4 COLLATE utf8mb4_unicode_ci DEFAULT NULL,
  `cancellation_reason_other` longtext CHARACTER SET utf8mb4 COLLATE utf8mb4_unicode_ci,
  `show_results_stage` smallint unsigned NOT NULL,
  PRIMARY KEY (`id`),
  UNIQUE KEY `room_code` (`room_code`),
  KEY `game_sessio_profess_2d4bd5_idx` (`professor_id`),
  KEY `game_sessio_room_co_529049_idx` (`room_code`),
  KEY `game_sessio_status_381f09_idx` (`status`),
  KEY `game_sessio_status_972612_idx` (`status`,`started_at`),
  KEY `game_sessions_current_activity_id_0a0772c5_fk_activities_id` (`current_activity_id`),
  KEY `game_sessions_current_stage_id_445084f8_fk_stages_id` (`current_stage_id`),
  KEY `game_sessions_session_group_id_836e533a_fk_session_groups_id` (`session_group_id`),
  KEY `game_sessio_created_7179a2_idx` (`created_at`),
  KEY `game_sessio_course__601678_idx` (`course_id`),
  CONSTRAINT `game_sessions_course_id_9d225134_fk_courses_id` FOREIGN KEY (`course_id`) REFERENCES `courses` (`id`),
  CONSTRAINT `game_sessions_current_activity_id_0a0772c5_fk_activities_id` FOREIGN KEY (`current_activity_id`) REFERENCES `activities` (`id`),
  CONSTRAINT `game_sessions_current_stage_id_445084f8_fk_stages_id` FOREIGN KEY (`current_stage_id`) REFERENCES `stages` (`id`),
  CONSTRAINT `game_sessions_professor_id_698ca57b_fk_professors_id` FOREIGN KEY (`professor_id`) REFERENCES `professors` (`id`),
  CONSTRAINT `game_sessions_session_group_id_836e533a_fk_session_groups_id` FOREIGN KEY (`session_group_id`) REFERENCES `session_groups` (`id`),
  CONSTRAINT `game_sessions_chk_1` CHECK ((`show_results_stage` >= 0))
) ENGINE=InnoDB AUTO_INCREMENT=58 DEFAULT CHARSET=utf8mb4 COLLATE=utf8mb4_unicode_ci;
/*!40101 SET character_set_client = @saved_cs_client */;

--
-- Dumping data for table `game_sessions`
--

LOCK TABLES `game_sessions` WRITE;
/*!40000 ALTER TABLE `game_sessions` DISABLE KEYS */;
INSERT INTO `game_sessions` VALUES (1,'33TR3Q','data:image/png;base64,iVBORw0KGgoAAAANSUhEUgAAAYYAAAGGAQAAAABX+xtIAAACdklEQVR4nO2cUYrjMAyGP20CfXRgDpTcbJkj7Q2So8wNksdCwr8PltOUwkKXSZsJ8kMxqB/IKLJ/OWpNPDeWX08CEEQQQQQRRBBBBBHELsRgPgAwa9xsHUsxNS/3KohdiSRJmoHJDFjMuslMnw1IktS/wasgdiWWkslpBqjE0IB1kHeB93gVxEuIqcaTPc1I4zG8CmJXohLtWIl2BIbmIF4F8W1EXSaVgAWGDoN0NYZmlJGAdntZd8x1BPE8MZmZWU3e0T8bUM9i6oEs27s3eBXEHoSL8vtBW4T6o20+5jqCeGJ4IZaUD3D1VJLGSqVCq/wRiJifheAWWvWpzDSCB36d9Slifg7iLs814/V5mvFLmHXWRp6fhCi6fapnDc0oAFn75yJII8Z0kd0Rx1xHEE8MP6ZHUF+u4LKQ426XX69nj7mOIP6TmC6i1dXMmsXUpxnrqATpauuN3A9YRxD/HpsKbTM2aq6SbwCR5ychNns77SrUe7xqy7ouX8WGhjsJcbt7nWFazGeAteMHMH0Iphd7FcSexLq3lzeoObE14+V6mr1Mi/r8LMSmPi+BB1bx7jEP3X4m4k7DpfUjv2ZzK22xRszPQHBL55znntMu1P1L2RoxPwfx8OasLz0TLt7XQz3y/GTEre+11TX3QJY8z1re22Ze61UQuxKrhhvsIobGz3PrvIEmeiDPQ2zO8/tj2609UJ6I2NtPSgzl9wtFy3vPu3Xv9CqIPYms20t/O0wXr94/mzd6FcQ3Eg99r6SrCZZa7Zch0pjtFhrubMTa9zo0lRisxjoqWQfY76/6kXiFV0HsQVj8z0QQQQQRRBBBBBHEjyP+Al+pMKHaCe5mAAAAAElFTkSuQmCC','cancelled',NULL,'2026-04-13 00:37:41.095174','2026-04-13 00:31:28.957968','2026-04-13 00:37:41.095392',1,NULL,NULL,1,NULL,'Probando el juego',NULL,0),(2,'H47DNB','data:image/png;base64,iVBORw0KGgoAAAANSUhEUgAAAYYAAAGGAQAAAABX+xtIAAACOElEQVR4nO2cTY6jMBCFXw1IWZobzFHI1eZm+Cg5QEuwbAn0ZuEfnKY30QzppPS8iBLIJxk9VZXr2YkRj43t14MAIEKECBEiRIgQIeIUIloeADYDAJgNgF2xlVvD02cl4lQikCRXINqFZsNmGG9miANAkuT0A7MScSqx5UgeZ4ATOnIKa/qImBLAD8xKxAlEf7gSPg3jzQCED3zTvb/mc4j4ByIOJcSBXNRfYFYi/iNRinWp5yTJlNHHuSPGcq1+5TWfQ8QD436BBk5h/fqShzR3QmTNmzHnNVwO9q+3pfnbEzVxl8AmSSCQADruab2oL83fnmg159yRTFW8aj4j31A990KU3D4DnFDreZV7CizLeGnuhKiad2wW6smTQb6W3ym3OyGaOAfCir05w31uV5z7I7os8p8BsOvSI9nveWwmv90NUXu1NdfzZMzMtZSjK8t4xbkTonoyRdpqwZUqvlZHTpr7IBpPJuub+vMVaOo5FecOicUM0S4EFrOybgeK+qrn/oj4ewVGfpZt8qVPK3jEAbDrcqFdnz8rEacQba82Ni5sreyq5+6Iw15q9daR+zeglHJp7oM47KtNqAY75L26JA775znY9x22bMVKc3dEye1pjLceiNYDKcHX05BPnpWIM4hmL7XENBrbtTRsqueOiIPmuws7hXp6QvXcNZEa8kACSw/ylk9Dy5NxQxzPve6nXed93a6zUY6Ib8693vnt6ccs8ts9Eab/mRAhQoQIESJEiHg74i9mHLTOwcDEJgAAAABJRU5ErkJggg==','cancelled',NULL,'2026-04-13 21:58:27.044683','2026-04-13 00:47:40.501879','2026-04-13 21:58:27.044935',2,NULL,NULL,1,NULL,'Probando el juego',NULL,0),(3,'GIT0RT','data:image/png;base64,iVBORw0KGgoAAAANSUhEUgAAAYYAAAGGAQAAAABX+xtIAAACVUlEQVR4nO2cTYrjMBCFX40MWSrQB5ijyDebq9lHyQEa5GWDzJuFpESOexOIk27xtAj++0CmXPWkqiJGPDbWPw8CgAgRIkSIECFChIhDiNnKwGxmwDLAxmUAgLXeOr98ViIOIUCS5ORJkglkBBCYwMnXn80jP/M9RDwwqkETAJ/ACY7Z8OVuAicAsnm/RIiA2dkxH40/Y1YinkgMuys+gVg+8gnn8+cbZiXiSGKn5xMAwG81XnreI7GYmdmAKuqrAVgN8xnIy/bxDbMScQRRnHg7EEhm6++G/PzXE826nWTK2zQAjoCv1i9bN9m8O8LG5UROywBO/suKsuco72jje2Yl4ulEE70BX1w8b9cbj4f25x0Rm0V5LBG9fgK7I9m8N2L++2W3FTwnADZiNYQIYD6/Z1Yink2UnEyI60AsJwLLRzL4T0O4DKk+tg6Af92sRBxJ1NgO5LRrFvUQHXFdvOccvPS8F6K1+VbAy2m828LL5v0QjgiXUjpHuJgVPfcJuZIuPe+FqE58XbJvV/A53pegLz/vg2hie2mXiOVaFfX7MszPfA8RD4wmJxOiK9bPjRO1bUZ63hfR+nlphiqxPR9N+SmXM++yeQ/ErnJ2NXxJxfrbFyGbd0Xc+l6xnGj/LmYIlxNLJd2T98QrZiXiEOLbvleSVxfPfu6k5/0Qu75Xxlsh7Zp6lZ73RHxjczRl1JJ2hfS8I2LX9zqPLhngaPARFqqQm2osvRB7PWfNw7U9E9LzjohNjQVNCK8bNgDNdl0274Aw/c+ECBEiRIgQIULEryP+A1o+ufxmxWljAAAAAElFTkSuQmCC','cancelled',NULL,'2026-04-14 13:32:58.283350','2026-04-13 21:58:47.604436','2026-04-14 13:32:58.283525',2,NULL,NULL,1,NULL,'Probando el juego',NULL,0),(4,'86YJ91','data:image/png;base64,iVBORw0KGgoAAAANSUhEUgAAAYYAAAGGAQAAAABX+xtIAAACYklEQVR4nO2cTW7jMAyFH0cGupSBHqBHkW8wV7aO0gMUkJcFJHAWomyl6SYzdZIRnhdBbOdDaDASH38QUdx2lF83AgAJEiRIkCBBggSJU4godiDORRBnoL4Apd2a724ViVMIqKqqrl5VVXM9RUho79q1/SPP+Rwk/oIobSVvIoDPALbJFnsUkcdYReIeRHzTmrLL4j8FIT2FVSR+kJiurmyCo06jcf745+8g8VzE7nOnAEp3RwFA4AGEvlj3nM9B4nZiExGRCTWU77pdVwBVti8PsIrEGYSJ8uNY4RTwFtS/3qVuH4DoE7HVZ7tm75w2DeeYq41DtJWcANSg7nOfmu+/A4A+H41wqiuK6Lq9aKu5OUV4f1GEuuk/wCoSJxBNt/tPUfgEAEU0/i6TYnvNdjonU/B3sorEmcS+t7u6mVsA9xkIySlCctq2eu7tYxAXyjw5S8TN3RdqjvF8FKLpdgBNvmVc52oZ1O3jEa6m5rIAQEhFjmUvy37j3laROIHo1/menNnpEc9rtOc6H4PoajLVvysA66Xu3q9bPff2QYhOw1XdXl2bABucSFZ0ZzwfhuhVmmpTbrXojmNYhut8PCLKZOMw4TJhiyKCKBNYhxuG+Kavhi6Kt+aLsscyHHHMvQJOZfGqCO8isqCIzcjd3yoSpxDfzL1my9o0tQ7qyjrcSMTu8z056/Lz41Psnw9EXPm866QDOHos9PkwxPXcq8+TYpsF8B+TxjebmWAvdTzCaVvidui6TZAFpeZqj7GKxAnERV8N1jw1IZfaNGRgvX0kQvg/EyRIkCBBggQJEv8d8QfXZVCTV37R9AAAAABJRU5ErkJggg==','cancelled',NULL,'2026-04-14 13:45:06.023216','2026-04-14 13:33:47.322865','2026-04-14 13:45:06.023388',3,NULL,NULL,1,NULL,'Probando el juego',NULL,0),(5,'0D016Q','data:image/png;base64,iVBORw0KGgoAAAANSUhEUgAAAYYAAAGGAQAAAABX+xtIAAACRElEQVR4nO2cQY7bMAxFn2rv7RvkKM4NemX7KHOAAeRlAAXsQpSsJhigUzRpInwtnMTOQ2TQ5KcoIsH43rj++CYAIkSIECFChAgRIh5CbMEHAOEMhDBDOHMtl+anz0rEQwjMzMzWyczMErYymFkcjCUCTOnmK695HyL+gri6Jy92CeE8XYKtUyIbfisB4OmzEvEUYh8BBgtnwNaH/IaIlyK2U4JtdnNXFf/PsxLxD4k7PbdIFnWWOBiLSc97I0Z/3Ytgbz/TCNNnsO10CbbNn/il6XmzEvFIwp24GbGo+BKB5fay/PztiRq4E/ngCzYwi4MdYb1YXzZ/e6LEdgYDBgt+qGOfseVjTLbN8WmzEvFIosT2OLizZ+/OB8iZ2zolQDlcJ0TV8wTgwZwlDnYk7/5Osb0Toug5g92oOPkRiH5Oft4N0cb2w+OXeFyAJsrL5h0Q1c+Lad36qUg57uLy826IRs+biL5Si3HZ7aXnHRG/1WQilBy9pnSR8jDIzzshGtmGsnV+hPUSAJL0vB/itg7n55oSXInt8vNeiCZvr1bFi60RpOcdEu1G6ZrP1EQ912OhPAyyeR/E3b7aIeUrqr12STTrc/8YoV26Td4XKZt3RxQpByCc9xG24J1xeemW22Bf/T5E/MFo0nP3aTxzg9oDKT3vibizec7gcSkvZVfpec/EdroEN/I+YvbhXRVV8t/kPkR8PZpsvWZu1nTATqbeqM6Iu7z92FnJuy1Tyo2Qiu3dEEH/MyFChAgRIkSIEPF2xC+0AOkdeYUhdgAAAABJRU5ErkJggg==','cancelled',NULL,'2026-04-14 13:51:22.359483','2026-04-14 13:45:34.114260','2026-04-14 13:51:22.359645',4,NULL,NULL,1,NULL,'Probando el juego',NULL,0),(6,'3SPQEZ','data:image/png;base64,iVBORw0KGgoAAAANSUhEUgAAAYYAAAGGAQAAAABX+xtIAAACbElEQVR4nO2cUYrjMAyGP60DfXSgB9ijODdb5mbNUXqAhfhxwUH7YDtJp/MSmLQZIz+1NR/ICFm/ZFFR9q35104AjDDCCCOMMMIII4w4hBilLGCWdVsG5rrVv9wqIw4lvKqqJiBeVKQHGaKIfvSgqqp6e4NVRhxKzDWSfSL7d+xBBsi3wHusMuIlROyAKJK9r9M5rDLiSML/E8DpGuxnsMqI7yO6+sEpMMM4gGQh550KHgjbZt05z2HEfiKKiEhHyec5qc+iNyDL9uENVhlxBFFE+WZNLit4vX21q+mc5zBixyqFmFclTCyeTkuF5pRgPm+JqJE8AUFVCZoAXI34CfKnmzeft0E8NFx8Ko5fdftargeL80aIqtv93w7iRSFekxKvgJ8Q4kXlgTjnOYzYsWo+L2o9Bzu+Bvtyty/t2XOew4gda/X5pume1VzWdVXGm4ZrjnBKuNe2+tg7hdhtO+/2rtYKsanAq24vFVot0xKEaS3YLM5/PLHUaq72V/1Suk2u3u3m85aIbadtSeAETTmf50Qf6q75vAViq9v1UztmEXfBdHtLxKrHtx258sxWdkufxnzeCPFYq6WHBmwu0qFMT1g+b4R4ejm75Z9L73WT1C3OGyPWudfyuDZLjfM5j80QppdbZcQhxNJvnwDmjnFwScJ0TQAIPg/QLPM0Jz2HETvWp3ye1Vz+SnlOr9e63e2NEqN0yECV7PnJJdpsVMtEzuexqyOv8VLaMR/9G60y4huJp7lXAAk6d4S7oCXRg5iGa41Y5l7H36UqlwGnMgDy5949E6+wyogjCLH/mTDCCCOMMMIII4z4ccR/EzZCql99SEQAAAAASUVORK5CYII=','cancelled',NULL,'2026-04-14 13:59:43.450154','2026-04-14 13:55:49.687779','2026-04-14 13:59:43.450313',5,NULL,NULL,1,NULL,'Faltó tiempo',NULL,0),(7,'IHUTCD','data:image/png;base64,iVBORw0KGgoAAAANSUhEUgAAAYYAAAGGAQAAAABX+xtIAAAClElEQVR4nO2bTY6cMBBGXwWkWYKUA8xR4AZzpCg3g6PMASLBciRbXxa2gUnnZ1oaGoLKC4vGPKksq1xVn90m7mvxy50AOOGEE0444YQTTjixCzFabjCbmbV52HpiGWofbpUTuxKNJCkAVIKy0vregiRJwwFWObErETferaF01kPaBY6xyokdiPrmTRMwqKFTrAXxAKuceDARTZoqMbaQujNY5cSnEYufpygO48uUpDmjqWQ0QLcV6845DyfuJ2YzM6sBojE+v5kGoqWgbmZm/QFWObEHYTd6+9wiAAO4VeNdb78KMbZg/WyWnqyNBo3EaDXWH2SVE/sTjZS7+Ukw19BN0TTM9ZrN/QfzcOLvLQkumippaEL6SadAFmGa8tSlD8M55+HEx9umPi+J+o9ao1WCZsKYn2TviHPOw4k7WhZWm+LdmirRSQIqSRP5XZFnzzkPJ+5oeW9XgC5t8Np06Z0U1u/OOQ8n7iZGe0onK0A0+zZFg7nOoTzn8g+3yoldiMV/i08PTT5c00CV9nu6st+7n1+BWA5KK6UcXUvKnlZ6qrTGeF/zKxBLrUauxnIoD6xPmwFf8wsQuVYbX0It5ha61zokTaablq/mryGdtjzIKif2JDZ5+yZbz8dsLBKNvFa7DvGn+jyQVVigBHpf82sQm7y9rH5AQ8rb2QZ19/OLEeu91xzFy7lartmrNbyfeh5OfKAVvb2ZAGLN2INBFYCswaeBR1rlxJ4E646ew3YRW9PoAJRt3ff2ixLj85tZP9c5ZacJpJtT/ZFWOfGJxG/8HLaaDO/OXdzPL0Dc3HsFsG6K0L0ayoEezHO4qxC//DFpU6YlvZ0mH7643n4Z4vbe6z+a33t1wgknnHDCCSecOJz4CU7mDYdjgKZXAAAAAElFTkSuQmCC','cancelled','2026-04-14 14:02:00.114597','2026-04-14 14:11:14.225909','2026-04-14 14:00:50.320301','2026-04-14 14:11:14.226039',6,NULL,NULL,1,NULL,'Cambio de planes',NULL,0),(8,'18IPRH','data:image/png;base64,iVBORw0KGgoAAAANSUhEUgAAAYYAAAGGAQAAAABX+xtIAAACa0lEQVR4nO2cTYrjMBCFX40CWcowB5ijyDeYM82R5gb2gRqUZYPEm4Uk20l60YZxfsSrlWPyQYlS/ahKiRH7JP/YCQAiRIgQIUKECBEiDiFmq9LeZ7PxcqpPRYaHayXiUMKTJFOz/uDIySdgHgCSJKcnaCXiUCKvngwyZrMR2WwEyj54jlYiHkg4ApfzV4f391qHiG8QITraiGyc/KchxJfQSsR/JE7twRFABuATOA+RmH9/oDh62Pr7a65DxH7iYmZmJ2AesgHINYHPA1DK9vEJWok4gqhF+SqTT+Dkb18vkl5zHSJ2E/MAoHq3I0LMze3NrESB8fFaiTiWyGZjK9RthCPgP81GT5r9Sk/SSsQBRIvtsX2cfAJqSQeQEdehXrH97YnWZPMkQnQkoyPgyVLBkySC8nlPxFLDJRQjTz6BjK7tAyYUm1dnl83fntjW7VPJ4tXmpR0T2mZYWvKvuQ4RO2Q7QPGtVAubiN4CgGJ7Z0SIS4Pdk6intmyY7Vx3RD3OvfY6RHxHVj+vqXxJ4EtSJyk/74jY1u1oxXt1e5+wnbEon3dC3ObzVsg162++Ipt3QiwGrV121HaMa7E8qifTG7GxefNzYHNgQ/uo2N4NcT9XA7B2Yoqlp9XtZfNuiPXea2nCwPFq1pZ1H64/oh3JgMuZ/NMuTtSSDo53xCO0EnEEcZfPGVFOaG3CBqDM1BXbOyHubc6lkANQU3lci3fZ/O2J01cvLTCfEP7+TID/MMAT1rozr7kOETvkuuFSY/tyOKvDtSg/74i4+WFSCeslmHO5QhHUb++JMP3PhAgRIkSIECFCxNsR/wCTZ2NWf7XaawAAAABJRU5ErkJggg==','cancelled','2026-04-14 14:12:13.351291','2026-04-14 14:23:03.854512','2026-04-14 14:11:30.866706','2026-04-14 14:23:03.854743',7,1,1,1,NULL,'Faltó tiempo',NULL,0),(9,'4IP5NU','data:image/png;base64,iVBORw0KGgoAAAANSUhEUgAAAYYAAAGGAQAAAABX+xtIAAACbElEQVR4nO2cS2rcQBCGv4oEXkqQA8xRem4WfDPpKL5Ba2mQ+LPoh2QniwzMQ2lKC9Ga4YNqfld1PTQ2cdu1/bgRACeccMIJJ5xwwgkn7ksgSdJUHyeAoBUYJBjW8tUgSVrPuQ8nbieyoACd9D6CpsVMit//LM69DyduIDYzG4EQNyN8vCn5+TwCs5m9xionnkHMY5eVDh899iuewionHkkEfVo6xZOLj6ewyok7En1ZdAI2YPkpA0MMEcK0QTg26865DyduJxYzM+thvnyappStb6b3EczMzK4vsMqJRxDZzw+evPRYiAiWHnIAeLJVTjySKIXYsEKIQIhdqsukCDCsSLGT1+fNEFlzxU4ESUAnTXS5XA8RktyTa94IUTTX3m5bi7MPNQBohSDXvA3iqHlIIbysgqTchaVzP2+HOMb29JhcfK0r6dCAdc0bIA7NdE3s3l1uKYdLK9e8DaL6r0SIea6Wb3uUj+CaN0NUP89xvBzlKznAp1V2e9e8BeJrDgcpmNdsfS/NXfPmiNpzCxHsmrpvpQUX4uaz1OaI+SIBm8HyJk2L2XGktvT4OxPNEIccLjfjYm67ptsEJcp7bG+EqPU51ZNros7+mdfnDRFf/Fyq7ba8yq12wGu11ojZ8kU61NPJvj8efP/U+3DiH67ynswQAbYeljcxX8GCwFLyPkQ0j/FpVjnxSOI4P8+z8r+c8UN+3d1je5PEPILZCGaX0pZL9dsrrXLiocQg5YJ8sfrO+8utcuJ+BHuOnnrrdZK+T9P2cbrH9haIP3+vNuSRSxm0lKrNNW+FMP8/E0444YQTTjjhhBP/HfEb5R9bJt6cDB0AAAAASUVORK5CYII=','cancelled','2026-04-14 14:24:01.849600','2026-04-14 14:28:24.892599','2026-04-14 14:23:12.402170','2026-04-14 14:28:24.892897',7,1,NULL,1,NULL,'Probando el juego',NULL,0),(10,'5YL740','data:image/png;base64,iVBORw0KGgoAAAANSUhEUgAAAYYAAAGGAQAAAABX+xtIAAACM0lEQVR4nO2cTW7jMAyFn8YGZmnfoEdxbzBHmqtFR+kN7L2M1wVFR3ZaYIKpm5R4Whj+yQdIoMlHUXIScV9bf90JACJEiBAhQoQIESJOIXKqDVi2A4D0itUfjd/eKxGnEgNJsgB57CyVt1cgjwBJkpcH9ErEqcRaPXliATAU8DIUYJphUeAxvRJxAtHf3FlGEKjO/sHs/TnHIeI/iPxSgDzCXHxT8Qf3SsQXEi7WrufkDA/w6IiJ5fCT5xyHiDvaPkEzFT8capPNgxDV5m1zZwcATDdPn3McIu5oHrjdsTkDvAAg547XsO7Wl81/PNHa3Nq8PZg7u7Qz6XkUYovtxS9nNNY3S5uoy+ZBiCaH48Vm5R0xzR3tsjlTbA9CNBMxq7lN9Oob0MZ2+XkYwutwS1+Yx64kLCOYx0MJbk3Mf76vVyLOJPY5XHE/Z3EpR3Vx+XkYop2f1wBfRd1VvMDuSc+jEDs931ycXnu9pvHy8zBE4+cWwqcZTVgn/RXQ/DwM0eh5zdYH1tjePlDeHojY6i8+F98qrrupm/Q8ENH6OdzZTd63jRPu4rJ5DOJmXc1WWyxvV+01JHGzfl5rbmXL1guuk3TZPBJRDQoL8Fh6IKcesAB/zfCefRwi/qEd9PywO6YGAOl5aGJ6+01g6U3K06tlc6u+aQhM5JeC9Jc1wJNvdRVG3zSEIT7b90ru9kxob1Qg4oN9r16isYWWodgroLw9DJH0PxMiRIgQIUKECBE/jngH7OrFy8ff2AoAAAAASUVORK5CYII=','cancelled','2026-04-14 14:29:11.144591','2026-04-14 16:43:08.660539','2026-04-14 14:28:33.540067','2026-04-14 16:43:08.660733',8,1,1,1,NULL,'Probando el juego',NULL,0),(11,'1T2I3H','data:image/png;base64,iVBORw0KGgoAAAANSUhEUgAAAYYAAAGGAQAAAABX+xtIAAACJUlEQVR4nO2cTW6jQBCFX6WRsoQbkavNzeAoOUCk9h70ZtHVTceMFCUZJ3bp9cLC4E8GPdVvl23E59b+9EkAECFChAgRIkSIEHETYjVfwGWAvQAwmwB7wV4vTT9+VyJuQoAkyWUkSW7ggkRgJDFnABi3q4/c53OI+AKxuyXPRfjduIwbivCrmf3OXYm4ATGcT+0D5tcBhvEN/6je7/M5RHyDWCc/ILMH9f/+HSJ+lTjFc2aAzIkAEourVzwPRVRB29tl3K5ffEnzIIRr3q3sbr2kb/P1ZWn+8ERz3NWwm+ZkTjzcelVfmj880Xx7KqpiLqG8aZ7rkeJ5FKL69nycOTQHitIlqEvzIERn54exu9xIxez7C9L88YkuhwNKjl57r0Dv22XnIQm36d1cabYyDbu1cu7+n0PEB+tcptVOTAnlh9nLzoMQfa1GekkGdOF9Kw5A8TwM8S5vH926i9JdPKfsPCKRCFyefR9tnVLtx5a8TvE8ENFtoBR9S8e1a8FV3y47j0I03177cKj9l9pvVzyPRrzL4XJfi6N15KqJS/MYxGlfrVVoXKDea0jitH9+1OetN3cU6dI8EuGCooj8xwZgtQHwVmxN7n74rkTcgujieVefo07H1IJN8TwQcdK8DMXxUL/P5aV5SGK1Z5pNicBlAPnq09DqyYQhznOv3PyHDf3MhGajAhHnuVf0s87eh6P67YEI0/9MiBAhQoQIESJEPBzxF6GF0O3fuDrkAAAAAElFTkSuQmCC','cancelled','2026-04-14 17:46:29.376099','2026-04-14 18:47:29.521009','2026-04-14 16:54:07.948430','2026-04-14 18:47:29.521248',9,1,1,1,NULL,'Faltó tiempo',NULL,0),(12,'WFXKST','data:image/png;base64,iVBORw0KGgoAAAANSUhEUgAAAYYAAAGGAQAAAABX+xtIAAACZUlEQVR4nO2cS4rjMBBAX40MWco36KPYN5ur2UeZAzTIy4BMzUIq2+nOogOdn6haBGLnQYlSfSUiym2y/rkRACeccMIJJ5xwwgkn7kLMUgVYBQAZlw5gtVf9w7Vy4q5EVFXVDHMPMgI6xfpVVVV1eoJWTtyVWM2Ti3cDc7+KjFCiwHO0cuJhxNwDLKdrzfs7rcOJHxGDqjL865AxnoUhvYRWTvwiYcna8rlqCgoE1Slm6rPjT15zHU7cTiwiItLB/HEWneK5JvC5h1K2j0/Qyol7ENWJd9k83mr5L+J+3gpRijZWgUXEarjOSvbF/bwhwhoz1g4IKsTPTohBKVsgJoSYt9+96DqcuEEsomcgZhg0w1AKOVBNYPHeY3sbhOXzRGnTdIqqxfDEWrKXF27zVoiLwWrMWEMejtbfNoPbvAXiULfXcYxulk6we/w2kn/NdThxg+z53AL8ntn3ri1ve8Nt3goxpKAyUis3C/CrMMupRv7azr32Opz4iVg+vyjUa10XLoay7ueNEEebD8mm7GULHEo68HzeDHGweWnSh4R1aHuT7nV7S8TBoMXIQwo1rG+Nu89k2iKOc7gSx20YZ6eq9sxjeyvE1XO1fRJTLD2xub3b/P2JLxcc2at1KB8ZncDr9vYIa8mAVRjSWm49WxMX9BvxCK2cuAfx9VytZPEh2V3nKmE7aHE/f3uiu/445k6gQ+cxZFh60blPD9PKiScQy8n683gWkQ9V+ZuerpUTv0JcufcKut2Hq4draW/SPba/PfGtbt/GrnUwk4LWdt3zeSOE+P9MOOGEE0444YQTTrwd8R/G54F9Mjk/MAAAAABJRU5ErkJggg==','cancelled','2026-04-14 18:48:58.655452','2026-04-14 18:54:36.411311','2026-04-14 18:47:55.297546','2026-04-14 18:54:36.411437',10,1,1,1,NULL,'Faltó tiempo',NULL,0),(13,'MKPP0E','data:image/png;base64,iVBORw0KGgoAAAANSUhEUgAAAYYAAAGGAQAAAABX+xtIAAACZUlEQVR4nO2cTY6kMAxGnydIsww36KOEo8NR6gAthWVLRJ5FfgpmejElDVATmQUqoJ5kZDn+7LhKlNeO9ONFAIwwwggjjDDCCCOMOIVYpBwsI4jIAMsIQKqPxsutMuJUwquq6gbhMUCISQCQCVBVVZ1vsMqIU4lUI9lv6OxVYa3BvojIPVYZcQWxjEnyCf8lhPgWVhnxD4nhu5sSHj9zr0aX8fMGq4w4k2g+dwokYB1Q1iQKIHgg7Jt17/keRrxOrCJZreM3WD62fFtnIMv26QarjDiDKKL8ecwAQVUJ8c+nqtt7vocRLxNZno+phXMSwKlMbQEo5fp7v4cRf3PU6HZKiO7wKVdtW/2mtzjvg6ird9xflrU9P3Dl02w+74RoGXvjEN3F3aqR2qIxn3dCHNZ2rS24EN3u9Ix983kPRKvPk2gt0geKhkuiy8eXAG5jGeNlVhlxJrGrxvJ1iOyU23Plt3zeDdE0nMsZu6zoulHyeZN0ls97IfZdl9lXT8/APp838W4+74DYb47ncMYVGZ93VYG8AFic90LsM3auyyin0nt93jOfd0IcNVztwxUFf2jRWJx3RiwiohoPkxIhOs0jMosM2GxUb0SLZEqwJykbqr6IuzusMuJM4jn3yjogk1clPERkIgmsNg/XEVF1u29CLkd8q9p87cxaPu+FaD5vxZkvCv4w/uhsX61jIkSQCad5SKLssVg+74j4Zu7VqRT59jlom4zL05AXWWXEJUTZK8+/ZAiPAZ3XAZlIuVa7xyojTiB++2ESOnPot+/3XSyf90GI/c+EEUYYYYQRRhhhxH9H/ALQmD9zWf64eAAAAABJRU5ErkJggg==','cancelled','2026-04-14 18:55:33.571629','2026-04-14 19:03:25.989901','2026-04-14 18:54:55.455023','2026-04-14 19:03:25.990051',10,1,1,1,NULL,'Faltó tiempo',NULL,0),(14,'SH10VU','data:image/png;base64,iVBORw0KGgoAAAANSUhEUgAAAYYAAAGGAQAAAABX+xtIAAACW0lEQVR4nO2cTY7iMBCFX40tsUykOVBygznSaG6WHIUDIDnLkWK9WfinE2BDqxN6rJcFCphPFCrKr34sjHjtij9eBAARIkSIECFChAgRhxCz5SvdjYsHZvMAEMtSf7pVIg4hQJLk1JEkV5BcAdSnU7feveV7fg8RnyBijuS5BzBcPczMA0NA2gXeY5WIM4jheiH/9EjutvGIzxDxVsI/vhSNQ/iZ7jn3tzdYJeJI4kHPJzhiuNd46XlDRInzpQp2dzPO/c0TiJ7zrxvyUneeVSKOJHIQ7y8M6WF9sqo4b4WY+2gAotkIgNPiAcDRRgA2IlpK6M+1SsQhRInk4IghOAJwBLoVnLoc7CnsS83+Pb+HiBeunc8BDMFx4+70EwCgHK4Zoibl1b8dNw9J3uudfN4SsVzIqftrZIgGLB6cUKQ8NeP6860ScQSx6ckYcKHlzTwahqtfy1r0qtWaIcreDmznKdxkcyQnOPVk2iF2et4xn44bPoZr4a6El8/bIhazXKZ96Hm3Io/T+zdZJeKLibqZA2RwZZevGXyu3wDV580QVc9d3dZZ6vNQSnOW1+TzFoiNWCd31/SNaaQWpOetEdu8nQGlz1oT9Sm9q8xX5fMGiIfJ2VRb7Si5fKnk5POmiI9zr1g8bFzM0impCdE2Rdy5Vok4hHg89xrcLsRrT0Z63gqx78nkPlxayHMXANLzpoinPifLGDW3XSE9b5mYzcqZmG6F/WYOdhvfaZWILySe6/kQ3P7MhPS8IWJTn6eneYZWCzbUpqz29kYI0/9MiBAhQoQIESJE/HfEPyFsn+wsaYAIAAAAAElFTkSuQmCC','cancelled','2026-04-14 19:04:11.062948','2026-04-14 19:17:37.188251','2026-04-14 19:03:35.737731','2026-04-14 19:17:37.188437',4,1,1,1,NULL,'Faltó tiempo',NULL,0),(15,'HUVIOS','data:image/png;base64,iVBORw0KGgoAAAANSUhEUgAAAYYAAAGGAQAAAABX+xtIAAACV0lEQVR4nO2cTYrbQBBGX6UFs5QgB2rfLORm0lHmAIH2MmBRWfSPNFaymIDscfNpISzJD0qUq+qr7sLmfO5Yv30SABEiRIgQIUKECBGnEIuVgyWfBuxyHQDW+mh6uFUiTiFwd3efR3d3v+Hut/JgHm/l9OErX/M9RPwHsZZIXmzAZ8B+vA8QEzkLPMcqEScQw/2NmCYs+jr4MoHF+RlWiTiTOPgcwJfpFxbTlD893ioRZxKHej4DkC+3Gq963iFxNTOzARhv+MxqLNNqLBNk2X55glUiziDw+yMBsSr4w1PF+esTLXHXNi2m4D4TcjInunv+CSi390LsNJzFObgtU8Bi+t5urwMQ3BgfZ5WIM4ka54Sc1n0m7KIbCHm3VXHeDdF83ip7guLuKt4/yviv+R4iPnFUTwevkj047Or5DaJ6tZ6IXfOdXdskHTGF5vMt7OXzlyd2un2L83JJKGm9yXj5vAdi34E3IQdjC+x018LL5y9PfNRwN4qTUxHqJbcnxXlHxE6tlzj3JuRG97yXGhOonndD7PrzstxGC/FUW/Mm8+TzHohdsS4tWS7qNeJVz7slFquzb5d8ApYpeN1XG8j3HmuViFOIw87Ztr2yifcZrb32R2xzr4y/jfhuRnx/87yTzuh+TzzCKhGnEP+Ye91CvK3JqJ73QhzW4TblVhbjAOpem3zeA3H0eYIS57TpCVTPOyIOc6/LBZzrmxtjwmIt5JqZ6Ib4Sz2vkn0/M6F63iHR5l5Lpw7+cwoOrJbz/TI93ioRZxCm/5kQIUKECBEiRIh4OeIPyxK9146NI38AAAAASUVORK5CYII=','cancelled','2026-04-14 19:18:20.529514','2026-04-14 19:31:52.429570','2026-04-14 19:17:46.726706','2026-04-14 19:31:52.429746',11,1,NULL,1,NULL,'Faltó tiempo',NULL,0),(16,'J1KE12','data:image/png;base64,iVBORw0KGgoAAAANSUhEUgAAAYYAAAGGAQAAAABX+xtIAAACgUlEQVR4nO2cUYrjMAyGP20M8+jcoEdJbrBHGvZIe4P4KHOAQvxYcNA+2E7bySxMYZN2jfxQStSPyriyf8miojw2lh8PAmCEEUYYYYQRRhhhxC5EkDKARWSMIgDIyFJN/eFeGbELgaqq6uRVVTWhOoNOdMowg04+ffrIa87DiO8PV98sDvwZoEuCP4uGHgQPhBHWnO4152HE94fbPPEXYfjtEPzZKSxP8MqIY4no0AlgmIHQ7/EdRrwE0anqDISTqox0CnQqI8CgqlviCK+M2IGoe3uU9dHiNJwuoqE/Ow0/oZj8cV4ZsSdRRPntSOSX6Wvra87DiAfGNRGryZnmbR28asnabM1bImokz53W1S9JOusZn62Wn7dC1DiHItSHuct6LT/DpyrjLc4bIaqG82enxC5J6BENY5fAzwjxTeWOeM15GPHAuCo3hqtym4H7vT0f7xbnDRA3yhzoimjLO3rWdd2q5W3N2yKiQyd/EfAX0Sm+6U1FLvRg92rNELe5Wt7MVxlf0rRUdJ1puNaI6GCYy105oV9E3meA+FZU/TO8MmIPgs+BXYK9nOc6+VTSNMvPWyG2PRPbEk3J2W3NGyHuczW9rbiu1huDrXkDxF29XRNQczXw6w2qt1ytIWJzczZB3sxzdeZ6qFucN0Zc+15Ld8wiNc4XgdoSebBXRuxKVA1HOKVabAWkdMwssiGO8MqIPYj1PE/UY7tU3rN1Auovwvb2RokgDv3VV8me1VwUkfGZXhnxD4m/xXnN2Sdqu4TVZFoh1v72fGwDsc8vOnwIip+zXUzDtUZEERFxudeZ0uZcep3l/cNtiSO8MmIPQux/JowwwggjjDDCCCP+O+IPVBBtMwEN2zgAAAAASUVORK5CYII=','cancelled','2026-04-14 19:32:34.146075','2026-04-14 19:40:45.972093','2026-04-14 19:32:01.511411','2026-04-14 19:40:45.972207',12,1,NULL,1,NULL,'Faltó tiempo',NULL,0),(17,'FH1L7M','data:image/png;base64,iVBORw0KGgoAAAANSUhEUgAAAYYAAAGGAQAAAABX+xtIAAACbUlEQVR4nO2cTa6bMBCAv6mR3tJI7wA5CtygR3rqzfBRcoBKeBkJNF3YBvLYNFUhiTVeEAvnUwZN5s/jRJTHxvzjQQCMMMIII4wwwggjjDiECJIHRBFCCyItSM9cltrTpTLiEAJVVdXBq6rqhOrolE415fM6+OnbW17zOYz4B2JeLHkWHdIFpIfkBZ4jlRGnEH5C+thAl8z+NaQy4mgiXCYILflyyGcY8SxiF88HP0G3BnWL59URTX6Nsrmp4XITDe3vRsNPyEv+PKmMOJLIRrwZI9CV2W7V7Pz9iY3jphshzcBlZz6QvbzpvBpia8lJ8Zq1D7hi7KOzeF4PUXQ+kouzAVe+AkDK4QYo/t50/v5Es041iNOUr4XeTeBHhPihcke85nMY8cAobn2i1GrZzLn37WC+vRJiE8/pRlc8esnh0r20EW++vTIiStplh5TI3QRik0P50mY7WyojDiTCZUJ6nEJsyBdAen8T+bp+LLn8az+HEX8zFp8NpG1XcmclbcCOTtf+qvn2GoiNzktQL13ztCfjp1ymWX1eGRHafCZGf7VOIW6cORAbpD9fKiMOIe7y9uUCTtfV0mEzO6+D+L7fnkaXwruWHzx4q9UqInads6V/rgNsg7rZeWXEeu61uzZsKnWYBXBWq9VH+FKw5WNROZ5LqtmT4s+XyogjiM1+ew7bI2mWVgegfCPMt1dKhDZrOjda/AREEemfKZUR/5HY27nebcIM64kZy+EqIZb+eQrbQPxUIX5OdFdB8WNaF8vhaiOiiIg0y4H2WaTHqfSAfF2bPXGGVEYcQYj9z4QRRhhhhBFGGGHE2xF/AL7jaU5ZsBX6AAAAAElFTkSuQmCC','cancelled','2026-04-14 19:41:30.743544','2026-04-14 20:06:55.866205','2026-04-14 19:40:54.951770','2026-04-14 20:06:55.866303',8,1,NULL,1,NULL,'Problemas técnicos',NULL,0),(18,'3NVWJL','data:image/png;base64,iVBORw0KGgoAAAANSUhEUgAAAYYAAAGGAQAAAABX+xtIAAACfklEQVR4nO2cTarjMAyAP40NXTo3mKMkN3hHmjPNDZKj9AAPkmXBRrOwnaT0bQqTtDXypk3MBzKqfiyJivLcSr+eBMAII4wwwggjjDDCiEOIScqCRYSpK9sykOpWd7pURhxC+PIZZoDkARcFJL/Wqfsmp/bT13lSGXEKkTZLBoIq/QwyQPYCr5HKiAMI//Am3ERZBIXoFdILpDLiXGK5qAw4zUF9jewvlsqI/0esdu4USDANDoWIEJwKAej3xbr3PIcRzxOLiIh4INyEqUuiI0l0BHLaPrxAKiOOINCf1hgiOv64G9/zHEY8saqSS6KuI0CvsW7glN503hKxqhZ0DEXJZc1OVWfI38ZgOm+DWO08ojoDvapmOx8BqF6+Grvp/OOJkrf3V4/0f11kEoClA8KMsFxU7oj3PIcRT6x92J5LPM/hHfa+Hcy3N0Kwi91Z02tQL3mdU9U1pTOdN0Dc116TV0ieXpMoi4/KAkxf30hpw7zpOYx4nggRwKlI5xSWSy69yRBuIn+ul+z5z5bKiCOIXd5etJpDOdDPrvr2ebukm2//eGKN51A6qEW19boeYrmm2f28FWJ/Px+pKXvJ3DYHYHl7Q8SWjwM4LZWY3GYru7lOYzpvhbirw+Xqm6s/gTWyE+yu1hDx0Dkbw97id0Hd7LwxYpt77Wegn5NUO08CtUp3slRGHEI8zL1Og1OmzkWAPCxDGYg9TyojjiT29/M1bNcSDWtzbfP95tvbI/JY1OLvtL/YbFRDxKOdz1A6bEF33RaryTRDPMy9EqJn+h09/VXQ2llBLIdrhdjNRuXHsXbNt+pbqbxbPG+EEPufCSOMMMIII4wwwoiPI/4BtAtTvV9hqqQAAAAASUVORK5CYII=','cancelled','2026-04-14 20:14:08.702627','2026-04-14 23:24:56.431983','2026-04-14 20:07:28.562189','2026-04-14 23:24:56.432115',13,1,NULL,1,NULL,'Probando el juego',NULL,0),(19,'ASXKCA','data:image/png;base64,iVBORw0KGgoAAAANSUhEUgAAAYYAAAGGAQAAAABX+xtIAAACZklEQVR4nO2cTY7iMBCF35tEYuncoI/i3GCO1JqbxUfpAyAlS6RYNQv/EKAXw8LQYz0vQmTnkyoqyvVnoOG5EX89CQAiRIgQIUKECBEimhCBeSBwBGcAnLcRAGJZml4ulYimhDMzsx3wa56xPx8XIkyAmZnZ8gapRDQlYrbkMEUCGwlsY/4KBJLvkUpEA2K8n/AWRwP2tEC/vEMqES2JB51jm9In/TrBwnR+g1QiWhLFWRd/bgsGg1+H49zNIz/zPUT8+yh2vlWH7c608HGhAXG08PuMvOReJ5WIlkQ24tsBn6x7/2ZVdt4LkaJ1RHJGJLCdjJwG4wwgzYXp5VKJaEsMVi4A4HaUhDwSQNb+y6US0ZYgp6xfAJH8XCMReDIEkqrJdENUj70DPoXn2ZWX2pzZ9U7+vCdiG5GrbxiM83ZKxVbOiMzFuOn1UoloQdwU052ZWUnN4dchRfDpUkryP/M9RDwxDhlaityc1eNSQ97WFwyqyfRDHIpsqMG7La4a9nqXwkvn/RCRtrgLAXchP79GZH/udqROuvx5L8TN3n5I0vO2nsK31FPX3t4JcYjh7jM0v+YSzXX7l857IA75eWqpoYTsud6+yp/3RlQ7rza9AodAfUlPDZYqNtJ5B8RD52wBUkUOqMH7AkB7e2/E9dxrStI3Ev7rZLYgMu33b5BKRBPi4ZxMvWQTrzUZ+fNeiKrzHcnErUbraS4N+fOOiG91fo3ccjQH+fOOiIdzr2Eeyq1bQV8cOXUerhfi0Z/fddNqDV7+vBfi7odJh77a4a72V6XzHgjqfyZEiBAhQoQIESL+O+IvXMF0gTCMymcAAAAASUVORK5CYII=','cancelled','2026-04-14 23:25:45.357884','2026-04-16 01:15:56.627067','2026-04-14 23:25:14.550702','2026-04-16 01:15:56.627357',14,1,1,1,NULL,'Problemas técnicos',NULL,0),(20,'RWABLH','data:image/png;base64,iVBORw0KGgoAAAANSUhEUgAAAYYAAAGGAQAAAABX+xtIAAACaklEQVR4nO2cTYrjMBCFX40Ms5ShD5CjKDeYIw1zs/gofYCAvGyQqFmoJNsdBsbQjtPiaRESKx8pUaly/SWi2Lfyj50AQIIECRIkSJAgQeIQYhJb9Xouz+SKXLfGp0tF4lDCq6pqKi9ERqdynUX0zwioqqreTpCKxKFEbpacBSEudo7iBc6RisQBxPBwZX5TTAJguqRBgXyCVCSeS3hz8MWZT+MRn0HiTKLZuVMAGZiuLgH+PkiIUIEHENbFutc8B4n/X1Xnc7th+7soAOg03gedfgG25Z8nFYkjCQvKVysCevMWqD/sanrNc5DYsSwR86oIEdAbnCJoahmaUwTqvCdim3y7qnivCsCZ2Wt05WtBnfdAbOxcU7FzUzIAwCeL4APtvBNim587FYvhsih8hGD+qbJ5z2ueg8SOVSM31/IxV65g69tbefY1z0Fix1qFaqZV1eUGjhBdKcQzhuuO8B+it1J0zyJySQDmYVWMY1+tG2IdtxebjpawLVkbQlwSNtr5tydWVZfyOsTlwVXfTp33RKxiuJqVA5aheVW9+WRpGvPzXoiWn1s3rVh3C95N54zbeyI2vt20ClibzXYR1ruveQ4SO9ZSh1ONAMzEE4Ctq2eu1gvx0Dkz7VvtdXVTp513Rixzr+F9gMiYpdp5FrTmy5OlInEo0W7l05jFynIA5GoDNJyB7IfYxO0+Wd+0TT3X5tri++nb+yOmy4dgGmvIXkYiZxG5nikViS8k/mXnNZorVVjPmkyPhGu5GmzCObyLLKPP8jueIBWJA4hPP0yqY1Gb6ht7LH0Rwv+ZIEGCBAkSJEiQ+HbEX9qLa2e3wcADAAAAAElFTkSuQmCC','cancelled','2026-04-16 01:16:58.320428','2026-04-16 01:55:52.854990','2026-04-16 01:16:17.692375','2026-04-16 01:55:52.855208',15,NULL,1,1,NULL,'Problemas técnicos',NULL,0),(21,'LG7DBY','data:image/png;base64,iVBORw0KGgoAAAANSUhEUgAAAYYAAAGGAQAAAABX+xtIAAACTklEQVR4nO2cTY7jIBCFX429x9IcIEfBV+ub2UfpA7RElpGM3iz4Men0YtJqJ2n0WCDL+JOxiqIeBYkR95X4504AECFChAgRIkSIEHEIsVouWG2EzecRNqemWJqmh/dKxCEESJJcHElyAxnae/DcPj3ymt8h4htErJ48EEA0+PcRWCekWeA5vRLxCGKd8oXZ6WLw4YB3iHhBYrURXADwbTrqHSKeRYzlIs3o6dp8+LvBhwiDA+DbZN1rfoeI+4mzmZmNANzF+Ha6GNYJydmTbJ+f0CsRRxBZlO9lAQBPEj7ctkq390MkeT5Fs9mRwHkEgIE21wmgiLuX/g4R/1Oy+waACwZySZEd4OK2VOWi9XknRJ29SzpmccyG92kwlCvlZHoh2iRb9fPi+wP3cSA/74Zo53ZyQ3bx0FYkWdxeNv/9RKvMa9K90e05ng/y836I6udFuVWfblu5QfG8G6LEcwwlqBe1nuP5PgRk806IanMg7ZsmDReANp5X8S6bd0BcbY4nx94AuFylwQDp9p6Iq/U5i5F9yFVJ1kDxvB/iSqXt8vwrSSebd0J8judpRmcN5Ut6alAerh/ii321oeyWO1YtT9m8O2I/95qOwpGEfzezGdGAs87DdUTcnnvdq1DX7MrD9URUm7eLs7I+359SPO+Z8GGg2YlMhyT8vmZ/Zq9E/CAx3t6KlkWc+xi5nrK502nIB/VKxEOIknGFI21GNC7pB0wx/Z7pOb0ScQDRrs+BJt2W8+1wLDvpyrd3Qpj+Z0KECBEiRIgQIeLXEf8A9AGb9JWAxGYAAAAASUVORK5CYII=','completed','2026-04-16 01:57:01.270196','2026-04-16 03:33:59.390513','2026-04-16 01:56:22.582710','2026-04-16 03:33:59.390722',3,NULL,4,1,NULL,NULL,NULL,0),(22,'YX6ERG','data:image/png;base64,iVBORw0KGgoAAAANSUhEUgAAAYYAAAGGAQAAAABX+xtIAAACYklEQVR4nO2cQarjMAxAn8aBWTowB/hHcW82zM2So/wDFNzlBwfNwnbipn8xWaTtGGlhkrgPZIQsyRYV5ZgsPw4CYIQRRhhhhBFGGGHEKcQsReA2wDwuAoDIuNSp8elaGXEq4VVVNeUX+f05IBdAJ0BVVXV6gVZGnEosxZPnjy/RPx+q+dsF8i7wGq2MOIEYHr7cBoBl0FmcSpiWF2hlxJnEo81xiRBRwV/lcfZN12HEv8tqc6dA8WnBX/NEPqUL7WHde67DiOPETUREBsB/Sc7cJoB5hJy2X16glRFnEMXPW092+VlCRAmR3Yn8e67DiANSCjGf6msEgiZ0wt1NZEnvuQ4jDki1uapqdJrNnSt1nyBEyNX75M3mfRDVf2M9fylD2eDLhFc1P++GaPy8HsbVp8knqu9rHszmPRBoK6n49GruuulbPO+IoDU3TksUr/t9jecJi+fdEM0FSs7Rcw4XYd3MyTY3P++FaON5qKG8OnbJ4LdZs3kPxL4+3wzfxnM1P++IuLe5061W27b6/DuL570Qjc3LgCvp2+rshGh5e0fEPp5vHr/lcBbP+yLubZ7a83aNrl6v+MTaPvWe6zDigOhOthO55gkwm3dD7Bocy/XKvmrD4nmHRC3JmEfQP+MiOrFIvW1xKpcXaGXEGcTaG7UM4K/5ubRLfA7ATQB/FeYxPk0rI84kvul7/anMAjpfAHyk9sI+TysjziS+6XsFAZAQfyXKBqBImJ6nlRFnEnd9MrVWq0ftNZEL0Vl93g/xkLdPUK7O16H2S5nN+yDE/mfCCCOMMMIII4ww4r8j/gLe+YHCj62a7QAAAABJRU5ErkJggg==','cancelled',NULL,'2026-05-10 21:01:00.389076','2026-05-10 20:57:51.979497','2026-05-10 21:01:00.389168',2,NULL,NULL,2,NULL,'Faltó tiempo',NULL,0),(23,'8V3UDB','data:image/png;base64,iVBORw0KGgoAAAANSUhEUgAAAYYAAAGGAQAAAABX+xtIAAACP0lEQVR4nO2cQW7jMAxFv8YGupRv5BxdPkoPMIC9HEAGuyDFqHEXbQcOHOJrYchxHiCBpshPKUmCn7X9zw8BgAQJEiRIkCBBgsQpxJKsAQDSDUBKE5Bu2Nuj6emjInEKARERkZJFRKRCSq4AsgjmFQByffjKNedB4hfEbp48v4+QAgDIFWr4pS0ATx8ViROI8fjRUIEtAcv0F1+o92vOg8R/EMsEYBYRkdWC+gVGReIMYlAjY5Z/Kd22lNJte7OgPovIkXjGqEicQLQEzW9Lro8Xa8zhghBm866tg/m0u/inRptHIZZpT3oB7D0AMNgCsEym2Z88KhKnEL2fFwwqw2Hh3WK89qjPoxDN5uug+VqL4pa3a8/rNLR5BMJtDqhVi5bgBnX7vsd4HoTwtb0l6u7dcP1meR39PBixvYldcrUCrIjLNOzJ5dy150HiG+2+gYJZqomzAg/lMBenn4chuniuCs0DeIviFZhXxvNAxGPeDqhjV+11LwP9PArR2xzNsTu5Lnrr+o02f33C43n1pG1oKXt7oGs7/TwKcdTnsF6rtzOeRyPQu7O0cpvrc/tSFm+0+csTh301rb227RXWXgMSh/1zS9SrZ+v2CtDm4QgzKEymbSOwpBG4SzdTchefB4lvtC6eo22pNX0O3FM6xvMwxMHmWp2Ru/X9FeDaHpVYJkCKbrmMEHm309DcYwlDHH7Hopmbl12LSzfq8yjEF+de2w6bnofLtZ115toehEj8nwkSJEiQIEGCBImXIz4Ar6jAQSEEmDUAAAAASUVORK5CYII=','cancelled',NULL,'2026-05-10 21:02:33.588534','2026-05-10 21:01:16.977086','2026-05-10 21:02:33.588631',16,NULL,NULL,2,NULL,'Faltó tiempo',NULL,0),(24,'LW4B5I','data:image/png;base64,iVBORw0KGgoAAAANSUhEUgAAAYYAAAGGAQAAAABX+xtIAAACaElEQVR4nO2czY3bMBBG30QCchQBF5BS6A62pGA7E0txAQGoO4nJgaREr3OIg3jtJYYnWfKDSXwezg/HFuW+kb/dCYARRhhhhBFGGGGEEQ8hgtQBZCE4EHEgZ3J75D59VkY8hEBVVXVdVFU1lZewJPARdF3Sh7e85jqM+Aci75acBR+nksPJGcou8JxZGfEAYr65szk0CBB+pFkhP2FWRnw+UbZ1gOAe9RlGPIvY7XxSIEN4SzMsaRYfUWEBfF+se811GHE/sYmISPsGBAf67rLoCpSw/fyEWRnxCKIG5f1owbuPf3z6musw4o5xJGKHF9eVSWFRLVfeNB+JaJozNX3jVNQHJlWNoBony8/HIXbNAUr9JTWR93sr0IzdNP/yRPPYsb/CN8OmBvSY5uMQV1FarMVWaHIfe3tx76b5AMSu+a70LneN66YuljfNByN0JQv+IoLXBGxzV4yzc7VhiCt/3kL2LmHzmqixvNn5IEStvIXzlASQVnZ1iI8nYDspbJ88KyMeSex2XlPzVo5JlIR8XVIN2S0/H4Xo63C1U2JqIbvumlvcPhLRxe2HiR89E6qqxZWb5sMQHOZcyjE1TTuSdGgFOtN8DOLm5KwYO7X22jl1s/PBiKPv1UfAxyzNzrMAx7nLa6/DiL8YrUtiiQB5JrwlNLgpASAspYHm6Jt7zXUYccfowvPjXK28pDXF1W3d9vZBieBAfl7mvtOdzXqjRiZqLp5ay+v2vZZj3t0TZ2XEfyRu+l7ZTongfoG/CFodPYjFcKMQV30ytB8rrdBV3+yMZSxC7H8mjDDCCCOMMMIII74c8RujslwyLa54IgAAAABJRU5ErkJggg==','cancelled','2026-05-10 21:04:05.836943','2026-05-10 21:05:38.083586','2026-05-10 21:02:50.548598','2026-05-10 21:05:38.083686',17,2,1,2,NULL,'Faltó tiempo',NULL,0),(25,'TN8ON2','data:image/png;base64,iVBORw0KGgoAAAANSUhEUgAAAYYAAAGGAQAAAABX+xtIAAACMElEQVR4nO2cTY6DMAyFnyfsww16FHq1uRkcpTfILEeierNwQoB2gzT9i14WUVP6iSBjv8SxasSxdv06CAAiRIgQIUKECBEi/pcASZJjHSYAQCAQSQycy6VIkpzf8zlEHCeyQYHpNGfDDxczTP3+tXjv5xBxgLiaWQ9gSICd468BcfYhJjN7zaxEPIDobr8KtMkAArl7/qxEPJWYrEOVd/f9/76HiJcSRayLnpMsK7chBf+0/cl7PoeIA22/bh/jvO9yk80bIbLN9y2Vy8P+imz+8cQSuItj0yM6SabAGtaL9WXzjyeW2B68q44NILjHu/Wl560QKz3fdMXcY8xRQHreDLHScwzuzjOA6vZpFwBk848nis1TSbUPHtYBbGO7/LwZYrX5zlZNJcBvXwbpeXPEj1k+VDkVP596AFMfaHYi7fyCWYl4BLFNslU/rypeM3Ly8zaImxBeUi/ASs9J6XmDRKCdEWhmHezsfg74gSpwNZ2fN0NsYnsC3MWHVQquxHb5eSvEEtu3xVCR9HIJ6Xl7xCrf7sMRi4AjlJ16XeHJ5s0QSzAHIl3UOeJqOfe6VE49d1YiHkLcqXtdV0oAcfatm/S8OSLWHRrAb+u8Sgq56rlUQz55ViIeQWz03H0aKDs0LEPpeUPEjc29UiLlBLuv4KGz1KaJqQeypX86kJdcDa2cTDPE3brXVYom10yoNqoh4rbu1Xfluct5OOXbWyJM/zMhQoQIESJEiBDxccQfPxbI4dYGJw0AAAAASUVORK5CYII=','cancelled','2026-05-10 21:11:42.408970','2026-05-10 21:18:53.802941','2026-05-10 21:07:32.253709','2026-05-10 21:18:53.803134',16,3,2,2,NULL,'Problemas técnicos',NULL,0),(26,'TW0F1S','data:image/png;base64,iVBORw0KGgoAAAANSUhEUgAAAYYAAAGGAQAAAABX+xtIAAACdElEQVR4nO2cTYrjMBBGX40MWdrQB5ijyDeYIzV9M/soOcCAvAxI1Cwk2c5kNhnaTrcoLRIr9iMViq9+JBFRnhvpx5MAGGGEEUYYYYQRRhhxCDFLGUAS5gFEBpCRVG8Np1tlxCEEqqqqU6+qqhFVjeBVFR9Apz7+9cjX/B1G/AeRqpKXDuahfCoj5CjwGquMOIdwir+KMP+MqIYvYpURRxIpa1on2Cn+c7/DiBcSD/l86lWhV81JHcvnzRKLiIh0AEl0Iol+DEl0AnLZPr7AKiOOIIqIdyNA0Xn4x13T+fcndoF7a87wwRUXT7gc5c3nzRCrkqunc0MeAHBZ9qr5hvm8DWKv8zwNpWTPdTt9LFfedN4I0ZX3RQBcZB5dFHAR+oCwXFTuiK/5O4x4YmyZOs/9brqP7WCxvRFije2R6tUyrXWdK4271XCtEN12qZA6wEWBi8LSRWUB5l+/EfpwmlVGnESIDE7zcoyGsgArY38Teb9ecif3AquM+HRireHyElyH19QJgPjwBixvCsvJVhlxJLHrz3PlluVc83lZoqntnOXzFgj2RRt1HS6X7Gtx561ub4m403lwur1sd+sOm/m8DYI7Odde3Gtp3cpDvfVqDREPO2cTVewT7JO66bwxYjv36vUmzEOSqvMk5PNS4XSrjDiUKCKGeXBaijZARtzq+POtMuII4n7ttTZs5OJ921zbYr/F9vaIWSSfiNp7f7GzUS0TJaw7LUdel0tZjvkYXmiVEZ9IrHssOW0D/U2UpYv4q6B1ZwWxGq41Yj33OstFob+JjDiVEZD3a/dInGGVEUcQYv8zYYQRRhhhhBFGGPHtiD90jFUrVmhW5AAAAABJRU5ErkJggg==','completed','2026-05-10 21:21:12.457561','2026-05-10 21:46:25.762516','2026-05-10 21:19:20.694698','2026-05-10 21:46:25.762628',18,NULL,4,2,NULL,NULL,NULL,4),(27,'O3F0HY','data:image/png;base64,iVBORw0KGgoAAAANSUhEUgAAAYYAAAGGAQAAAABX+xtIAAACXklEQVR4nO2cTW7bMBBG31QCsqSAHKBHkW9W5GbSUXqAAtRexHRBUlLibNxGsU183FHyg2kMvvnhDGzObSv9uBEAESJEiBAhQoQIEacQs5UFJGMekgFgF1J9NXz7qUScQuDu7j4Fd3dfcY9dSeXHCD6F9cNHHvN3iPgHIm1KTsbo7swD2AWyF7jPqUScQPSfPSxCD396h/Tf3yHi0Ymwwmx99u3Mw2OcSsTXEVfxfNpfBXdQPG+WWMzMrCcbeQorPpHMJyCn7Zc7nErEGUQR8WHFrmo6fvJWOn9+4uC4S3FGl708BHef6JxRNm+J2JRcSvNd3cC23bUvmz8/ca3zg+KhhHegil02f3qi1OdjBGfpViOk3nOFFiLG8uL2jnjM3yHihrX79rzGGsp579tzeJfOGyAOmXmx6hbUi5fvarSXb2+LmM3MPZZuGvNPd1j6EsrnAdRXa4ao+o3AGDvPvn2r2up2L9ik86cnao8lOLAkY7bOYQEb4yuwvObtt55KxJnEpvNNyZGcyOWCfAprKdNUn7dCHBsoU96ukFN232yuvL0l4ipvn2qZtr/NIxSyeSsEu5xrN61MRNUiHQ4NVdm8AeKqc7Y582r9+kw6b4zY517H2Lm/DcmqzpMBXb6D/+ZTiTiVCPUCdh7AftXhV7vkyJ40A9kOcYjn7+agyvV7ba7tvl++vT1irnNQNZdfyZNTl3ueSsSZRL5/ofMy8rq8lOr9bbjjqUR8IbHNt+ewXXdLvzL+NpwQ8xNTDtcKUQP4tp2oDfPt9k09lrYI0/9MiBAhQoQIESJEPB3xFza5eIbV7eaSAAAAAElFTkSuQmCC','cancelled',NULL,'2026-05-11 16:47:45.794942','2026-05-10 22:14:13.669536','2026-05-11 16:47:45.795186',18,NULL,NULL,2,NULL,'Faltó tiempo',NULL,0),(28,'SKHZ75','data:image/png;base64,iVBORw0KGgoAAAANSUhEUgAAAYYAAAGGAQAAAABX+xtIAAACa0lEQVR4nO2cQY7bMAxFHysDs7Rv0KPYNyt6M+soPsAA8rKAjd+FLEeZtItpJ5mMQC2MRMlDaCjUp0gmJt439m/vBMAJJ5xwwgknnHDCiY8lkCRpPp/O/Qb0G4wpSNJWXuolSdtz3ocT7xjHmh8LSrlImvstfwWu3/Kc9+HEPxC7mQ1AHIJgNYO1gzEB0cw+xyonHkGMSwf0G/YjgU3PYZUTH0h0f5kPMgDF4fW/P8OJ5yJu9HwGpBSuNd71vEFiNTOzY1snfv9lwG7EAczMzKZPsMqJexCHE1ejuDjj6eL1cD9vhYjDnh3bpn4D2A0IsgmwqXj8g61y4i5EHcPFKcji8Noxph3FIQHsHTmk6x9nlRP3JKo83CXndtnbgaDLnO/tLRBUKp4vJQVXkq3S5ZGveQtEFaXloO3Mt1fOPvpZrSXiOicTxLi85HSMjUt31lf2DtfzVoirulrZ0RlTEFnKe0kzwf28HaLW85mgXFTJ4VsvSenNEd7X/MsTVWI1LzeQq2m1nif384aIQ8/HpdsUh1AEfA3bcSBfB8gpGtfzRohaz3PcTihhfCpH83MrcD9vgTjFugh4jtc42qJcz9slonVIix3VtDw3BJW6WodNj7fKibsQN5WzuZzQLke3nJn1vb0xItoxANC8mjEuL9KcwzfpLfEIq5y4C3Hb95qgdvFT413PWyGqvuacZT+qLWenex5BOenua94AcbvmpSkOzgh+xvW8IeKm7zVOAITN6BM2FiH3nolmiD/+jiWnY+qeCdfzBomz7zXa4fr6OQQBu+W4zvvhWiHM/2fCCSeccMIJJ5xw4ssRvwFwgoTqx8CfRgAAAABJRU5ErkJggg==','cancelled','2026-05-11 16:49:07.229595','2026-05-11 16:51:02.751733','2026-05-11 16:48:18.107294','2026-05-11 16:51:02.751832',16,3,2,2,NULL,'Faltó tiempo',NULL,0),(29,'J2FKQE','data:image/png;base64,iVBORw0KGgoAAAANSUhEUgAAAYYAAAGGAQAAAABX+xtIAAACZ0lEQVR4nO2cTY6jMBCFXw1IWRopBzI3mCPN1eAoOUBLZhnJ6M3CP2FCbzJqQrf1vEA2yadU5NSfq4gRr43114sAIEKECBEiRIgQIeJrCZAkOdVlncGHjiRjWTuSZPye30PECyPved5QpMuUXojg5OLTW77n9xDxH8RqZgOA2S6EDwBm61FmZudIJeIdhOfdbHTZott4xGeIOJXod3eWAZyHj7R4zN4qlYgjiZ0/n9ARQMcy5M9bJRYzM+sBuLtxcnfDPKyGeQDMzMzGE6QScQQBPo8AwDOmy+5V6fnPJ6rhzmkaPJlt++TItPQpa9Oet0HUGK4jsFwJLNfI+feHlYLb2gPoaHDvk0rEkUSx3qFLWXmy7QCygU8/BkB63g6xCcrhQ7cx5uWwlXzMtOctENs9B7I6Y+vPs4+XnjdDbM5kiOUa02GrnwDzt77WV9Ye8uetEDUbi2UZuuzekyt3JKei9tLzFohNLTX5bh+QqmnZi4enFF573hSRymcuwv7c+lRQtdFF2Lj0wDycI5WIryY2Spzidriaobms9uminolWiGrbSxrOR8IW6j3F7S0RmxiubHcsgVyayZ83Ssx2YSqkYbnQRgCYh46lrtYj3XuvVCIOIXaVs9oAlz27K1G9bHtjxGx5AMuFKYL3tws5YbUUzZ0glYhDiE/7Xjfn7VM9k5E/b44ofa+5qtqDE1azccktMjaeIZWIA4hNzwTgHoF6TtLzsSvkzxsidn2v89jF3MzuAswXR66eiWaIvT8PQD6C2/RMyJ83ROyfV/vnYaX8lqC6WkOE6X8mRIgQIUKECBEifhzxF/gIn765487KAAAAAElFTkSuQmCC','cancelled',NULL,'2026-05-11 19:30:41.282647','2026-05-11 19:26:52.214347','2026-05-11 19:30:41.282737',16,NULL,NULL,2,NULL,'Faltó tiempo',NULL,0),(30,'WEDGFH','data:image/png;base64,iVBORw0KGgoAAAANSUhEUgAAAYYAAAGGAQAAAABX+xtIAAACg0lEQVR4nO2cS4rjMBBAX40MWcrQB5ijWDeYIzV9M/soOUDAWjbI1Cz0idPZTGbaTsaUFkaJeVCiUl8VEeWxtfx4EAAjjDDCCCOMMMIIIzYhJikLWNoDJLDUV/3uUhmxKeFVVTUBOGXqQUIU0Y8eVFVVxydIZcQWRFc3Swf+0nZOIYLggSlAq+le8xxG/AsROxjOIhJ8QnV+DamM+D6iu/vGKxBBp/4C06/LE6QyYkui6dwpsMAUXBK8Inin2bcP62bda57DiMeJKCIiHeA/RUeW9oCctocnSGXEFkRJyr+ssYby+1fpNc9hxAOrKlmVYQYdfQJ8ahWaUwbT+ZGIlSUzzK7sSnh3Wox9dvlnYTo/AlF1Prts51nxo29NGJ/Iu8Hs/CBEydun4FBQBEBAUPyMEE8qu0tlxJZEi+eJm3iuX317a8++5jmM+AuieHSIJ4XYZe1LwGmu32pH7sXPYcSfE4tIqLdpxdhjV0L51IPdqx2GaDkcrDz6WB8MmnJeZzncYYibfnsUyJkbizDMb0B8yzdsu0plxJbETact1+e1J5MLNp9KmWb1+cGIPCThPwVwynA+lXI9r9ghYX+pjNiEaHaeyAEcXzuu7S2DqtVqxyFW/facyBX9Xot0WLXfTecHIO5uzsZV3s46qJudH4y4zr0OmpD3eZFq50uN8fPuUhmxKVGMOGdzUOO5hDJAI3fEHlIZsQWx7rfTJiXyR6Berl19v/n24xHTz4QEasqes7los1FHJoZzVyacs5ePp5LVf/RPlMqIbyTu5l7xqYPYw3Aul+gAiOVwRyPa3Osk5WcgAacSAHk/d/fEHlIZsQUh9j8TRhhhhBFGGGGEEf8d8RtTnwghhNhz3wAAAABJRU5ErkJggg==','cancelled','2026-05-11 19:32:11.059785','2026-05-11 19:34:18.953444','2026-05-11 19:31:32.459307','2026-05-11 19:34:18.953538',18,3,2,2,NULL,'Faltó tiempo',NULL,0),(31,'HV1LAW','data:image/png;base64,iVBORw0KGgoAAAANSUhEUgAAAYYAAAGGAQAAAABX+xtIAAACOElEQVR4nO2cTY6jMBCFn8dIvXRuRG42V4Oj5AAjmeVIoDcLqowJ3dL0jIiC9bxAgeSTbL3Un11JIL43lh/fBAARIkSIECFChAgRpxBjsAEACHcAIdyAcMfib91ePisRpxAgSXJIJMkZHNIMAJHoMwCk+ekj77kOEf9ALGbJ/aMDyRlAmrEKP7oDePmsRJxAdIcniVgFHm+/8En1/p7rEPEfxHhbAvoMkNmC+hvMSsQZRCSZYc4cAMJ9+rCg3pM8Eq+YlYgTCE/Qyu2Q5ueLDeVwjRCmeTVyJPocKxPfDWl+eaIUYm7YJAkkEqu/9zLN1ZfmlyfcznNcVXUTj655BsgcVZ+3QxTNSyhHNLO3Z+YFFM+bISrfvqo6APCLWby9km9vhCg5XDFsmB/H3rfLzpsh6lrNyvCidHH6m5eX5g0Qu/o8+S473NhXt76m8dK8MSLN4DB9rCKTeQnA1CH85O+A/tFtG3TvvQ4RfzGeXbhVbW7sxcvLzpsh6hxu2PJ2d+uW3JV3pXkDxHEfLkfapRRxvfL2lohqH64u0xLLfrtrrvq8FaJufBoAbDk6gOgnqIllSPPLE4dztWoDFtp7bZI4nJ+vjRPcTtjsKyDNmyNMUGD16FMHjKHz29IN+eJZiTiD2J+xHLpjthiveN4McdB8X657Sqd43jJhv2jpAEwdyId1Q5eQf5F1iPh6VLVadaCayF3PhHqjGiI+6Xs1fQHvmLFb+fZGiKD/mRAhQoQIESJEiLgc8QeKvtoMfZMBfgAAAABJRU5ErkJggg==','cancelled','2026-05-11 19:35:04.438685','2026-05-11 19:58:34.568709','2026-05-11 19:34:31.446976','2026-05-11 19:58:34.569032',19,NULL,1,2,NULL,'Faltó tiempo',NULL,1),(32,'A63YEA','data:image/png;base64,iVBORw0KGgoAAAANSUhEUgAAAYYAAAGGAQAAAABX+xtIAAACJ0lEQVR4nO2cTY6jQAyFn6ci9bJyI3K1uRkcJTeAPdGbRdkFdHoTqZNJrFcLlIA+BWT891yKEY+t258HAUCECBEiRIgQIULE7xIgSXLcfV0BVLIdBq5xqZIk1/d8DhGPE25QYLIT2iswXM0wnb+/Fu/9HCIeIG5mdgYwkLQLAKCuwDADmMzs/9yViJcQixnHJVx8fJO7EvFEYjoDdkFpWk3z/d/+DRHvQRSSM1owb5+wfLHF9oHkPfGKuxLxBOKubh/r+v3gS3V7EsJtvltz8Vegu/hhyeYfT4Sfd8fmXNgsPaIwrpJhfdn844ke2wsxzMWbdLQaznO8+75iexIiYvvsEpwn8BrnxupRQPk8DbGL7a64wrvyne+3T4rtSYhdbPcOLXI3jrFdfp6OqCvsgkLyenLRndt4BTeT3p6G6Pm8RPEOAGhlfBR3fcwmP89A7PrzyOfen0cWX4FhVj5PRBw1mc2+3rBFQS8/z0osXwRwM3RnbwNV5fNUxKFXwzY83SS48H35eRbiqMnslZjQ25XPsxF7vb3rcM3miCF6uLhsnoO4m6v1QYsX75XSXpMRP+97Hbj2an3F1qTL5pmIGr0alhP411yMQwvwfTfki+9KxDOI44xl8+ljGa98nom4szm5Yle8u+yqfJ6ZmM6FdqkR5Xk9tfPSZNIQ3c89n/veqBk47JnQ3qhExI/7XiOfl9DhKL09EWH6nwkRIkSIECFChIiPI/4Bx9W5O0d3kVcAAAAASUVORK5CYII=','cancelled','2026-05-11 20:18:31.468375','2026-05-11 20:49:31.031276','2026-05-11 19:59:29.898001','2026-05-11 20:49:31.031373',2,2,1,2,NULL,'Probando el juego',NULL,0),(33,'8P4KFX','data:image/png;base64,iVBORw0KGgoAAAANSUhEUgAAAYYAAAGGAQAAAABX+xtIAAACbklEQVR4nO2cUarbMBBFz9SBfMrwFtClKDvoksrbmb2ULCBgfxZsbj8k2c5rC02pnTwx+nIsHxgzuaOZkRITj435y4MAOOGEE0444YQTTjixC9FbHsBsdgHMWrALc5lqD7fKiV0IJEnqgiRpQhpAXZjybBemD4+85ns48Q/EXJQcJKCROsAukKLAc6xyYgfi9LubFq8GhNtJMD/BKieOJcYTev86oQ6gb1/DKif+H7HovBEwQ3/BBGBxQEYA4rZZ95rv4cTfj+LzcVmwwy3dU9/eTuq/QZ4Kx1nlxJ5ETsq3Y4Ko6Y+zr/keTjww1kKMOKzF2QRRkjoapSv3eS1EUfIAxKFRkXgjaWjSRLry+rwWYqtzwpT8C0GpPk/3OqCI3X3+6Ymcw8XraYLxLCP8MDEaIgxYune0VU7sSWxi+9p2zbJnG9uT9l3nFRBLbF88HSZKNicRh6Y04j22V0JsqrHsadb1vCRyacvFdV4JseqX7Omk82Yp06YloXef10Esfbg30V8MQSOD2YjDW55gPNgqJ/YklhyuUZZzCeapIE+yL+Wc67wG4u5AxJDX89yO0TbU+3peDbFZz0venrP1dZYouc/rIe5qNSjbKyVRzw8Fr9UqIn7ZOetKA1YdbBd113llxHruNQ75tGvR+WxAk6r3g61yYlcilCK9t3NquwJgl3yAxs9A1kNs1vOyr3Z/1hko3wiP7ZUSfUvut0ul/c5o6XcOT7PKiT2JVJfRKB95Hc+5en9vn2iVE3sQed8UKDlcvJplnQP2fXiCVU7sQJT1fPmYru66b77HUhdh/j8TTjjhhBNOOOGEE5+O+AlMJWn203EwmwAAAABJRU5ErkJggg==','cancelled','2026-05-11 20:50:22.811435','2026-05-11 20:51:32.280695','2026-05-11 20:49:43.318759','2026-05-11 20:51:32.280819',18,9,1,2,NULL,'Faltó tiempo',NULL,0),(34,'ZX63QU','data:image/png;base64,iVBORw0KGgoAAAANSUhEUgAAAYYAAAGGAQAAAABX+xtIAAACNklEQVR4nO2cQYrjMBBFf40DWcrQB+ijKDebM80NrKP0AQaUZYNMzUIlWXayCYzjtvhaiOD4EYXyV/2qiIjitTH/ehEASJAgQYIECRIkSOxCBLGBMAJyu1+AIBcAmMtb49tXRWJXwqmqagJ8BADMAq/f+RFQVVWdDlgViV2J2ZQcxlkAACJysUcgiMgxqyLxDsJ0PuS6XW57fAaJQ4nLw5X7hwJ3AP7PCA3j3wNWRWJPoiTrks9z2vZx0DLS5paf+T1IvDDWBg06ubSdbDDmnRDQ7YgA4BLgq8TbwZifnqgbd0JTq9W9HT5PCdzbeyP811Vhbn1QhE8rzQHMAmBQub1/VSR2Ieru3aZtE3u+ZlUbdd4NUT1cNeoRxbk5u7K8Ysx7IBqXtlG3Ts5SOTxrtZ6IplZTjYMpfnIpG7kS80X2jPnpiaLziNqOAXSqbg5O63PAmPdBNPm8xHedz+OmhGfMT09UnQ8KuARzc9GMuu3tkTrviHjeh/PRZF9aNADzeTdE22+3VF4lHktprvTtPRFtTyZ3XJdJE5jPOyRWHg7VvlWjPuW7htx5Z8x7IB7yeS7NVbOlW3l5xrwrYjn3ivtV8wE4/3VVnTBLdnMHrIrELsTDOZk6mcSdrrrx1Pn5ieb381yf145ce0SG+bwn4jHm1cZnI5cn5vOeiSAiCHLNHk5+lx/W5Xbkqkj8R+JJPtdcn6/OTDCfd0Q8Pfe62De7hf32ngjh/0yQIEGCBAkSJEicjvgH4VnacjahPTUAAAAASUVORK5CYII=','cancelled','2026-05-11 20:52:07.142248','2026-05-11 23:24:03.835639','2026-05-11 20:51:43.599535','2026-05-11 23:24:03.835833',2,9,1,2,NULL,'Probando el juego',NULL,0),(35,'70FJRM','data:image/png;base64,iVBORw0KGgoAAAANSUhEUgAAAYYAAAGGAQAAAABX+xtIAAACbUlEQVR4nO2cQY6jMBBFXw1IvTRSDjBHgRvMmfpmcJQ5QEuwHAlUs7AN7u5ZdKQhpK3vRURCnlJWpeqXy07MuW9sP+4EQIQIESJEiBAhQsQpxGRpwGIGbAaADWz5Vvdwq0ScSgR3d18BGjezFjMz89cO3N3dxwusEnEqse2RvNnhZBsgZoFrrBJxAtF+fqlZk4PDW+uwXWCViIcTMcv3MzB1J32GiMuILNZZz30Ma/I5wR3i0+ItzzkPEfcTi5mZ5Uw/deAjm0VRNzOz4QKrRJxBpCAuxwq9u7vP/7z7nPMQcTcxdWDDYpYFfLOY2ydrseEiq0ScQnBEdyHqMcTnxosr6XktRJG96fcaLj4AsYYbIed7+fz7E9nnc+O5UHenn4lhDzRph10+r4XYfU4ObHbvU+b2vT37nPMQccco4zw6OV+NMeKbrPGK80qIveGSOjGlsuevgI8htWjk8xqIsm5P3t/1nCZ6n35uXHpeDVHssRjhrQXaNS7X+/kGLDeH5cFWiTiTKGq4d9qdl+tjyG05rc8rI6afKxD+5Lb68hITfBpL0Yx76nmI+Mo49BzIsj3mVXku6VxrtXqIsm5P5flx5fkHD0FrtYqITztnI6lkT1e7qCvOKyOOc699zPJ5Xy2dgG0OeX/qeYj4wshrtTADbC3Tr9kNmhUAIzQebzzSKhFnEoWeZ9nez0ax9+DDkfuV2+sjpg7MrE0lO2ElnpwarrRKxJlEP/PuyOvyktoxr92FVon4j8Su01G2geXm8Xx7/9vwJPRgquFqIT78MGk/J5O2UfMRCu2xVESY/mdChAgRIkSIECHi2xF/AZDVWmYmUzpNAAAAAElFTkSuQmCC','cancelled','2026-05-11 23:24:56.322703','2026-05-11 23:58:58.651325','2026-05-11 23:24:17.241846','2026-05-11 23:58:58.651425',20,2,1,2,NULL,'Faltó tiempo',NULL,0),(36,'IRD23K','data:image/png;base64,iVBORw0KGgoAAAANSUhEUgAAAYYAAAGGAQAAAABX+xtIAAACbklEQVR4nO2cTY6cMBCFXwWkWYKUA8xR3DeL5mZwlL6BWUbCelmUbejJJh0N0GM9L2j+Pqmson5ttRHPjfTjSQAQIUKECBEiRIgQcQgxWx6Yx/zEbATMxlQejadLJeJQYiBJrgCQXL/k3YyMAEmS0wVSiTiUyJpGiAB572H2TrrZz2Z2jVQiziBmeysl+9LDfsWXkErEkUTgb7PbsMKdeQ3v10ol4guJEqxLPPdDviQR/N7uldech4jnicXMzPpq2Mkwj8n4MQKett8ukErEEUTvP2Fruy89DAOAcO8BoPvUkX/NeYh4YhTHvXrKjsAVCGTR9LCCjB1rOfea8xDxH0RHP8zu4JMBw+rGbvZeUrqzpRJxALGzc05+mS3ekzZ3AMX2ZectEFnn3m5zF76CjMgOPnhvrlPe3g5Rdd7l7moN6vneUL8I2XkjxKNvzzl61j5ZzN7PpPM2iM1+y2W17pzLd3Tbl85bIfaLZmGz+HqobTnlcM0Q/XZKIPXAAFiIyQ/A8pPeojlTKhEnEIErMI8dEe5vuVLfWnAhJq2ltkPsFlC8CYOBDwG8xHPl7c0QuxzO8/ZQwrtXaBOA3eKadN4A8diTAdy6p/p0+vSedP79iarLMnKzdfP39RNQrdYWse17zSMZsJjlM9Qi/cXnIeIfRqnVhgh4rQaAWEZYIGCevA8RnMd4mlQijiT26+ePyyu7HK4m9PLtLRB/6XwCHjZJxFypa12tbcJuADgtttvzfr1UIr6IqL3XjgBS3hk3jzB6PPdAD5hyuNaI3b7X3Ge1G5K5q/94X6+RSsQRhOl/JkSIECFChAgRIr4d8Qc0xSid+eDuJwAAAABJRU5ErkJggg==','cancelled','2026-05-11 23:59:44.082616','2026-05-12 00:19:14.499264','2026-05-11 23:59:11.423584','2026-05-12 00:19:14.499390',7,9,1,2,NULL,'Probando el juego',NULL,0),(37,'3VI4TW','data:image/png;base64,iVBORw0KGgoAAAANSUhEUgAAAYYAAAGGAQAAAABX+xtIAAACa0lEQVR4nO2cTarcMBCEqyPDW8qQA8xRPDfIkXKm3MA+yhwgIC8DNpWFWnqaIVkMPM+PKC2MPfYHbUrd6m6LMeK+sX+7EwBEiBAhQoQIESJEfC0BkiTnejnHDZwRCEQSiFu5FUmS22u+h4j7CRcUAALtHP8YeTEj0+20eO33EHEHsZvZCGC6mHFeB9g5klhGAIuZPccqEQcQw+0PyxkwIGy2WNhsSvsTrBLxUGIiiYkbcjBfxpewSsQRRCCZAGA1y4eJGzAl+Dx4ilUiDiD+k7dfHXwob++E8PV8atruIZ/bdBmay4daJeJIovh5rHE81RsJAOIGMnm5Lj/vgXDN6/D0LW7I5XqeApHkLM07Iaqfe8/NGzNV5BwAuOVETpr3QBQ/T3BVZ4R8+KzaAAT5eT9EG9s9olePT1Xp9PmcNH974jqHC/yM416VN/NAmvdB1NgeWGpxP2vnQQKkeTdE7ckEAnB9m54Mcxrvbi/NeyCabyxcfvw2LqdtMETAP6+s32mID7ZKxJFEk7d7fZ5CrdQ96KtW64to6vMsfI7jCfAFvKznytu7IZpareRrIX9y8SkA5J6MNO+GuI7ttQVX7843z0nz9ydu++3u4iXet1NAtVpfxGI+gEiajbtvnAB2Qy3iHmyViEOIUqvFBAD7AKzDhunXAJuYd8YRiAlcxvQwq0QcSbS9V++yAyVlr+t5LAu9YnuPxHLy7Y9mp5LLY/3Q/vaeifWD9jPtxnm1suc9Pd0qEV9H1N5rIIAdmNJoXCwQeT3PCz1gyuF6If6x75VsN7nHUrWp99oLYfqfCREiRIgQIUKEiLcj/gIcU3/CPECOMQAAAABJRU5ErkJggg==','cancelled','2026-05-12 00:19:56.458103','2026-05-12 00:21:36.831164','2026-05-12 00:19:25.610776','2026-05-12 00:21:36.831268',15,3,2,2,NULL,'Probando el juego',NULL,0),(38,'2CVVAU','data:image/png;base64,iVBORw0KGgoAAAANSUhEUgAAAYYAAAGGAQAAAABX+xtIAAACd0lEQVR4nO2cTYrjMBCFX7UDWcrQB8hR5KvlZvZRcoABedkg83ohyXYms+hA+2fE0yJgyR+UqKj+VIkR743p400AECFChAgRIkSIELEJMVgeACZblq3DVJba3aUSsSnhSJIxPVg3mlk3mvHeAiRJ9gdIJWILoijURQAuggwAe8eSw7kI9shzJOM59yHi5+Pyr0nzDwN8P10ITAdIJWJfIh3xhry3AIb2HFKJ+D1itu3ZnxcrT8KTzPZ+/co59yHifWI0M7Ns6dljMt7bydgDSGF7d4BUIrYg8iF+HvAlUH9d0zmvhRjanKEVBz5Zsu2DXWDdQVKJ2IQoJzkA7NFkp87QsHwgP8qf10Ks8vNUdfGcE3IAS36e7L10XgFR8vPxSgOaaEBD8+EzAi7A8sLOUonYklgVVkt1tSlpGta2fS7PnnMfIt4YczwO+MWLp0ydzHOMy3vn3IeIN8ai85ycBaB48fIVmOs00nkNxDqGS6n5HK33ycpnA6AYrhriKVcrpzutJE0Xey+dV0M836s1ROqZcH8uHG4RHG5fBt9HcGjDblKJ2IEYbiQwmmW3/bgSPsxvjati3Kn3IeInYx3DuWzlgWLgl/K7YrhqiKc+GSDX4VKXlHtqllGuVgvxcnPWOzKlaT1KR5RytRqJpe/Vh9ztWs75ZEi1ubC7VCI2JVwpxg1tUTIAWLfE8gdIJWIL4rXvdWmQwnK5tth+2fb6iNQkMV5yyA4XkTqnuiOlErEl4UMO33LHzHjNcd29PVAqEb9IzHW45LYBuC+DD58R/mEgXEjrphiuFuKvHyatL9d8uTXXHUtdhOl/JkSIECFChAgRIv474hsQCWAP/MG1pAAAAABJRU5ErkJggg==','cancelled','2026-05-12 00:22:19.837009','2026-05-12 00:23:16.430156','2026-05-12 00:21:50.542993','2026-05-12 00:23:16.430232',8,9,1,2,NULL,'Faltó tiempo',NULL,0),(39,'Q7USZH','data:image/png;base64,iVBORw0KGgoAAAANSUhEUgAAAYYAAAGGAQAAAABX+xtIAAACMUlEQVR4nO2cTYrjMBCFn0aBWdrQB5ijKFfrm9lH6QMMKHuHNwuVfpz0Jky70ymeFsbE+YhM8epVSSKBeGxcfz0IACJEiBAhQoQIESIOIdZgA7iEEM71cTjjWh/N3z4rEYcSE0lyA9Y5sgQ+hBCwzgBJkssTZiXiUOJqSk7cwPc/JBI3IGWULPCcWYk4gDjdfXJ524BLANb5Lz7p3n/me4j4D2KdAWBiiXZz8S/9DRFPJapZVz8nSSKRBBBLgt9/5We+h4gHxr5AA5dpu73YUMydEBbzYWSAzLDyLd0+VsxfnmiJuwqbJE3TObKn9Rp9xfzliabzzTS9VBcHEJvso/zcD9H8PI5tWcqW4Euki6kr5k6IqvOq5NKmpRyr4vudcrsTYvBzoF1ar9Zzu3TujUg5Erj8tq4cAIrH27gGrbe7IUY/T9xgzl7K+Gb0E6VzP8TQn5vY0Qr1VsGnLD93ROxqOOxat8HPKZ07IsaYc5CzpXXaGnxN9Yq5A2LcQFmAXcneCvqkut0T0XQOlKgutXyr6+3yc2/EoPOhbm9ity9NvdJTzF+euNtXW4ASeLur2ldud0Pc7Z+Xro19h6337Iq5L2LqHRrA93AC1nACUJdoir1/86xEHEHcrrf3Dq08XQDIz50TKdvJRy4TGc4TiX4S+lmzEnEksc5oWy4nkB92Glp7LG6IT8691iw/npnQ2ShHxP25V8Rq7+2utOuq250QQf8zIUKECBEiRIgQ8XLEP98oyiUVOHJ5AAAAAElFTkSuQmCC','cancelled','2026-05-12 00:23:58.851624','2026-05-12 00:31:44.354952','2026-05-12 00:23:32.197246','2026-05-12 00:31:44.355054',12,1,NULL,2,NULL,'Probando el juego',NULL,0),(40,'OYQXJF','data:image/png;base64,iVBORw0KGgoAAAANSUhEUgAAAYYAAAGGAQAAAABX+xtIAAACZUlEQVR4nO2cS46jMBCGvxojZWmkHGCOAjebq8FR+gAj2ctIoJqFHyGd1qijGRJilRcIMJ9UlvldDyNEeaytPx4EwAgjjDDCCCOMMMKIXYhZcgNWkbF0y8hauvqnW2XELgSqqqqTV1XVBdWQ7zEE0Mkvnx455jiM+H7rysnagf8N4BZg7XTuQfDAPELN6Y45DiP+hfAXYZYO8Fn2R7DKiD2JeFIZvWZdz/0xrDLi/xF3/nzyCzoB4FWz2M2ft0hEERGp3j1N/Co6ASlsH19glRF7EFnEmxacMqSzL3pN5+9PbBbunJzh0ioPXlUn6itgc94Iceusr05dFXBF7MGZP2+HYDPTWd35UAK5cjaYztsiZjlpOgwfJ4XYkeP2eFIZX2SVEbsQJVL3ARl0lc0ldIsSe1HieZG5D0+zyoinEfGk1wxNJ78gI07BX6RW5N5gHEb8vV1jt+y7/cI2gk/hWwnjzZ83QGxjuJSwpc01V9O0BYZrzm5z/v5Ed3O1dhB7gFUYwhmIZ4X4ZKuM2JPY6DzLOWR1p4Q8LfVWb2+JqDWZm9Rcg9NNxxCcmj9vhthW1LM/1yz22pvu2Zy3Qmzr7UCtueVAPT9UN1Rtzhsg7nbO0iqP05Kkq+VqbRLX716HAMAqReerAE5Lx7HHYcQDhC/B+9y7tKUGgKQ6HLUoe/RxGPGN9iluLyH7knsnoLwRtrY3Ssw/L8Lcl5A95W/Rvo1qiLjX+U3qloruOZAznTdG5G9iIErSOcOHSNY5IL/CC6wyYgei6Lxepp2VWoXFq9oeS1uE2H8mjDDCCCOMMMIII96O+AM9nIDKoitecwAAAABJRU5ErkJggg==','cancelled','2026-05-12 00:32:32.658503','2026-05-12 00:36:10.088469','2026-05-12 00:32:08.483603','2026-05-12 00:36:10.088536',21,6,3,2,NULL,'Faltó tiempo',NULL,0),(41,'ZKVBTY','data:image/png;base64,iVBORw0KGgoAAAANSUhEUgAAAYYAAAGGAQAAAABX+xtIAAACTklEQVR4nO2cS4rjMBRF72sHMpShFlBLsXfQS6qt2UupBTTIwwaZ2wN9rJTTgxTlfMTVQDixDzzzeH8lRty21l83AoAIESJEiBAhQoSIQ4jZ0sIctxNsXE4AsOZb/d2lEnEIAZIkJ0eSDCAZgMEDnFxI28Ujz/keIr5BrMmSZzuTEwBgOUXtR9t/iFQi7kEMHjB7D7APD9j4HFKJ+EHitP9qtWjiAMC5//MAqUQcSezieYzi6JiX4nmrxGJmZsXq3V/D3K+GuQdi2j4+QCoRRxDglYUhbuHKXdn5yxPFcW9lWsfNt1fal29vhcjefDnT4Dwxvwdg4Gqcf3sAWE8AOhrc/aQScSRRvHcA4AJI3xGD76J1A+jitFV23gxR+/YJXUnPSWB/JZ23ROTe+pbBcwJgI1ZLzbj+/lKJOILIvt2jcuux97o5+Ojl5dsbIeqGy+RyAB880hUceeH0pfOXJyo7x0Dm8Yorhu2/lPDS+csTlULj56J4To7Zt3vZeUNEqc/fAgHA5jg17UIqyJceiMmd6vNGiBzPkQ5JAK5033wuzbeQLztvgLjoySC3XVPvNUDxvEGisvN6qFIC+BSf6qLtS+ctELvJWanLquR9gnqv7RHbudfSjMPweSanmL6RX4l7SCXiEOLqudcU3h2Lg6+OzTzne4i4YWWdl7laydxSWw6A4nlTxF7nuUJDncYrnrdMzD3SeAUuwD6YjN3GR0ol4geJ/8VzXp6ZUDxviKjrcyD/YinFc+Y+nPrtLRGm/5kQIUKECBEiRIh4OeIfunu+JTwxQg4AAAAASUVORK5CYII=','cancelled',NULL,'2026-05-12 00:37:26.102867','2026-05-12 00:36:27.948415','2026-05-12 00:37:26.102942',7,NULL,NULL,2,NULL,'Faltó tiempo',NULL,0),(42,'LPJBP6','data:image/png;base64,iVBORw0KGgoAAAANSUhEUgAAAYYAAAGGAQAAAABX+xtIAAACZElEQVR4nO2cQW6DMBBF/y9IWRqpB+hR4GZVbgZH6Q3sZSTQdGEbnLYbFhBqfW8yivOUsYYZz4yd0LBvLG87AUCECBEiRIgQIULEIcTENIDQgkMgAQAcsOSp7nStRBxKODMzm9f3GyNJ2r0DzMzMxhdoJeJQYtk8GTa6GTYC4ADEKPAarUScQyzkEEgOboaZv4hWIo4kmhjHYzCfukO+Q8QLiTYLjQFYgGloQLi5Ze9hhAPQl826a65DxH4ikCRbAO7B6Of3bolSTNuHF2gl4ggiJeXF8E18Re//mLX5musQsWOkQsxlI49b1ebMbERj6GXzmoi1+G7sryLdzAPR9/PDcM11iNgxioZL9POYzeW8HblSz84um/97ot1EAwzsfUdD6AA4DyLcjE/ENdchYsfY9vPszlsnpozta+S/5jpE7Bg5W08Seo9k+JTXNXGPVw5XGzF9mAHxNK0xu7MFENqiGadztfqIJZr7SQI4uAf5+XVLAeBsrUQcQOQcLrQg3IMAmpnAQvT+HUB4NyCcrJWII4ltn85lmpvzWaozs9HNqUxTfV4Lsebtc8zckMJ6asCmCeXtNRFlRz0m6rYaGWsubyab10OU/XYASKmaS/329CGnWq0i4tfJ2Rg7MevFiXVTl59XRmz3XnsPkN3C7Oe5dFOtVhuxHqlNH+V+zqGo2c/XSsQRRJm3p207SXF2BJCfCMX2SomJt+KKTLJ+0N2oiojffu5zfZ7O2lZJOVxtRDo3TXcg3YPov8gtyvPTv0ArEQcQP36YhKdKPXXfotRrP6+EoP5nQoQIESJEiBAh4t8R39lyOMRezWKeAAAAAElFTkSuQmCC','cancelled',NULL,'2026-05-12 02:51:30.075755','2026-05-12 02:25:29.213494','2026-05-12 02:51:30.075855',13,NULL,NULL,2,NULL,'Probando el juego',NULL,0),(43,'ZYTRDR','data:image/png;base64,iVBORw0KGgoAAAANSUhEUgAAAYYAAAGGAQAAAABX+xtIAAACgElEQVR4nO2cTYrjMBBGX40NWcrQB5ij2DeYIzVzs+goOUDAXgZsvllIst3JLCZM2502pYVxIh6UqNS/iInn1vTjSQCccMIJJ5xwwgknnNiEiJYXANaVbeuYylazu1RObEoESdIIDDXAZNYNZvrdgCRJ5y+QyoktiLq8TDWEKxBuJqhEbMAIQOxgrule8xxO/A8xnJS9fBiR+teQyoktiTBC21fZrmPzGlI58XnE7NsrARPErhoh3Iy2R8m3t+tm3Wuew4l/X0Xng5VvwtUUmyuKzbVW/AV5K+wnlRNbEjkpX6+RlMaf/777mudw4omVC7Eg0fZQND1Cmyq0SunNdX4UYtb5CFCppG/5IfUg9VX6WbjOj0AU790DrbLidU4PSAXbGSjG7jr/9sSjnWske/mg2eJxnR+HmLO0cW3nku59+9yefc1zOPHEWrKzolUlYy95XZV+EZ7DHY+YTLrM47PhJBjqHMpjAz5XOxwx1Jj9lHQezJZt68LN7P1ySpXc3lI5sQVRL6+CqRbhWis2GG3/BgxvgmFnqZzYkljlcKVqKwH8HEpC35a2jcfzAxGxqWTpTkwzmZmtnDnJ83f7S+XEJsR9R71MzXNVXtJ4ea12HOJjT2ZeIQ9alo9eqx2GeJicpSheeq+roO52fjBiuffa9pNZx2TFzicjD192l8qJTYlQGrCxqbTEc+vyBRp7IPaQyoktiA/xvITtHM/J4/SlKeu+/ZBEtDrP1VbaH8ys+0qpnPhE4tHO73oylOsS3pM5CvFw75Uw5kuP7cUQoU/75jnc0YjBzMzqfKG97StZRyXrAHu/1I/EHlI5sQVh/j8TTjjhhBNOOOGEE9+O+AO4EzJk1yrlwQAAAABJRU5ErkJggg==','cancelled',NULL,'2026-05-12 02:55:49.969993','2026-05-12 02:51:43.575680','2026-05-12 02:55:49.970075',21,NULL,NULL,2,NULL,'Probando el juego',NULL,0),(44,'LT4ATN','data:image/png;base64,iVBORw0KGgoAAAANSUhEUgAAAYYAAAGGAQAAAABX+xtIAAACVklEQVR4nO2cTYrcMBCFX8WGWcqQA/RR7JvNmXKD1oEG7GXA5mVRkqxOB5Iexu6OeFoIW/IHJYr6k9RtxGNt+/YgAIgQIUKECBEiRIg4hIiWGuIA2LT0sMmntjw1nC6ViEMIkCR5DSTJFambOx/H6GPVJ6+5DhGfILbdkmF2WWHT0gNxgHuB50gl4gwi2hsxzpsB4adhnF9CKhFfSPT3Q5shGsA4fHh3vlQiTiE6knN65hUAxhmwCQBGkvfEGVKJOJBYzMysBxDW1MUhad/T9ukJUok4gkhJ+d6uYQVGrm7nv88qb2+H8PR82LI5L28E0NGm4gDicLpUIg4hsFt3XZDPXRq7hjV/qfq8ESJ77xnFmWdNjz7R0Z+0J9MKUXTeuTNPBXlIY+QM8BpI2XkzRPbtyCbudu7aT112+tJ5G0TJzFMUB0JSvLv6FM872Xk7RKVzd+uj2/ndrOJ5M0Tx7V0J6nWM39267LwZotZv8eN577XE85K8S+cNEJWdo1I30wZs8vLK21sibiI2kKwb/gSkWg1QPG+HuMnbSWZN15Fd8bwtoqrPc5nGujT3CXTah2uOGHMil+9BbYZ4WeHWXW26v/g6RPxDS/dk4pTeCQCMF8LGHwYgbD2xGMqliddch4jHiVA2ZkgC2Mxr9pLQ2/QEqUQcQVRnqak4K368vv6oeN4ysR+qxGF/VTxviLi/97p8XxGnbgXCR09P5AAYwnlSiTiS+MPvWHhTpoV8tKr6vDXi7tob7D3fo7D3GXt4f+11iPh7M/3PhAgRIkSIECFCxH9H/AIQY2/RilJK1wAAAABJRU5ErkJggg==','cancelled',NULL,'2026-05-12 03:02:41.141749','2026-05-12 02:56:04.668999','2026-05-12 03:02:41.141846',21,NULL,NULL,2,NULL,'Probando el juego',NULL,0),(45,'U6FBXF','data:image/png;base64,iVBORw0KGgoAAAANSUhEUgAAAYYAAAGGAQAAAABX+xtIAAACYElEQVR4nO2cy23jMBBA36wE+Eh1kFKoDramdCaW4gIWkI4BSEwOpGTaTg7eRP4Qw4NhkH7wCPT8BxbltpX+3AiAEUYYYYQRRhhhhBG7EEHKIogILCIyLj1AWo+Gu0tlxC4Eqqqqk1NV1Yjq3Ol6ENHJxYuPPOdzGPEfRCqaHIbtbOnBz1B0/xFSGXEPws9JdHIx376MzyGVEb9I9F9tij+WfQ3Dvx9/hxHPRVz584lOge7Mx5s/b5FYRESkB9yH6OQ+BEiSDbyIiIwPkMqIPYiixBdrcqpVyF4v0/OXJzbDHXNyhp8pCZtX3V4iZtubIdYYbjko4e+sEoYuAkk0DDNA6oFOBXc/qYzYk6j0POfiuIhOAF4jwFqiMT1vhVg9dmXMix0HV85O7+zOGyLCWwSWtdzmj31WdhlJUopxw92lMmIXYqvJpJ4wdFFYBsBFxB/7WJ2aP2+FqAsuE5SmSrbtdMWsT3WJ5jmfw4gbVrlzyCW4yrNnLz5fpPB25y9PbBcaKfc714F6Dt79bHreItEp4U01N1T93KmMQG6oQrLaazvEuW1f97KKV9MTanreDlE76y2Qy8a8svfmz1sirvX8PFDPe5S4zu68BeKqc1blai6y/gSs9toecZp7ZemRcRHBHw+qE0kgp+t3l8qIXYhv5l5PKr6ZevPnrRB1Xw13StJLRW5d5s/bJkqGJuNyWKM5kuj78FCpjPg14mruNYyI4hTBzYhfHbnNTDRDfOHP4dRJh20M1vx5a8Q29xqGTmHp0fehUyBJ/h1Y/7wVQux/JowwwggjjDDCCCNejvgE+wp9LX5J7RcAAAAASUVORK5CYII=','cancelled',NULL,'2026-05-12 03:05:21.846018','2026-05-12 03:02:54.195292','2026-05-12 03:05:21.846086',15,NULL,NULL,2,NULL,'Faltó tiempo',NULL,0),(46,'44I7L8','data:image/png;base64,iVBORw0KGgoAAAANSUhEUgAAAYYAAAGGAQAAAABX+xtIAAACaUlEQVR4nO2cT66bMBCHvylIWRrpHSBHMTfomXKk3gCO0gNUMstKtqYL20BeuklVeIk1XgWbTxoE8+c3tiLKcyN9exIAI4wwwggjjDDCCCMOIWYpY7sEQEZSXRpOt8qIQwhUVVUnp6qqEdXQ5am8Orn46ZbXfA4j/oFI1ZNdREaSqAaQEXZuf7pVRhxA9I9TqQc6FVzsFdIXWGXEucTSozfpwQdgHl7DKiP+H7H6eadAgvm7gtcyJzjWy/OsMuIMYhERkR4gCfOQRG9DEp2AXLaPX2CVEUcQpSjfjdApXmOO7Q+rVre/P7ETYvklT04VNoVGp3h75y0R1ZMD6ESnOlFefFHqgaLZTZ+3QqzuXC+Lx3d1zkXyL29+3ghR6navILgARZ8nUVxAWC4qd8RrPocRT4ydn3uNqGpc1/axHSy2N0Ks+byrhVz9BHZRPjfiLbY3QuzV2LTNulKy148hYn7eDLGL7TtpTq7gN6W+CTZ7529P1N6r+9Uzjwi5C7sMgg8fwPKhsJxslRFHEnt9XgR5CeZZkE8uFplm+rwxYr6qMl9/i8g1Asslt+XKWHpkPN8qIw4htnqctUqDss1WVvGqptXaIdZ+e7zT57VQLzc502oNEQ87ZzmV33feTau1SGznXn0AfEhS/TyVWr6m95d+DiOeINZUPstFmYeSz2UsB2jsDGQ7xD6f57QdoDZmoG6ubbHfYnt7xDx0qjfpS8meq7nFzkY1RDz6ea3bS/lGPS5hPZlWiIdzrywD+B8Xxf8UtOypg1gN1wrx13MyJanXXXPbY2mLEPufCSOMMMIII4wwwoi3I/4Al3Bp2F+uuGMAAAAASUVORK5CYII=','cancelled',NULL,'2026-05-12 03:48:50.707266','2026-05-12 03:05:40.475734','2026-05-12 03:48:50.707364',22,NULL,NULL,2,NULL,'Probando el juego',NULL,0),(47,'1JFU3O','data:image/png;base64,iVBORw0KGgoAAAANSUhEUgAAAYYAAAGGAQAAAABX+xtIAAACZklEQVR4nO2cS4rjMBCGvxoZeilDDtBHUW4wRxrmSH0D+yi5gbwMyNQs9Ghlmllk6LxEeWFklA8kRKn+ehBRrnv2H1cCYIQRRhhhhBFGGGHETYhVygPbhMi8CwByZK9T891XZcRNCFRVVRevqqqpfGqss4tPf/3kOfdhxH8Qe7XkbULkXXMMJ0fIt8BjVmXEvQhdNpFi9vFpVmXEzQh/FvkVnbLOkF9PsCojvo+Y6sApsMP6Myrr7BC8U8EDoU/WPec+jLie2EREZALYBfxZdGEXXYAs248PWJURtyCqUL94CJr+NWu6/eWJLhAjRNAFp/mVJ3BKsDMfiWiWnCBEp6rRqS5AHmmsI4vPRyH6hMsCECIQNJE/8XUUzM4HIYpuD6cpgY/k3MsqTsvn9qZyQTznPoy44un8OT41O1cF+rsd7G4fhKhnDsWfLzQhl3Wdu0jE25m/PtFrOHyfbC3iPcu3hNn5MER35sWwq9nXMK0IetNwwxBFw63HnHudlO2QBEBCPADbQWG786qMuCXRFcy7dMzii9nnaz20cM7sfACi6fZEdduppmO0nbnp9pGICw1XHXgJzupsCd3szAchuDBnAN9qLF5rDdVbrDYQ8aVytuRKeovUm1M3Ox+M+Ox7DXoWShFdtYxwWm6BJ9+HEVcQvjr1dXbN2EGOpYHGeiDHIXp/3vJwVdLRimufd7/d7eMR63vfIpPrLmzWGzUyEU4TudM9t7xubyUd83t+4KqM+EbiS98ruCThY4JwEhQf87yYhhuF6GupUBy4tlapEq5bjWUkQux/JowwwggjjDDCCCNejvgDy7NpL4rD46UAAAAASUVORK5CYII=','cancelled','2026-05-12 03:49:44.352837','2026-05-12 11:33:24.977168','2026-05-12 03:49:03.610976','2026-05-12 11:33:24.977312',23,7,4,2,NULL,'Faltó tiempo',NULL,0),(48,'3JAOZX','data:image/png;base64,iVBORw0KGgoAAAANSUhEUgAAAYYAAAGGAQAAAABX+xtIAAACJ0lEQVR4nO2cS26DQBBEqwNSlnCDHGV8tdyMOUpuAHtQZTEfhjiLWAmx3apZWAz4yaB2V/VA20bcNraXGwFAhAgRIkSIECFCxClEtDyApQfiuBkAwC7YyqHx389KxKnEQJJcgTgCwPJKuyxmiCNAkuR0h7MScSqx5UwOMwAMKxDf1jyNZnafsxJxAtFf7RlWWPgwENjwzer9Ma9DxC+IOG7G9zHPqov/6WeIuCtRzLr4OUkSgSsAdGnr+JbHvA4RN4xjgQZOw/r1JQ/F3AmRY96MuR6YAYSvhxXzpyeqcJfErgJPzh13WS/RV8yfnmjMGhiY6vQc/blLaZ+25OdeiJrTWcyTgYdmmlVAfu6GaLQd4VCyc0JHhLluSdudEIe6vSp6knq02q48d0O0dfuEjjnwTSF3UHnF3AHR5Hl6SWu1VMbv3wMqz/0Qx3TumowvLr4CYZafOyJaP0/V+rGQY92nPPdCNH6eo1pzekLH4uyr/NwP0T5ASTfj6gqtWcSpbvdENH6+RzoVbWEG5OcOieM9mXaZBqArLRPD7gCK+dMTV8/Vqpjn9VsRfWm7G+Lq+XkNfFH54vGKuTciBzRN7LL0QLQeQLk3l5sjH/06RPxgNIqecxrYo19uxMvPPRNhD/dA2mUgsXdC3+usRJxJxBFF1pce5EfuhtZvGtwQ3/e95qeqe92u3ihHxHXfK4C2caI2U6hu90KY/mdChAgRIkSIECHi6YhPq8rk2rsoBNwAAAAASUVORK5CYII=','cancelled','2026-05-12 11:34:24.118433','2026-05-12 11:45:19.440343','2026-05-12 11:33:35.070252','2026-05-12 11:45:19.440415',21,3,2,2,NULL,'Faltó tiempo',NULL,0),(49,'501MJH','data:image/png;base64,iVBORw0KGgoAAAANSUhEUgAAAYYAAAGGAQAAAABX+xtIAAACfklEQVR4nO2cQW7jMAxFH8cGsrSBHiBHUW4wRxrMkeYG9lFyA3lZQMKfhWTHbTdToHY6ArkIbCcPoPFDiqScmPic5R+fBMAJJ5xwwgknnHDCiUOI2aoxj8A8ZgPAbMzrW+PpXjlxKDFIkhJANrsBsJhJESRJmp7glROHErlGcrj3aFp6mK9SDXsze45XThxA9O8vzD9TT1DuDfpkIeYneOXEqUSIYLelL0clzp/vlRNfSGxx3gnIwPIiAxAkCFOGsB/Wfc/7cOIT9rZAQ9OQ3r9Uq2Xe97wPJ/7dapzvInm5yBg6wdJDTQAne+XEkcQa50OqC3iIVWQpAgwJKXbyOG+SmK8SDK+miU4wpNK6mV0T3p83Q2zreVdmMlVuQNOwJQAlCPI4b4PYaV7SetG3HKmeQqfyFXDNGyD26zm7Gr2u4lXpuH7ONW+A2DRXifM1wVOSeVW/HLnmjRHZmMdte4VO+j1mI9wvstvi8/aGiN0czsKfl5LcjSGWq4JX03wVFqbzvHLiSGK3nteMHtkK9X1r7nV7a0TYpGWQmMdOPEZwIWbP7e0Q+zh/lG/FSsneiRC9bm+IeGjJLs7LG5Gtgk+ueTvEqmXstr5snbwDu7B3zZshNi1Xm3jTszNo3Wn1/rwt4vHcazkds0HpyrMBdVE/2SsnDiHW/rw05LkHumTh3mNBYKV4HyKax3iaV04cSbyft9dCXeuUfQLqIN5zeyPEB83rDuo2YI+1U/d9tbYJ+3U307Ssv17ZyvineuXEFxEfnnsNMfeC1FPW83Xybl7DtUYsZmbWw2wXmdlFdiNbad1+X9NH4gyvnDiCMP+fCSeccMIJJ5xwwon/jvgLlGAOmITFeXUAAAAASUVORK5CYII=','cancelled','2026-05-12 11:46:08.373025','2026-05-12 11:53:22.215918','2026-05-12 11:45:29.323528','2026-05-12 11:53:22.216012',20,6,3,2,NULL,'Faltó tiempo',NULL,0),(50,'Z8NLG2','data:image/png;base64,iVBORw0KGgoAAAANSUhEUgAAAYYAAAGGAQAAAABX+xtIAAACeElEQVR4nO2cUYrjMAyGP20CfXRgDtCjJDeYI83V4qPMAQrJYyHh34fYbmZnYWeWTds10kPxoH5UxkiWZDEmvifrj28C4IQTTjjhhBNOOOHEIUS0JMBqNsxmANjAmlXd3a1y4hACSZLGIElakKZG0pS1Y1h++cpz7sOJvyDW4smrmZ0ljYANsEWBx1jlxN2I/t0MwsLN45/AKicOJcKCvU1A7A77DSceRLR50QhYIQ7NQrRGBo2MAPT7Zt1z7sOJr0s+87lc2OFiIlxMsbu0iq+QVOF+VjlxJJGS8p1MQK+Uw33Set5eDRE72KrydIGvZm+SiNZiw4OscuIQIhffAITi51MjIFXqW83u9XktRGm4LOQPaTv9EdgKthFSvPczr4AoOVwLW6JOu4i5XSBMGPNJ9oF4zn048Q0puVn2c4B+Aj7G9hT53c+rIWLXyN7eT7kQz6HeBhpBuFrpyD31Ppz4guzqczGvJgBFawRzu4gZiK8XjDDdzSon7kHsfDq3XQFsCFfbAkCK90++Dyf+LMXPT7J4vpq2VYfRTy/A/CKY72yVE0cSOYebgNR0Z1e1aQxLbst5DlcJsavPU/QOZXBip/C8vSJiV6ulrstE6cMlLb3kZ14Pse/DlYOHsABB+9LN31hqIT69nJVgvr2r3S519/PKiNvcaz+BRlbLfr4a0HitVh8R8qUeu0Y25Aw+r1afgayH2OftZegx/QnsH1n9Pq+ViOd83Lplc7OZDY+0yol/SPzGz2+NGUkjeVzCezK1EJ/mXglXox/Xlv7dUH5ZwTyHq4X4MBsFZU5m333bVr3f55UQ5v9nwgknnHDCCSeccOK/I34CSDgldsRT8tkAAAAASUVORK5CYII=','cancelled','2026-05-12 11:54:06.682072','2026-05-12 12:24:42.375511','2026-05-12 11:53:32.894202','2026-05-12 12:24:42.375588',24,6,3,2,NULL,'Faltó tiempo',NULL,0),(51,'6OQH3U','data:image/png;base64,iVBORw0KGgoAAAANSUhEUgAAAYYAAAGGAQAAAABX+xtIAAACWklEQVR4nO2cTY7jIBCFXw2WssQ36KOQm43mSHMDfJQcoCW8jGRUvQBs4vRo2lJ+bPRYtOKQTwK9vKKASotiW4u/NgIACRIkSJAgQYIEiccSUFVV9dXjBPV2AmBVATuVLquqqtM+50FiO5EFzU8umJTPq8f6a7HveZDYQEQR6QEMclIAUdQjipwBYBCR94yKxEsIe836ustJ4cI+RkXimcR4UgxyUpGPq/yIeMWoSDyO6MoLowAiAESBUwDOR6RV3dWHdfucB4kNbZ23ezut/+TGvL0RImu+NG+n8j2w6z5q3gSBRen8GIyqT6He3HRQ80aIyucAjMKVM5m0XU95u11sT80PTxTNA2Z9p2T23BuAmyhPzQ9PVLG9cnxl9mAULr1HzdsgZp/nsJ70nc2eLR64njdEVDl6ulSpLY463nM9b4VY/IssLUy+TXO3HfR5g4T6MV+vwAVA//RRcgeMyvk9oyLxcGI+hyvuxpKjL+u50ucNETd5e0nkitwTUl4HgOt5O0R9zurLep6P3+2c0Afm7Q0Rdz5PyXvZlWsuleL+vCGiPm93Aev9ef5QtdBT88MT9/dqKBaf9+x1qKfmxye+rXstJa/F8R5czxskypYMg3TAXAO53KrK+Q2jIvEMYq6Nih1gP+f3jcJdOgCjALCfgqEPLxsViTcQowiGHsgB4NL9l3jFqEg8iSj3KfI75e1RRD50qXo+yjxI/Kvd1b26ABVAoMAEgTUq7m83V0LudB4kthOjiIh0wNBHyVVwY4cc1u1V+NulZgjh/5kgQYIECRIkSJA4HPEFB3SNCn6GBjoAAAAASUVORK5CYII=','cancelled',NULL,'2026-05-12 12:25:46.915140','2026-05-12 12:24:53.821214','2026-05-12 12:25:46.915225',15,NULL,NULL,2,NULL,'Probando el juego',NULL,0),(52,'01U1UA','data:image/png;base64,iVBORw0KGgoAAAANSUhEUgAAAYYAAAGGAQAAAABX+xtIAAACgklEQVR4nO2bUW6kMAyGPy9IfQzSHGCPAjfYM/VmcJQ9QCXyuBLo34ckwHSqVdGWDkL2E5PMp4llnNiOx8Q+mX/sBMAJJ5xwwgknnHDCiUOIwbIAs63T1jGXqebbV+XEoUSQJE0AlYDZrItmem1AkqT+Caty4giiLg9zDeEtPQlAQwNGAIYOlpzunHo48Z+EdVSyLkxI40G/4cSZiErqYw3tCAzNSVblxJcRy96eTnEYfr3VAAZUSnt7uy3WnVMPJ/YT0czM8hugPkzotZlNPZDC9u4Jq3LiCMI+qrcbITk7j7Neb78KMTRgXTRjaGaTxpyhMViNdU9alROHECX5DhLtWCkF6u0IUvmYnvqcwp9TDyd2SLH5BJTkLBsZ8lgP0Mptfg2ixO3xRdb2aFN3JYwY8eVu7Kx6OLFDlKXUX9K2LgnY7u1LefacejixQ7LJx0qlrF4p7eObM17T+m6cUw8ndshqcwhT9vM+ZOuX8G3C/fwyxCaGu7M0FI+foB2L77vNL0DkGK4dZwwM2vGWhiw9xZsgfvOqnDiSWPZ2lmzs3u3DxHq8u59fiBh+TqSiewdYF1+U7tWSxE0x7tR6OPEZ2eRqPdUmcltnaSXP1a5D3Mdw0zKWA/X8peC52oWIxZbLUb44ew/bQ939/GLE2vfa6o9Zx2zFz+fUPbEc76fWw4kdRHZiGJoqlV2B3BnHXf/zufVw4hOynuflXi0XW9NsD5Q3wvf2ixJDM5t1sS4XLWGbxD1tVU58IfHo5ypXamspNgdy7ufXIB76Xom3vK+3vw0RxvTJPIa7CvHuj0m55VVjla5RU/DudyyXIj7se/2XeN+rE0444YQTTjjhxNOJv8nzKXlTz6ctAAAAAElFTkSuQmCC','cancelled','2026-05-12 12:27:01.226249','2026-05-12 12:32:31.079723','2026-05-12 12:26:31.719715','2026-05-12 12:32:31.079805',7,3,2,2,NULL,'Probando el juego',NULL,0),(53,'O17Y72','data:image/png;base64,iVBORw0KGgoAAAANSUhEUgAAAYYAAAGGAQAAAABX+xtIAAACe0lEQVR4nO2cUYrjMAxAn9aBfjowB3JusEca5mbJUXqAQvy5EKP9sJ2m04WdwqTNGOmjhDgPZGRZliwqymOSfj0IgBFGGGGEEUYYYYQRuxCTFAGSMPUg0oMMpDrUP10rI3YlvKqqLkDsgChCOIvoRw+qqqrjC7QyYg+iqw+pA3/Jz4K/dDr1IHhgGmDN6Y45DyO+Lt3dG68IsSuGh/QCrYx4LhE7dPSqhBmY+mNoZcT3ETVY13i+hm3Aq4JfPn1yzHkY8TgRRUSkIxt59As6kkRHIB/bhxdoZcQeRHHijcyuevf8j1Hz859PbDZuwkx2cUI2vKqOOCWYzVsitp48etVs8yJOi7PPzuJ5O8Rq8wWCLtXPr0UYX891wfy8EaLm5/FNAaeSX8W3BfyMEE8qT9fKiD2JNZ5XF89V2Bm43dvX8uwx52HE40TsAJwCSWSoS0AGnIL/I3UdHHweRvxf6t7uZyAKgFMmcQqxW5QITL8vSP7kqPMw4gG5KbLVbT3Mbk3TaupmZ7jWiLy3p7XclkTeZ4B40m099ujzMOILcs3VPtfhrul6sHp7S8S2DgfkXFxH3FqnuSnLmc0bILY1GbyWAF5O8GWUoGo2b4fgxp2vdda6BLKsF6pm8waIu5uzfFrP53a2Qd38vDHi2veaL9dIUv08CeR18HStjNiV8DWoTz0w9SWey1Brcy/Ryog9iG08L50SJVfLoyNQV4Tt7Y0SU58kN0KqarV+tN6olokSz6ktr/FUyjEf/Qu1MuIbibW/PYdtALdImHsIZ0HrzQpiZ7jWiLXvtTS0O5Uh/4C8n7t74hlaGbEHIfY/E0YYYYQRRhhhhBE/jvgL7EYzn0uvfccAAAAASUVORK5CYII=','cancelled','2026-05-12 12:33:18.003811','2026-05-12 12:37:42.303689','2026-05-12 12:32:49.010785','2026-05-12 12:37:42.303778',15,3,2,2,NULL,'Faltó tiempo',NULL,0),(54,'LA9W84','data:image/png;base64,iVBORw0KGgoAAAANSUhEUgAAAYYAAAGGAQAAAABX+xtIAAACY0lEQVR4nO2cX2rcMBCHv6kMedRCD5Cj2DfomXoz+yg5QMF+LMj8+iDZlpNSSMk6GzF6kq39YMxoNH80rIn3jfXbOwFwwgknnHDCCSeccOIuxGRlMN1WswGwIS+t29LtcqmcuAuBJEljlCQlpDlImkFjlOiVXv3kMb/Dif8g1sOSsSEmbFg6mG7kU+BzpHLiCmJ6TkXTxN9GPz+EVE7clVjMNC5P0gjo5+0xpHLi44humwQBa3noBfTzihG3xyulcuIKYjEzsw6ICabbakw30AjksH34BKmcuAdR7Lyy5OUpz61/6aCfeVWRf8zvcOIdo0rExpiAKGVj7+egLYYLnqu1QxSdHwk5lJnGmCj7AADXeSPEZuc5htu3gCT6vBlCmbmdt0LsSk5sig/bq3NFzu28FWL35wlpBnq98ufhZPau869PUNl0LrDPAJTwbfPnwe28HaJy4CVoI+SbldNqwv15M0Rt53sEf4Rvx7Hudt4MUeVqEPd7Uzj58z14d503QJxytbirW4m8BUZgq9O4ztsgKo+dH7PbniHHcDlXOxZc51+fOOs81IHcvur+vC2icuCHdVeufMy/8np7Q0Sdq+0JWxlR++WLXOfNEUffK8tTOcz7FzMbWA0W74driNj6ZOIMsHb0AsHaiSUkph+5Bp9yx8xFUjlxT4L6RD9fntbtj+7PWyZK5BaUm1/LHUv6B3GFVE58ING9ebN8T5aP+vir0/Rc1O1ne3tE2AqwrKZx6dC4dNjAakzW/YW4Qion7kDUBXY42qKU8/Ncdu293t4SYf4/E0444YQTTjjhhBNfjvgDujRq9bvW4zsAAAAASUVORK5CYII=','cancelled','2026-05-12 12:38:59.954389','2026-05-12 12:43:20.244026','2026-05-12 12:38:36.256894','2026-05-12 12:43:20.244129',15,5,2,2,NULL,'Probando el juego',NULL,0),(55,'JY5GOC','data:image/png;base64,iVBORw0KGgoAAAANSUhEUgAAAYYAAAGGAQAAAABX+xtIAAACbElEQVR4nO2cQa6jMBBEq8fszQ3+UcjVcjM4yj/ASGY5kq2ahW1wktkgDSHfKq8g5CltFW5XNyhGHBvp10EAECFChAgRIkSIEHEKsVgZWGwAljEZAMBsTPXS+PaoRJxKeJJkBOAj7AZHLGZGBoAkyfmCqEScSqSykqeQjPNqBngSy4icBa6JSsQJxPD8wXJzNPjfA7AO0aaQLohKxFuJKTycLuMJvyHiMwhHMpTjcuRjuQUmkq/EO6IScSKxmpnZACxff6yu7mS8j0C27bcLohJxBlH28+mh7W7wjjZ9DwDgnjrynzkPEQdGKcQe8vhWlwHwEWRw3Mq5z5yHiAMja162cpfVryLX+wCe5CzNOyGq5ozFuU2MwBRcETknAMaSAKR5B0TTZOOc9+66gU8ks9wlAUjzPohtnXNTOmJP8EXp0OSDz5yHiAOjrnPHkr0DUDM6WTxcPpLmfRCth9tbcFPj5R0bIyfNOyCaWq0s9mrZS4LPqZ6Uh+uGaPbzvWCrRr0tzaV5N8T2XC0NAFw0IBmXMdAaBz+n/fnbZ85DxIFRc3st2HYHnzfwup/Lt3dDPPZkXNOFLQ4eqFlemndCvPj2XJ9vV+en70nzn088eDiWBF9rtVqVzwBUq/VG7O+9wkfwPiYDVjMAyZC9fHh7VCJOIaof9wHI5n0dgOl7gE0Einn3AVzG8LaoRJxJtM/P8Y8u+wzkC8rt3RAvms/A1mqvtZqeq3VOeBJYB3BebXvn/fKoRPw/ou3J5CK9NthLd8az9ODVe+2N2N97taGc3pAs9+buX/GaqEScQZj+Z0KECBEiRIgQIeLHEX8BjTxTK18+gIQAAAAASUVORK5CYII=','cancelled','2026-05-12 12:43:57.413115','2026-05-12 12:52:06.631808','2026-05-12 12:43:29.464372','2026-05-12 12:52:06.631935',25,6,3,2,NULL,'Faltó tiempo',NULL,0),(56,'MARZYK','data:image/png;base64,iVBORw0KGgoAAAANSUhEUgAAAYYAAAGGAQAAAABX+xtIAAACaElEQVR4nO2cS4rjMBRFz2sbMrShF9BLkXfW9M7ipWQBAWcYsLk9kORPalKm2hW3eBoEY3NA4vn9ruSY2DemHzsBcMIJJ5xwwgknnHDiEKK3NOjbyeithr4FYMqP2m+flROHEo0kaYRwu8h+62kAWAdIknR9w6ycOIKo88VUQ3MHmExQyaAe6ds79B3MPd051+HEF4i+hRjgaZ5GGE4xKyeOJSoBVQzm+tOeZFZO/DNiju2VgAlo7qYwTLUAjAYIa7HunOtwYj/xMDOz/Aakkh10BWLZ3r1hVk4cQSQrh1fZvZKFWw1h4OXROdfhxI6RGrFG0rUZgWZEGioR4g8Q03tq5865Did2jGzzEaCSNFSrVyA/gLmFP+c6nNgxlMZi2hGCJIKk5PFzKHCbF0Bkmw9Vtu8AS4CXBtC1kdzPSyOiCMNkxAB/u8g6wDrye5DVmVOvw4nPjCymp6It+nTQGI28JHr382KIOZ8rurM0AEmiWWd7z+fFEKtNs+jsZD9P+TxXc+7nxRDb2J4NnxJ4jvdL8e42L4BY9+chX6XWrRlJu+Zet5dEbPrzLMJES8/pPUV+t3khxNrmiwizreE8n5dFrPJ5Pv1UbVq35Z7bvCwiaMnnz6TO9L9GonevRPeTr8OJzxPLuVcelxTMw83MOiaDh9k7ZuXEIcR6L1WxK0/q23qHzXW4kojNXmos2VP5tjn+6Pm8ZCLKMZLiAamoycjzeUFE/fHWZOLxc4TmXisWcuTTkN80KyeOJD7m81mMuwLreO+xvRDi5cMkVkVbGOYtF9fbSyLM/2fCCSeccMIJJ5xw4r8j/gKtH1CCegxGuwAAAABJRU5ErkJggg==','cancelled','2026-05-12 12:52:45.960470','2026-05-12 13:07:29.249257','2026-05-12 12:52:15.563950','2026-05-12 13:07:29.249374',13,8,4,2,NULL,'Faltó tiempo',NULL,0),(57,'CO79DA','data:image/png;base64,iVBORw0KGgoAAAANSUhEUgAAAYYAAAGGAQAAAABX+xtIAAACbElEQVR4nO2cX4qkMBCHv1qFeYwwB5ijxBvskZa5mR6lbxAfFyK1D6nY9vS+NIxtT6g8CBo/KCl/qT8GRXlsrL8eBMAJJ5xwwgknnHDCiUOIWWzA0pdLIgPIyFqnhqdb5cShRFBV1Wxns4gQLyL6OYCqqup0glVOHEqsm5JXIVbvywj2CpxilRMHEP3dlZB7ISQFcq+wnmCVE88llh5iAuahHl7AKie+j9h03imwwjyCsgxA6FQIQNw3617zOZx4nFhERKQHQob5I6MTq+gElLR9PMEqJ44gLCnfjQQ6hYxO/5vV/JrP4cQDwwqxoEpMoBOdEjWjU1Ctp+7zhoi9zy2oAzF15bTIXlNXbnGft0BsPs+UnkyROF1twtRVvordff7jiRqxU13WKYqHO+27zxshbhqrIdshqn5d27f27Gs+hxMPjKvOi5InOr3J67rSiPccrhli87kFcPvQEjbvl/StXnOfN0DsfX51vB2saitpvMfzVgjrvc6/M0L4KwogABLTO7C8KyxPtsqJI4l9p60IO9kCbz2ZmtJ5fd4McduTodbi6ZrI1bXd43krxE7nWC3eae3D2ayVbu7zRogbndf6/Jqo203Ba7WGiLsvZ7sKDfZB3XXeGHHd9xrTKsAqVeerQE3unmyVE4cSJmKYP1SZB4vnMtoGGt8D2Q6x+65mYTttzThqGm9vhK/tjRLzR3V3yeVDpuycGs+0yokjiXjpYZY3tS2vy5u1Yz6HE61y4huJu32vBC29V+JFUEIq8+I5XGvEtu91Hixfk5FOZQTkz6W/J55hlRNHEOL/mXDCCSeccMIJJ5z4ccQ/Hr5KYIWDYAgAAAAASUVORK5CYII=','completed','2026-05-12 13:19:09.770020','2026-05-12 13:39:07.873221','2026-05-12 13:12:37.389671','2026-05-12 13:39:07.873358',9,NULL,4,2,NULL,NULL,NULL,0);
/*!40000 ALTER TABLE `game_sessions` ENABLE KEYS */;
UNLOCK TABLES;

--
-- Table structure for table `general_knowledge_questions`
--

DROP TABLE IF EXISTS `general_knowledge_questions`;
/*!40101 SET @saved_cs_client     = @@character_set_client */;
/*!50503 SET character_set_client = utf8mb4 */;
CREATE TABLE `general_knowledge_questions` (
  `id` bigint NOT NULL AUTO_INCREMENT,
  `question` longtext CHARACTER SET utf8mb4 COLLATE utf8mb4_unicode_ci NOT NULL,
  `option_a` varchar(255) CHARACTER SET utf8mb4 COLLATE utf8mb4_unicode_ci NOT NULL,
  `option_b` varchar(255) CHARACTER SET utf8mb4 COLLATE utf8mb4_unicode_ci NOT NULL,
  `option_c` varchar(255) CHARACTER SET utf8mb4 COLLATE utf8mb4_unicode_ci NOT NULL,
  `option_d` varchar(255) CHARACTER SET utf8mb4 COLLATE utf8mb4_unicode_ci NOT NULL,
  `correct_answer` int NOT NULL,
  `is_active` tinyint(1) NOT NULL,
  `created_at` datetime(6) NOT NULL,
  `updated_at` datetime(6) NOT NULL,
  PRIMARY KEY (`id`),
  KEY `general_kno_is_acti_092043_idx` (`is_active`)
) ENGINE=InnoDB AUTO_INCREMENT=31 DEFAULT CHARSET=utf8mb4 COLLATE=utf8mb4_unicode_ci;
/*!40101 SET character_set_client = @saved_cs_client */;

--
-- Dumping data for table `general_knowledge_questions`
--

LOCK TABLES `general_knowledge_questions` WRITE;
/*!40000 ALTER TABLE `general_knowledge_questions` DISABLE KEYS */;
INSERT INTO `general_knowledge_questions` VALUES (1,'¿Cuál es la capital de Francia?','Londres','París','Madrid','Roma',1,1,'2025-11-26 14:17:13.468245','2025-11-26 14:17:13.468245'),(2,'¿En qué año llegó el hombre a la Luna?','1965','1969','1972','1975',1,1,'2025-11-26 14:17:13.473535','2025-11-26 14:17:13.473535'),(3,'¿Cuál es el océano más grande del mundo?','Atlántico','Índico','Pacífico','Ártico',2,1,'2025-11-26 14:17:13.479535','2025-11-26 14:17:13.479535'),(4,'¿Quién pintó la Mona Lisa?','Picasso','Van Gogh','Leonardo da Vinci','Miguel Ángel',2,1,'2025-11-26 14:17:13.484767','2025-11-26 14:17:13.484767'),(5,'¿Cuál es el planeta más cercano al Sol?','Venus','Tierra','Mercurio','Marte',2,1,'2025-11-26 14:17:13.488731','2025-11-26 14:17:13.488731'),(6,'¿Cuántos continentes hay en el mundo?','5','6','7','8',2,1,'2025-11-26 14:17:13.492941','2025-11-26 14:17:13.492941'),(7,'¿Cuál es el río más largo del mundo?','Amazonas','Nilo','Misisipi','Yangtsé',0,1,'2025-11-26 14:17:13.497941','2025-11-26 14:17:13.497941'),(8,'¿En qué continente está Egipto?','Asia','Europa','África','América',2,1,'2025-11-26 14:17:13.503150','2025-11-26 14:17:13.503150'),(9,'¿Cuál es la montaña más alta del mundo?','K2','Kilimanjaro','Everest','Aconcagua',2,1,'2025-11-26 14:17:13.507150','2025-11-26 14:17:13.507150'),(10,'¿Quién escribió \'Don Quijote de la Mancha\'?','Gabriel García Márquez','Miguel de Cervantes','Pablo Neruda','Mario Vargas Llosa',1,1,'2025-11-26 14:17:13.512328','2025-11-26 14:17:13.512328'),(11,'¿Cuál es el elemento químico más abundante en el universo?','Oxígeno','Hidrógeno','Helio','Carbono',1,1,'2025-11-26 14:17:13.516369','2025-11-26 14:17:13.516369'),(12,'¿En qué año comenzó la Segunda Guerra Mundial?','1937','1939','1941','1943',1,1,'2025-11-26 14:17:13.521334','2025-11-26 14:17:13.521334'),(13,'¿Cuál es el país más grande del mundo?','China','Estados Unidos','Rusia','Canadá',2,1,'2025-11-26 14:17:13.525598','2025-11-26 14:17:13.525598'),(14,'¿Qué instrumento tocaba Mozart?','Violín','Piano','Flauta','Todos los anteriores',3,1,'2025-11-26 14:17:13.530092','2025-11-26 14:17:13.530092'),(15,'¿Cuál es el animal más rápido del mundo?','Guepardo','León','Águila','Pez vela',0,1,'2025-11-26 14:17:13.535339','2025-11-26 14:17:13.535339'),(16,'¿Cuántos huesos tiene el cuerpo humano adulto?','196','206','216','226',1,1,'2025-11-26 14:17:13.541372','2025-11-26 14:17:13.541372'),(17,'¿Cuál es la velocidad de la luz?','300,000 km/s','150,000 km/s','450,000 km/s','600,000 km/s',0,1,'2025-11-26 14:17:13.548591','2025-11-26 14:17:13.549593'),(18,'¿En qué país está la Torre Eiffel?','Italia','España','Francia','Alemania',2,1,'2025-11-26 14:17:13.559018','2025-11-26 14:17:13.559018'),(20,'¿Qué es la fotosíntesis?','Proceso de respiración de las plantas','Proceso por el cual las plantas producen su alimento','Proceso de reproducción de las plantas','Proceso de crecimiento de las plantas',1,1,'2025-11-26 14:17:13.573460','2025-11-26 14:17:13.573460'),(21,'¿Qué significa MVP en emprendimiento?','Minimum Viable Product','Maximum Value Proposition','Most Valuable Player','Minimum Viable Process',0,1,'2026-05-11 19:50:11.204011','2026-05-11 19:50:11.204040'),(22,'¿Qué es el Design Thinking?','Metodología centrada en el usuario para resolver problemas','Software de diseño gráfico','Técnica de programación orientada a objetos','Estrategia de marketing digital',0,1,'2026-05-11 19:50:11.211408','2026-05-11 19:50:11.211444'),(23,'¿Qué es un \"pitch\" en el contexto empresarial?','Un campo de fútbol','Presentación breve de una idea de negocio','Un tipo de contrato laboral','Una herramienta de análisis financiero',1,1,'2026-05-11 19:50:11.217607','2026-05-11 19:50:11.217639'),(24,'¿Qué es el modelo Canvas de negocio?','Un programa de contabilidad','Herramienta para visualizar y diseñar modelos de negocio','Una metodología de programación','Un tipo de contrato de sociedad',1,1,'2026-05-11 19:50:11.223477','2026-05-11 19:50:11.223506'),(25,'¿Qué es el \"bootstrapping\" en emprendimiento?','Técnica de programación web','Financiar un negocio con recursos propios sin inversores externos','Estrategia de marketing en redes sociales','Proceso de contratación de empleados',1,1,'2026-05-11 19:50:11.228918','2026-05-11 19:50:11.228945'),(26,'¿Qué significa B2B en negocios?','Back to Basics','Business to Business (empresa a empresa)','Brand to Brand','Budget to Budget',1,1,'2026-05-11 19:50:11.234283','2026-05-11 19:50:11.234306'),(27,'¿Qué es una startup?','Una empresa consolidada con más de 50 años','Empresa emergente con alto potencial de crecimiento escalable','Un organismo gubernamental','Una organización sin fines de lucro',1,1,'2026-05-11 19:50:11.239063','2026-05-11 19:50:11.239083'),(28,'¿Qué es el \"networking\" en emprendimiento?','Configurar una red de computadoras','Construcción y cultivo de relaciones profesionales','Vender productos por internet','Analizar la competencia del mercado',1,1,'2026-05-11 19:50:11.243769','2026-05-11 19:50:11.243787'),(29,'¿Qué es la propuesta de valor de un negocio?','El precio de venta del producto','La descripción clara de cómo se resuelve el problema del cliente','El número de empleados de la empresa','El lugar donde opera la empresa',1,1,'2026-05-11 19:50:11.248459','2026-05-11 19:50:11.248479'),(30,'¿Qué es el \"pivot\" en una startup?','El fundador principal de la empresa','Cambio estratégico en el modelo de negocio basado en aprendizaje','Una ronda de inversión inicial','El primer producto lanzado al mercado',1,1,'2026-05-11 19:50:11.253367','2026-05-11 19:50:11.253391');
/*!40000 ALTER TABLE `general_knowledge_questions` ENABLE KEYS */;
UNLOCK TABLES;

--
-- Table structure for table `learning_objectives`
--

DROP TABLE IF EXISTS `learning_objectives`;
/*!40101 SET @saved_cs_client     = @@character_set_client */;
/*!50503 SET character_set_client = utf8mb4 */;
CREATE TABLE `learning_objectives` (
  `id` bigint NOT NULL AUTO_INCREMENT,
  `title` varchar(200) CHARACTER SET utf8mb4 COLLATE utf8mb4_unicode_ci NOT NULL,
  `description` longtext CHARACTER SET utf8mb4 COLLATE utf8mb4_unicode_ci,
  `evaluation_criteria` longtext CHARACTER SET utf8mb4 COLLATE utf8mb4_unicode_ci,
  `pedagogical_recommendations` longtext CHARACTER SET utf8mb4 COLLATE utf8mb4_unicode_ci,
  `estimated_time` int DEFAULT NULL,
  `associated_resources` longtext CHARACTER SET utf8mb4 COLLATE utf8mb4_unicode_ci,
  `is_active` tinyint(1) NOT NULL,
  `created_at` datetime(6) NOT NULL,
  `updated_at` datetime(6) NOT NULL,
  `stage_id` bigint DEFAULT NULL,
  PRIMARY KEY (`id`),
  KEY `learning_ob_stage_i_1b85ec_idx` (`stage_id`),
  KEY `learning_ob_is_acti_0b73ef_idx` (`is_active`),
  CONSTRAINT `learning_objectives_stage_id_9248a876_fk_stages_id` FOREIGN KEY (`stage_id`) REFERENCES `stages` (`id`)
) ENGINE=InnoDB DEFAULT CHARSET=utf8mb4 COLLATE=utf8mb4_unicode_ci;
/*!40101 SET character_set_client = @saved_cs_client */;

--
-- Dumping data for table `learning_objectives`
--

LOCK TABLES `learning_objectives` WRITE;
/*!40000 ALTER TABLE `learning_objectives` DISABLE KEYS */;
/*!40000 ALTER TABLE `learning_objectives` ENABLE KEYS */;
UNLOCK TABLES;

--
-- Table structure for table `minigames`
--

DROP TABLE IF EXISTS `minigames`;
/*!40101 SET @saved_cs_client     = @@character_set_client */;
/*!50503 SET character_set_client = utf8mb4 */;
CREATE TABLE `minigames` (
  `id` bigint NOT NULL AUTO_INCREMENT,
  `name` varchar(100) CHARACTER SET utf8mb4 COLLATE utf8mb4_unicode_ci NOT NULL,
  `type` varchar(20) CHARACTER SET utf8mb4 COLLATE utf8mb4_unicode_ci NOT NULL,
  `config` json DEFAULT NULL,
  `is_active` tinyint(1) NOT NULL,
  `created_at` datetime(6) NOT NULL,
  `updated_at` datetime(6) NOT NULL,
  PRIMARY KEY (`id`),
  KEY `minigames_is_acti_7fdda0_idx` (`is_active`)
) ENGINE=InnoDB DEFAULT CHARSET=utf8mb4 COLLATE=utf8mb4_unicode_ci;
/*!40101 SET character_set_client = @saved_cs_client */;

--
-- Dumping data for table `minigames`
--

LOCK TABLES `minigames` WRITE;
/*!40000 ALTER TABLE `minigames` DISABLE KEYS */;
/*!40000 ALTER TABLE `minigames` ENABLE KEYS */;
UNLOCK TABLES;

--
-- Table structure for table `peer_evaluations`
--

DROP TABLE IF EXISTS `peer_evaluations`;
/*!40101 SET @saved_cs_client     = @@character_set_client */;
/*!50503 SET character_set_client = utf8mb4 */;
CREATE TABLE `peer_evaluations` (
  `id` bigint NOT NULL AUTO_INCREMENT,
  `criteria_scores` json NOT NULL,
  `total_score` int NOT NULL,
  `tokens_awarded` int NOT NULL,
  `feedback` longtext CHARACTER SET utf8mb4 COLLATE utf8mb4_unicode_ci,
  `submitted_at` datetime(6) NOT NULL,
  `game_session_id` bigint NOT NULL,
  `evaluated_team_id` bigint NOT NULL,
  `evaluator_team_id` bigint NOT NULL,
  PRIMARY KEY (`id`),
  UNIQUE KEY `peer_evaluations_evaluator_team_id_evalua_6adfd797_uniq` (`evaluator_team_id`,`evaluated_team_id`,`game_session_id`),
  KEY `peer_evalua_evaluat_41ec08_idx` (`evaluator_team_id`),
  KEY `peer_evalua_evaluat_813a7f_idx` (`evaluated_team_id`),
  KEY `peer_evalua_game_se_cf2369_idx` (`game_session_id`),
  CONSTRAINT `peer_evaluations_evaluated_team_id_c19f8124_fk_teams_id` FOREIGN KEY (`evaluated_team_id`) REFERENCES `teams` (`id`),
  CONSTRAINT `peer_evaluations_evaluator_team_id_248009cc_fk_teams_id` FOREIGN KEY (`evaluator_team_id`) REFERENCES `teams` (`id`),
  CONSTRAINT `peer_evaluations_game_session_id_fd7c8f42_fk_game_sessions_id` FOREIGN KEY (`game_session_id`) REFERENCES `game_sessions` (`id`)
) ENGINE=InnoDB AUTO_INCREMENT=6 DEFAULT CHARSET=utf8mb4 COLLATE=utf8mb4_unicode_ci;
/*!40101 SET character_set_client = @saved_cs_client */;

--
-- Dumping data for table `peer_evaluations`
--

LOCK TABLES `peer_evaluations` WRITE;
/*!40000 ALTER TABLE `peer_evaluations` DISABLE KEYS */;
INSERT INTO `peer_evaluations` VALUES (1,'{\"clarity\": 5, \"solution\": 5, \"presentation\": 5}',15,15,'dasda','2026-05-10 21:46:01.422893',26,84,83),(2,'{\"clarity\": 5, \"solution\": 5, \"presentation\": 5}',15,15,'','2026-05-10 21:46:12.768589',26,83,84),(3,'{\"clarity\": 5, \"solution\": 5, \"presentation\": 5}',15,15,'dsadas','2026-05-12 13:06:44.389133',56,174,173),(4,'{\"clarity\": 5, \"solution\": 5, \"presentation\": 5}',15,15,'dsadasd','2026-05-12 13:38:31.741121',57,176,177),(5,'{\"clarity\": 5, \"solution\": 5, \"presentation\": 5}',15,15,'dasd','2026-05-12 13:38:47.120788',57,177,176);
/*!40000 ALTER TABLE `peer_evaluations` ENABLE KEYS */;
UNLOCK TABLES;

--
-- Table structure for table `professor_access_codes`
--

DROP TABLE IF EXISTS `professor_access_codes`;
/*!40101 SET @saved_cs_client     = @@character_set_client */;
/*!50503 SET character_set_client = utf8mb4 */;
CREATE TABLE `professor_access_codes` (
  `id` bigint NOT NULL AUTO_INCREMENT,
  `email` varchar(254) CHARACTER SET utf8mb4 COLLATE utf8mb4_unicode_ci NOT NULL,
  `access_code` varchar(20) CHARACTER SET utf8mb4 COLLATE utf8mb4_unicode_ci NOT NULL,
  `is_used` tinyint(1) NOT NULL,
  `created_at` datetime(6) NOT NULL,
  `used_at` datetime(6) DEFAULT NULL,
  PRIMARY KEY (`id`),
  UNIQUE KEY `email` (`email`),
  UNIQUE KEY `access_code` (`access_code`),
  KEY `professor_a_email_a5c55d_idx` (`email`),
  KEY `professor_a_access__60970d_idx` (`access_code`),
  KEY `professor_a_is_used_157546_idx` (`is_used`),
  KEY `prof_access_code_lookup_idx` (`access_code`,`is_used`,`email`)
) ENGINE=InnoDB DEFAULT CHARSET=utf8mb4 COLLATE=utf8mb4_unicode_ci;
/*!40101 SET character_set_client = @saved_cs_client */;

--
-- Dumping data for table `professor_access_codes`
--

LOCK TABLES `professor_access_codes` WRITE;
/*!40000 ALTER TABLE `professor_access_codes` DISABLE KEYS */;
/*!40000 ALTER TABLE `professor_access_codes` ENABLE KEYS */;
UNLOCK TABLES;

--
-- Table structure for table `professors`
--

DROP TABLE IF EXISTS `professors`;
/*!40101 SET @saved_cs_client     = @@character_set_client */;
/*!50503 SET character_set_client = utf8mb4 */;
CREATE TABLE `professors` (
  `id` bigint NOT NULL AUTO_INCREMENT,
  `access_code` varchar(20) CHARACTER SET utf8mb4 COLLATE utf8mb4_unicode_ci DEFAULT NULL,
  `created_at` datetime(6) NOT NULL,
  `updated_at` datetime(6) NOT NULL,
  `user_id` int NOT NULL,
  PRIMARY KEY (`id`),
  UNIQUE KEY `user_id` (`user_id`),
  UNIQUE KEY `access_code` (`access_code`),
  KEY `professors_user_id_88fbd9_idx` (`user_id`),
  KEY `professors_access__6616cd_idx` (`access_code`),
  CONSTRAINT `professors_user_id_5d848ad9_fk_auth_user_id` FOREIGN KEY (`user_id`) REFERENCES `auth_user` (`id`)
) ENGINE=InnoDB AUTO_INCREMENT=3 DEFAULT CHARSET=utf8mb4 COLLATE=utf8mb4_unicode_ci;
/*!40101 SET character_set_client = @saved_cs_client */;

--
-- Dumping data for table `professors`
--

LOCK TABLES `professors` WRITE;
/*!40000 ALTER TABLE `professors` DISABLE KEYS */;
INSERT INTO `professors` VALUES (1,NULL,'2026-04-10 17:21:24.483290','2026-04-10 17:21:24.483334',1),(2,NULL,'2026-05-10 20:55:27.844842','2026-05-10 20:55:27.844870',2);
/*!40000 ALTER TABLE `professors` ENABLE KEYS */;
UNLOCK TABLES;

--
-- Table structure for table `reflection_evaluations`
--

DROP TABLE IF EXISTS `reflection_evaluations`;
/*!40101 SET @saved_cs_client     = @@character_set_client */;
/*!50503 SET character_set_client = utf8mb4 */;
CREATE TABLE `reflection_evaluations` (
  `id` bigint NOT NULL AUTO_INCREMENT,
  `student_name` varchar(200) CHARACTER SET utf8mb4 COLLATE utf8mb4_unicode_ci NOT NULL,
  `student_email` varchar(254) CHARACTER SET utf8mb4 COLLATE utf8mb4_unicode_ci NOT NULL,
  `career` varchar(200) CHARACTER SET utf8mb4 COLLATE utf8mb4_unicode_ci DEFAULT NULL,
  `value_areas` json NOT NULL,
  `satisfaction` varchar(50) CHARACTER SET utf8mb4 COLLATE utf8mb4_unicode_ci DEFAULT NULL,
  `entrepreneurship_interest` varchar(50) CHARACTER SET utf8mb4 COLLATE utf8mb4_unicode_ci DEFAULT NULL,
  `comments` longtext CHARACTER SET utf8mb4 COLLATE utf8mb4_unicode_ci,
  `created_at` datetime(6) NOT NULL,
  `game_session_id` bigint NOT NULL,
  `faculty` varchar(200) CHARACTER SET utf8mb4 COLLATE utf8mb4_unicode_ci DEFAULT NULL,
  PRIMARY KEY (`id`),
  KEY `reflection__game_se_728398_idx` (`game_session_id`),
  KEY `reflection__student_836c1c_idx` (`student_email`),
  CONSTRAINT `reflection_evaluatio_game_session_id_22c4e282_fk_game_sess` FOREIGN KEY (`game_session_id`) REFERENCES `game_sessions` (`id`)
) ENGINE=InnoDB DEFAULT CHARSET=utf8mb4 COLLATE=utf8mb4_unicode_ci;
/*!40101 SET character_set_client = @saved_cs_client */;

--
-- Dumping data for table `reflection_evaluations`
--

LOCK TABLES `reflection_evaluations` WRITE;
/*!40000 ALTER TABLE `reflection_evaluations` DISABLE KEYS */;
/*!40000 ALTER TABLE `reflection_evaluations` ENABLE KEYS */;
UNLOCK TABLES;

--
-- Table structure for table `roulette_challenges`
--

DROP TABLE IF EXISTS `roulette_challenges`;
/*!40101 SET @saved_cs_client     = @@character_set_client */;
/*!50503 SET character_set_client = utf8mb4 */;
CREATE TABLE `roulette_challenges` (
  `id` bigint NOT NULL AUTO_INCREMENT,
  `description` longtext CHARACTER SET utf8mb4 COLLATE utf8mb4_unicode_ci NOT NULL,
  `challenge_type` varchar(20) CHARACTER SET utf8mb4 COLLATE utf8mb4_unicode_ci NOT NULL,
  `difficulty_estimated` int NOT NULL,
  `token_reward_min` int NOT NULL,
  `token_reward_max` int NOT NULL,
  `stages_applicable` json DEFAULT NULL,
  `is_active` tinyint(1) NOT NULL,
  `created_at` datetime(6) NOT NULL,
  `updated_at` datetime(6) NOT NULL,
  PRIMARY KEY (`id`),
  KEY `roulette_ch_challen_ddbd15_idx` (`challenge_type`),
  KEY `roulette_ch_is_acti_977e2a_idx` (`is_active`)
) ENGINE=InnoDB DEFAULT CHARSET=utf8mb4 COLLATE=utf8mb4_unicode_ci;
/*!40101 SET character_set_client = @saved_cs_client */;

--
-- Dumping data for table `roulette_challenges`
--

LOCK TABLES `roulette_challenges` WRITE;
/*!40000 ALTER TABLE `roulette_challenges` DISABLE KEYS */;
/*!40000 ALTER TABLE `roulette_challenges` ENABLE KEYS */;
UNLOCK TABLES;

--
-- Table structure for table `session_groups`
--

DROP TABLE IF EXISTS `session_groups`;
/*!40101 SET @saved_cs_client     = @@character_set_client */;
/*!50503 SET character_set_client = utf8mb4 */;
CREATE TABLE `session_groups` (
  `id` bigint NOT NULL AUTO_INCREMENT,
  `total_students` int NOT NULL,
  `number_of_sessions` int NOT NULL,
  `created_at` datetime(6) NOT NULL,
  `updated_at` datetime(6) NOT NULL,
  `course_id` bigint NOT NULL,
  `professor_id` bigint NOT NULL,
  PRIMARY KEY (`id`),
  KEY `session_gro_profess_20eb21_idx` (`professor_id`),
  KEY `session_gro_course__2145cd_idx` (`course_id`),
  CONSTRAINT `session_groups_course_id_b808e141_fk_courses_id` FOREIGN KEY (`course_id`) REFERENCES `courses` (`id`),
  CONSTRAINT `session_groups_professor_id_2d33326a_fk_professors_id` FOREIGN KEY (`professor_id`) REFERENCES `professors` (`id`)
) ENGINE=InnoDB DEFAULT CHARSET=utf8mb4 COLLATE=utf8mb4_unicode_ci;
/*!40101 SET character_set_client = @saved_cs_client */;

--
-- Dumping data for table `session_groups`
--

LOCK TABLES `session_groups` WRITE;
/*!40000 ALTER TABLE `session_groups` DISABLE KEYS */;
/*!40000 ALTER TABLE `session_groups` ENABLE KEYS */;
UNLOCK TABLES;

--
-- Table structure for table `session_stages`
--

DROP TABLE IF EXISTS `session_stages`;
/*!40101 SET @saved_cs_client     = @@character_set_client */;
/*!50503 SET character_set_client = utf8mb4 */;
CREATE TABLE `session_stages` (
  `id` bigint NOT NULL AUTO_INCREMENT,
  `status` varchar(20) CHARACTER SET utf8mb4 COLLATE utf8mb4_unicode_ci NOT NULL,
  `started_at` datetime(6) DEFAULT NULL,
  `completed_at` datetime(6) DEFAULT NULL,
  `game_session_id` bigint NOT NULL,
  `stage_id` bigint NOT NULL,
  `current_presentation_team_id` int DEFAULT NULL,
  `presentation_order` json DEFAULT NULL,
  `presentation_state` varchar(20) CHARACTER SET utf8mb4 COLLATE utf8mb4_unicode_ci NOT NULL,
  `presentation_timestamps` json DEFAULT NULL,
  PRIMARY KEY (`id`),
  UNIQUE KEY `session_stages_game_session_id_stage_id_36ac96ff_uniq` (`game_session_id`,`stage_id`),
  KEY `session_sta_game_se_80d31a_idx` (`game_session_id`),
  KEY `session_sta_stage_i_9da390_idx` (`stage_id`),
  KEY `session_sta_status_9dc993_idx` (`status`),
  CONSTRAINT `session_stages_game_session_id_fd63e682_fk_game_sessions_id` FOREIGN KEY (`game_session_id`) REFERENCES `game_sessions` (`id`),
  CONSTRAINT `session_stages_stage_id_61fec690_fk_stages_id` FOREIGN KEY (`stage_id`) REFERENCES `stages` (`id`)
) ENGINE=InnoDB AUTO_INCREMENT=65 DEFAULT CHARSET=utf8mb4 COLLATE=utf8mb4_unicode_ci;
/*!40101 SET character_set_client = @saved_cs_client */;

--
-- Dumping data for table `session_stages`
--

LOCK TABLES `session_stages` WRITE;
/*!40000 ALTER TABLE `session_stages` DISABLE KEYS */;
INSERT INTO `session_stages` VALUES (1,'in_progress','2026-04-14 14:21:49.455730',NULL,8,1,NULL,NULL,'not_started',NULL),(2,'in_progress','2026-04-14 14:29:45.404302',NULL,10,1,NULL,NULL,'not_started',NULL),(3,'in_progress','2026-04-14 17:46:35.173774',NULL,11,1,NULL,NULL,'not_started',NULL),(4,'in_progress','2026-04-14 18:49:03.651687',NULL,12,1,NULL,NULL,'not_started',NULL),(5,'in_progress','2026-04-14 18:55:37.689532',NULL,13,1,NULL,NULL,'not_started',NULL),(6,'in_progress','2026-04-14 19:04:19.669172',NULL,14,1,NULL,NULL,'not_started',NULL),(7,'in_progress','2026-04-14 23:25:49.643346',NULL,19,1,NULL,NULL,'not_started',NULL),(8,'completed','2026-04-16 01:17:11.107082','2026-04-16 01:35:10.638356',20,1,NULL,NULL,'not_started',NULL),(9,'completed','2026-04-16 01:57:04.882503','2026-04-16 01:57:29.464575',21,1,NULL,NULL,'not_started',NULL),(10,'completed','2026-04-16 03:32:58.765630','2026-04-16 03:33:17.846258',21,2,NULL,NULL,'not_started',NULL),(11,'completed','2026-04-16 03:33:23.015974','2026-04-16 03:33:28.968238',21,3,NULL,NULL,'not_started',NULL),(12,'completed','2026-04-16 03:33:31.901903','2026-04-16 03:33:52.291467',21,4,68,'[69, 68]','evaluating','{\"68\": \"2026-04-16T03:33:51.068595+00:00\", \"69\": \"2026-04-16T03:33:47.031659+00:00\", \"_reflection\": true, \"_reflection_started_at\": \"2026-04-16T03:33:59.380149+00:00\"}'),(13,'in_progress','2026-05-10 21:04:15.188472',NULL,24,1,NULL,NULL,'not_started',NULL),(14,'completed','2026-05-10 21:14:52.277401','2026-05-10 21:18:12.808561',25,1,NULL,NULL,'not_started',NULL),(15,'in_progress','2026-05-10 21:18:27.933039',NULL,25,2,NULL,NULL,'not_started',NULL),(16,'completed','2026-05-10 21:21:19.865768','2026-05-10 21:22:39.531653',26,1,NULL,NULL,'not_started',NULL),(17,'completed','2026-05-10 21:23:33.524592','2026-05-10 21:28:38.960094',26,2,NULL,NULL,'not_started',NULL),(18,'completed','2026-05-10 21:28:59.292721','2026-05-10 21:39:21.782217',26,3,NULL,NULL,'not_started',NULL),(19,'completed','2026-05-10 21:40:13.096423','2026-05-10 21:46:15.505611',26,4,83,'[84, 83]','evaluating','{\"83\": \"2026-05-10T21:46:07.122984+00:00\", \"84\": \"2026-05-10T21:44:22.521901+00:00\", \"_reflection\": true, \"_reflection_started_at\": \"2026-05-10T21:46:25.750278+00:00\"}'),(20,'completed','2026-05-11 16:49:16.862262','2026-05-11 16:50:04.041194',28,1,NULL,NULL,'not_started',NULL),(21,'in_progress','2026-05-11 16:50:11.538798',NULL,28,2,NULL,NULL,'not_started',NULL),(22,'completed','2026-05-11 19:32:50.290573','2026-05-11 19:33:43.685594',30,1,NULL,NULL,'not_started',NULL),(23,'in_progress','2026-05-11 19:33:52.989354',NULL,30,2,NULL,NULL,'not_started',NULL),(24,'completed','2026-05-11 19:35:38.299800','2026-05-11 19:36:28.074531',31,1,NULL,NULL,'not_started',NULL),(25,'in_progress','2026-05-11 20:18:35.688993',NULL,32,1,NULL,NULL,'not_started',NULL),(26,'in_progress','2026-05-11 20:50:28.917253',NULL,33,1,NULL,NULL,'not_started',NULL),(27,'in_progress','2026-05-11 20:52:11.580861',NULL,34,1,NULL,NULL,'not_started',NULL),(28,'in_progress','2026-05-11 23:25:04.580692',NULL,35,1,NULL,NULL,'not_started',NULL),(29,'in_progress','2026-05-11 23:59:51.517652',NULL,36,1,NULL,NULL,'not_started',NULL),(30,'completed','2026-05-12 00:20:01.201482','2026-05-12 00:20:41.423941',37,1,NULL,NULL,'not_started',NULL),(31,'in_progress','2026-05-12 00:20:51.628653',NULL,37,2,NULL,NULL,'not_started',NULL),(32,'in_progress','2026-05-12 00:22:29.104402',NULL,38,1,NULL,NULL,'not_started',NULL),(33,'completed','2026-05-12 00:32:38.144166','2026-05-12 00:33:43.153006',40,1,NULL,NULL,'not_started',NULL),(34,'completed','2026-05-12 00:33:51.238792','2026-05-12 00:34:25.076106',40,2,NULL,NULL,'not_started',NULL),(35,'in_progress','2026-05-12 00:34:33.345361',NULL,40,3,NULL,NULL,'not_started',NULL),(36,'completed','2026-05-12 03:49:47.761207','2026-05-12 03:50:24.587664',47,1,NULL,NULL,'not_started',NULL),(37,'completed','2026-05-12 03:51:18.351379','2026-05-12 04:02:55.337153',47,2,NULL,NULL,'not_started',NULL),(38,'completed','2026-05-12 04:03:13.044682','2026-05-12 04:30:35.214347',47,3,NULL,NULL,'not_started',NULL),(39,'in_progress','2026-05-12 04:30:47.771232',NULL,47,4,NULL,NULL,'not_started',NULL),(40,'completed','2026-05-12 11:34:44.730382','2026-05-12 11:36:46.486457',48,1,NULL,NULL,'not_started',NULL),(41,'in_progress','2026-05-12 11:36:55.717526',NULL,48,2,NULL,NULL,'not_started',NULL),(42,'completed','2026-05-12 11:46:11.680772','2026-05-12 11:46:18.642484',49,1,NULL,NULL,'not_started',NULL),(43,'completed','2026-05-12 11:46:36.434230','2026-05-12 11:52:42.081611',49,2,NULL,NULL,'not_started',NULL),(44,'in_progress','2026-05-12 11:52:58.075695',NULL,49,3,NULL,NULL,'not_started',NULL),(45,'completed','2026-05-12 11:54:28.575102','2026-05-12 11:55:18.981862',50,1,NULL,NULL,'not_started',NULL),(46,'completed','2026-05-12 11:55:50.742408','2026-05-12 12:19:09.703205',50,2,NULL,NULL,'not_started',NULL),(47,'in_progress','2026-05-12 12:19:25.977546',NULL,50,3,NULL,NULL,'not_started',NULL),(48,'completed','2026-05-12 12:27:06.461037','2026-05-12 12:27:20.592310',52,1,NULL,NULL,'not_started',NULL),(49,'in_progress','2026-05-12 12:27:33.661983',NULL,52,2,NULL,NULL,'not_started',NULL),(50,'completed','2026-05-12 12:33:20.398528','2026-05-12 12:33:32.621873',53,1,NULL,NULL,'not_started',NULL),(51,'in_progress','2026-05-12 12:33:38.981823',NULL,53,2,NULL,NULL,'not_started',NULL),(52,'completed','2026-05-12 12:39:03.191570','2026-05-12 12:39:12.394198',54,1,NULL,NULL,'not_started',NULL),(53,'in_progress','2026-05-12 12:39:21.703897',NULL,54,2,NULL,NULL,'not_started',NULL),(54,'completed','2026-05-12 12:44:01.034804','2026-05-12 12:44:16.524014',55,1,NULL,NULL,'not_started',NULL),(55,'completed','2026-05-12 12:44:23.334369','2026-05-12 12:51:03.146816',55,2,NULL,NULL,'not_started',NULL),(56,'in_progress','2026-05-12 12:51:08.062822',NULL,55,3,NULL,NULL,'not_started',NULL),(57,'completed','2026-05-12 12:52:48.869727','2026-05-12 12:54:12.866630',56,1,NULL,NULL,'not_started',NULL),(58,'completed','2026-05-12 12:54:22.405495','2026-05-12 12:56:52.886018',56,2,NULL,NULL,'not_started',NULL),(59,'completed','2026-05-12 12:57:04.085722','2026-05-12 13:00:49.991305',56,3,NULL,NULL,'not_started',NULL),(60,'in_progress','2026-05-12 13:00:53.464988',NULL,56,4,173,'[174, 173]','evaluating','{\"173\": \"2026-05-12T13:06:55.979424+00:00\", \"174\": \"2026-05-12T13:06:03.222796+00:00\"}'),(61,'completed','2026-05-12 13:19:39.831153','2026-05-12 13:26:01.681310',57,1,NULL,NULL,'not_started',NULL),(62,'completed','2026-05-12 13:26:29.894407','2026-05-12 13:33:02.321513',57,2,NULL,NULL,'not_started',NULL),(63,'completed','2026-05-12 13:33:42.177587','2026-05-12 13:36:31.475273',57,3,NULL,NULL,'not_started',NULL),(64,'completed','2026-05-12 13:36:36.590436','2026-05-12 13:38:53.227056',57,4,177,'[176, 177]','evaluating','{\"176\": \"2026-05-12T13:37:56.863824+00:00\", \"177\": \"2026-05-12T13:38:41.835448+00:00\", \"_reflection\": true, \"_reflection_started_at\": \"2026-05-12T13:39:07.863850+00:00\"}');
/*!40000 ALTER TABLE `session_stages` ENABLE KEYS */;
UNLOCK TABLES;

--
-- Table structure for table `stage_duration_metrics`
--

DROP TABLE IF EXISTS `stage_duration_metrics`;
/*!40101 SET @saved_cs_client     = @@character_set_client */;
/*!50503 SET character_set_client = utf8mb4 */;
CREATE TABLE `stage_duration_metrics` (
  `id` bigint NOT NULL AUTO_INCREMENT,
  `total_completions` int NOT NULL,
  `total_duration_seconds` double NOT NULL,
  `avg_duration_seconds` double NOT NULL,
  `last_updated` datetime(6) NOT NULL,
  `stage_id` bigint NOT NULL,
  PRIMARY KEY (`id`),
  UNIQUE KEY `stage_duration_metrics_stage_id_d473df5f_uniq` (`stage_id`),
  CONSTRAINT `stage_duration_metrics_stage_id_d473df5f_fk_stages_id` FOREIGN KEY (`stage_id`) REFERENCES `stages` (`id`)
) ENGINE=InnoDB AUTO_INCREMENT=5 DEFAULT CHARSET=utf8mb4 COLLATE=utf8mb4_unicode_ci;
/*!40101 SET character_set_client = @saved_cs_client */;

--
-- Dumping data for table `stage_duration_metrics`
--

LOCK TABLES `stage_duration_metrics` WRITE;
/*!40000 ALTER TABLE `stage_duration_metrics` DISABLE KEYS */;
INSERT INTO `stage_duration_metrics` VALUES (1,19,2372.734894,124.88078389473685,'2026-05-12 13:26:01.687698',1),(2,9,3762.667472,418.0741635555556,'2026-05-12 13:33:02.326923',2),(3,5,2665.814694,533.1629388,'2026-05-12 13:36:31.483148',3),(4,6,1038.8707439999998,173.14512399999998,'2026-05-12 13:39:07.870184',4);
/*!40000 ALTER TABLE `stage_duration_metrics` ENABLE KEYS */;
UNLOCK TABLES;

--
-- Table structure for table `stages`
--

DROP TABLE IF EXISTS `stages`;
/*!40101 SET @saved_cs_client     = @@character_set_client */;
/*!50503 SET character_set_client = utf8mb4 */;
CREATE TABLE `stages` (
  `id` bigint NOT NULL AUTO_INCREMENT,
  `number` int NOT NULL,
  `name` varchar(100) CHARACTER SET utf8mb4 COLLATE utf8mb4_unicode_ci NOT NULL,
  `description` longtext CHARACTER SET utf8mb4 COLLATE utf8mb4_unicode_ci,
  `objective` longtext CHARACTER SET utf8mb4 COLLATE utf8mb4_unicode_ci,
  `estimated_duration` int DEFAULT NULL,
  `is_active` tinyint(1) NOT NULL,
  `created_at` datetime(6) NOT NULL,
  `updated_at` datetime(6) NOT NULL,
  PRIMARY KEY (`id`),
  UNIQUE KEY `number` (`number`),
  KEY `stages_number_09a69d_idx` (`number`),
  KEY `stages_is_acti_aa6986_idx` (`is_active`)
) ENGINE=InnoDB AUTO_INCREMENT=5 DEFAULT CHARSET=utf8mb4 COLLATE=utf8mb4_unicode_ci;
/*!40101 SET character_set_client = @saved_cs_client */;

--
-- Dumping data for table `stages`
--

LOCK TABLES `stages` WRITE;
/*!40000 ALTER TABLE `stages` DISABLE KEYS */;
INSERT INTO `stages` VALUES (1,1,'Trabajo en Equipo','Primera etapa del juego enfocada en trabajo colaborativo','Fomentar el trabajo en equipo y la colaboración',60,1,'2026-04-14 14:15:15.046974','2026-04-14 14:15:15.047031'),(2,2,'Empatía','Conocer problemas y abordar un caso o desafío',NULL,30,1,'2025-11-04 23:18:44.809000','2025-11-04 23:18:44.809000'),(3,3,'Creatividad','Tercera etapa del juego enfocada en la creatividad y construcción de prototipos','Crear una solución con legos',30,1,'2025-11-05 02:28:51.625000','2025-11-05 02:28:51.625000'),(4,4,'Comunicación','Cuarta etapa del juego enfocada en la comunicación y presentación del pitch','Crear y comunicar pitch',45,1,'2025-11-05 05:28:59.097000','2025-11-05 05:28:59.097000');
/*!40000 ALTER TABLE `stages` ENABLE KEYS */;
UNLOCK TABLES;

--
-- Table structure for table `students`
--

DROP TABLE IF EXISTS `students`;
/*!40101 SET @saved_cs_client     = @@character_set_client */;
/*!50503 SET character_set_client = utf8mb4 */;
CREATE TABLE `students` (
  `id` bigint NOT NULL AUTO_INCREMENT,
  `full_name` varchar(200) CHARACTER SET utf8mb4 COLLATE utf8mb4_unicode_ci NOT NULL,
  `email` varchar(254) CHARACTER SET utf8mb4 COLLATE utf8mb4_unicode_ci NOT NULL,
  `rut` varchar(20) CHARACTER SET utf8mb4 COLLATE utf8mb4_unicode_ci NOT NULL,
  `created_at` datetime(6) NOT NULL,
  `updated_at` datetime(6) NOT NULL,
  PRIMARY KEY (`id`),
  UNIQUE KEY `email` (`email`),
  UNIQUE KEY `rut` (`rut`),
  KEY `students_email_b942ac_idx` (`email`),
  KEY `students_rut_b476d2_idx` (`rut`)
) ENGINE=InnoDB AUTO_INCREMENT=54 DEFAULT CHARSET=utf8mb4 COLLATE=utf8mb4_unicode_ci;
/*!40101 SET character_set_client = @saved_cs_client */;

--
-- Dumping data for table `students`
--

LOCK TABLES `students` WRITE;
/*!40000 ALTER TABLE `students` DISABLE KEYS */;
INSERT INTO `students` VALUES (1,'JESUS ALEJANDRO AZUAJE PEREZ','j.azuajep@udd.cl','26083316','2026-04-13 00:31:28.758765','2026-04-13 00:31:28.758808'),(2,'LEANDRO AÑASCO TELLERI','lanascot@udd.cl','21793579','2026-04-13 00:31:28.769998','2026-04-13 00:31:28.770042'),(3,'RAIMUNDO BARBOSA PETIT','r.barbosap@udd.cl','21552660','2026-04-13 00:31:28.780683','2026-04-13 00:31:28.780724'),(4,'ALEJANDRO PATRICIO BARRIENTOS VILLALOBOS','a.barrientosv@udd.cl','21594003','2026-04-13 00:31:28.790266','2026-04-13 00:31:28.790299'),(5,'BASTIÁN IGNACIO FARIÑA LARA','b.farinal@udd.cl','21756083','2026-04-13 00:31:28.798382','2026-04-13 00:31:28.798423'),(6,'MARTÍN ISAIAS GUERRERO ANCAPICHÚN','m.guerreroa@udd.cl','21605843','2026-04-13 00:31:28.808033','2026-04-13 00:31:28.808067'),(7,'MARTÍN ALEJANDRO OLIVARES ROJAS','m.olivaresr@udd.cl','21644638','2026-04-13 00:31:28.816254','2026-04-13 00:31:28.816292'),(8,'SANTIAGO ANDRÉS PAGE MUNITA','spagem@udd.cl','21612007','2026-04-13 00:31:28.825237','2026-04-13 00:31:28.825266'),(9,'SEBASTIÁN RAMORINO CARRILLO','sramorinoc@udd.cl','21782154','2026-04-13 00:31:28.835238','2026-04-13 00:31:28.835294'),(10,'AGUSTÍN EDUARDO REYES PEREIRA','a.reyesp@udd.cl','21150243','2026-04-13 00:31:28.843731','2026-04-13 00:31:28.843759'),(11,'LUCAS JEREMÍAS RIQUELME TORRES','l.riquelmet@udd.cl','21303074','2026-04-13 00:31:28.853618','2026-04-13 00:31:28.853647'),(12,'DANIEL ANDRÉS ROMERO BELTRÁN','d.romerob@udd.cl','21439688','2026-04-13 00:31:28.861496','2026-04-13 00:31:28.861528'),(13,'SEBASTIAN FERNANDO RUIZ RIFFO','s.ruizr@udd.cl','21675942','2026-04-13 00:31:28.871544','2026-04-13 00:31:28.871574'),(14,'JOSE IGNACIO SAAVEDRA HANS','jsaavedrah@udd.cl','21551254','2026-04-13 00:31:28.880625','2026-04-13 00:31:28.880660'),(15,'ÁLVARO FRANCISCO TORRES FERNÁNDEZ','a.torresf@udd.cl','21740840','2026-04-13 00:31:28.888912','2026-04-13 00:31:28.888939'),(16,'RENATO IGNACIO VARELA ROJAS','r.varelar@udd.cl','21765535','2026-04-13 00:31:28.897641','2026-04-13 00:31:28.897681'),(17,'MATÍAS ALEJANDRO VERGARA FLORES','matvergaraf@udd.cl','20914842','2026-04-13 00:31:28.907487','2026-04-13 00:31:28.907519'),(18,'CAMILA PAOLA ALBORNOZ GONZALEZ','c.albornozg@udd.cl','26094270','2026-04-13 21:58:47.124368','2026-04-13 21:58:47.124417'),(19,'AMAIA CONSTANZA ARTEAGA COINDREAU','a.arteagac@udd.cl','22398239','2026-04-13 21:58:47.143617','2026-04-13 21:58:47.143663'),(20,'ALEX OSVALDO BADILLA LÓPEZ','a.badillal@udd.cl','22461847','2026-04-13 21:58:47.155264','2026-04-13 21:58:47.155313'),(21,'ANDRÉS BISQUERTT HUDSON','a.bisquertth@udd.cl','21527786','2026-04-13 21:58:47.167140','2026-04-13 21:58:47.167186'),(22,'BENJAMÍN EDUARDO BOTELLO GALAZ','b.botellog@udd.cl','22386205','2026-04-13 21:58:47.177900','2026-04-13 21:58:47.177959'),(23,'KURT AUGUSTO BUCHHOLTZ ASTORQUIZA','k.buchholtza@udd.cl','20837048','2026-04-13 21:58:47.189173','2026-04-13 21:58:47.189222'),(24,'MARTÍN ALONSO CAMPOS LÓPEZ','m.camposl@udd.cl','22536228','2026-04-13 21:58:47.200719','2026-04-13 21:58:47.200766'),(25,'NICOLÁS ALEJANDRO CAMPOS CLARO','ni.camposc@udd.cl','22302955','2026-04-13 21:58:47.212339','2026-04-13 21:58:47.212388'),(26,'EMILIO CASTELBLANCO MEDINA','e.castelblancom@udd.cl','22407418','2026-04-13 21:58:47.223789','2026-04-13 21:58:47.223840'),(27,'NICOLÁS ALONSO CASTILLO OYANADEL','n.castilloo@udd.cl','22685263','2026-04-13 21:58:47.235317','2026-04-13 21:58:47.235364'),(28,'NICOLÁS MAXIMILIANO CASTRO PÉREZ','ni.castrop@udd.cl','22625784','2026-04-13 21:58:47.246768','2026-04-13 21:58:47.246820'),(29,'VALERIA EUNICE CHUNGA LARA','v.chungal@udd.cl','21217185','2026-04-13 21:58:47.258835','2026-04-13 21:58:47.258887'),(30,'IGNACIO ALONSO CLEMENTE BERNAL','i.clementeb@udd.cl','22232446','2026-04-13 21:58:47.271022','2026-04-13 21:58:47.271067'),(31,'AGUSTÍN ANDRÉS CONTRERAS PEÑA','ag.contrerasp@udd.cl','22255285','2026-04-13 21:58:47.282721','2026-04-13 21:58:47.282793'),(32,'LAURA SOFÍA CRUZ RAMÍREZ','l.cruzr@udd.cl','24748247','2026-04-13 21:58:47.294484','2026-04-13 21:58:47.294534'),(33,'JOAQUÍN MAURICIO DELGADO JACOB','j.delgadoj@udd.cl','22682074','2026-04-13 21:58:47.306785','2026-04-13 21:58:47.306832'),(34,'JOSÉ BENJAMÍN FERNÁNDEZ ZÚÑIGA','j.fernandezz@udd.cl','22260533','2026-04-13 21:58:47.319089','2026-04-13 21:58:47.319136'),(35,'LUCAS ISRAEL FREIRE MUÑOZ','l.freirem@udd.cl','20108212','2026-04-13 21:58:47.332275','2026-04-13 21:58:47.332320'),(36,'ALEJANDRO ANDRÉS GARCÍA ARANCIBIA','a.garciaar@udd.cl','22572155','2026-04-13 21:58:47.343819','2026-04-13 21:58:47.343870'),(37,'MARÍA JOSÉ GONZÁLEZ CORNEJO','maria.gonzalezc@udd.cl','22445863','2026-04-13 21:58:47.356349','2026-04-13 21:58:47.356399'),(38,'FERNANDO TOMÁS HASENBERG SANTELICES','f.hasenbergs@udd.cl','22048631','2026-04-13 21:58:47.369748','2026-04-13 21:58:47.369796'),(39,'AMARO INFANTE REBOLLEDO','a.infanter@udd.cl','22451479','2026-04-13 21:58:47.383774','2026-04-13 21:58:47.383827'),(40,'LUCAS KLUCK MIDDLETON','l.kluckm@udd.cl','22376215','2026-04-13 21:58:47.396136','2026-04-13 21:58:47.396180'),(41,'FELIPE ANDRÉS LEAL SALINAS','f.leals@udd.cl','22702592','2026-04-13 21:58:47.408307','2026-04-13 21:58:47.408351'),(42,'JAVIERA IGNACIA MILLAR PEZO','j.millarp@udd.cl','22446005','2026-04-13 21:58:47.419958','2026-04-13 21:58:47.420006'),(43,'VICTORIA ANTONIA MIRANDA LUTJENS','v.mirandal@udd.cl','22377298','2026-04-13 21:58:47.432044','2026-04-13 21:58:47.432085'),(44,'CRISTHIAN MOISES MUJICA MENESES','c.mujicam@udd.cl','26131859','2026-04-13 21:58:47.445196','2026-04-13 21:58:47.445245'),(45,'AGUSTÍN IGNACIO OSORIO GOICH','a.osoriog@udd.cl','22424994','2026-04-13 21:58:47.457200','2026-04-13 21:58:47.457249'),(46,'MARTÍN VICENTE PIRUL CANOUET','m.pirulc@udd.cl','22366349','2026-04-13 21:58:47.471676','2026-04-13 21:58:47.471735'),(47,'MATIAS IGNACIO RIFO SALAZAR','m.rifos@udd.cl','21938563','2026-04-13 21:58:47.484276','2026-04-13 21:58:47.484320'),(48,'LUCAS ALONSO ROMERO DONOSO','l.romerod@udd.cl','22417791','2026-04-13 21:58:47.497090','2026-04-13 21:58:47.497141'),(49,'VICENTE ELÍAS RUIZ MORALES','v.ruizm@udd.cl','22496854','2026-04-13 21:58:47.511189','2026-04-13 21:58:47.511237'),(50,'VALENTÍN NAHUEL SANCHO ROITMAN','v.sanchor@udd.cl','22435492','2026-04-13 21:58:47.524630','2026-04-13 21:58:47.524677'),(51,'CRISTIAN JESÚS TORO BRITO','c.torob@udd.cl','22562209','2026-04-13 21:58:47.537930','2026-04-13 21:58:47.537976'),(52,'MATÍAS VILLEGAS VALDÉS','m.villegasv@udd.cl','21704928','2026-04-13 21:58:47.550650','2026-04-13 21:58:47.550752'),(53,'JAVIER ALONSO ÁLVAREZ QUEVEDO','j.alvarezq@udd.cl','22634414','2026-04-13 21:58:47.563823','2026-04-13 21:58:47.563868');
/*!40000 ALTER TABLE `students` ENABLE KEYS */;
UNLOCK TABLES;

--
-- Table structure for table `tablet_connections`
--

DROP TABLE IF EXISTS `tablet_connections`;
/*!40101 SET @saved_cs_client     = @@character_set_client */;
/*!50503 SET character_set_client = utf8mb4 */;
CREATE TABLE `tablet_connections` (
  `id` bigint NOT NULL AUTO_INCREMENT,
  `connected_at` datetime(6) NOT NULL,
  `disconnected_at` datetime(6) DEFAULT NULL,
  `last_seen` datetime(6) NOT NULL,
  `game_session_id` bigint NOT NULL,
  `tablet_id` bigint DEFAULT NULL,
  `team_id` bigint NOT NULL,
  `team_session_token` char(32) CHARACTER SET utf8mb4 COLLATE utf8mb4_unicode_ci NOT NULL,
  `current_screen` varchar(50) COLLATE utf8mb4_unicode_ci NOT NULL,
  PRIMARY KEY (`id`),
  UNIQUE KEY `team_session_token` (`team_session_token`),
  KEY `tablet_conn_tablet__aebeaa_idx` (`tablet_id`),
  KEY `tablet_conn_team_id_842e97_idx` (`team_id`),
  KEY `tablet_conn_game_se_380fa9_idx` (`game_session_id`),
  KEY `tablet_conn_last_se_be9684_idx` (`last_seen`),
  CONSTRAINT `tablet_connections_game_session_id_91f1926c_fk_game_sessions_id` FOREIGN KEY (`game_session_id`) REFERENCES `game_sessions` (`id`),
  CONSTRAINT `tablet_connections_tablet_id_7ddc0d0f_fk_tablets_id` FOREIGN KEY (`tablet_id`) REFERENCES `tablets` (`id`),
  CONSTRAINT `tablet_connections_team_id_dffc7a3d_fk_teams_id` FOREIGN KEY (`team_id`) REFERENCES `teams` (`id`)
) ENGINE=InnoDB AUTO_INCREMENT=106 DEFAULT CHARSET=utf8mb4 COLLATE=utf8mb4_unicode_ci;
/*!40101 SET character_set_client = @saved_cs_client */;

--
-- Dumping data for table `tablet_connections`
--

LOCK TABLES `tablet_connections` WRITE;
/*!40000 ALTER TABLE `tablet_connections` DISABLE KEYS */;
INSERT INTO `tablet_connections` VALUES (1,'2026-04-13 14:33:03.923317','2026-04-13 21:58:26.980262','2026-04-13 21:58:26.982661',2,NULL,5,'d060562cb0974284a90ab0c314afe9c5',''),(2,'2026-04-13 14:48:39.084529','2026-04-13 21:58:26.980262','2026-04-13 21:58:27.030858',2,NULL,6,'60f74589c5ea4c4eb26b89362e387a1a',''),(3,'2026-04-13 14:49:01.517547','2026-04-13 21:58:26.980262','2026-04-13 21:58:27.037997',2,NULL,4,'0accab9e4f764b17a9e5973ebf6ea24c',''),(4,'2026-04-14 13:30:23.792020','2026-04-14 13:32:58.272399','2026-04-14 13:32:58.274323',3,NULL,10,'357e9c1756154107bc91c597816bccdb',''),(5,'2026-04-14 13:30:41.767606','2026-04-14 13:32:58.272399','2026-04-14 13:32:58.279082',3,NULL,8,'9c795dc60e7c43ef961fe489d7ee5bd8',''),(6,'2026-04-14 13:34:21.284537','2026-04-14 13:45:06.006264','2026-04-14 13:45:06.007836',4,NULL,15,'7456cfa251d34cda8008e06cb9a1bb9c',''),(7,'2026-04-14 13:34:30.961267','2026-04-14 13:45:06.006264','2026-04-14 13:45:06.012807',4,NULL,13,'20848a964fb844b8a4d05323310db1e0',''),(8,'2026-04-14 13:44:44.402450','2026-04-14 13:45:06.006264','2026-04-14 13:45:06.018314',4,NULL,16,'abe4e2818945488aa1c4ff7974bf6b60',''),(9,'2026-04-14 13:45:50.838013','2026-04-14 13:51:22.343815','2026-04-14 13:51:22.345261',5,NULL,18,'17893a5fe45247ae90a5927b1ae145b3',''),(10,'2026-04-14 13:46:06.023625','2026-04-14 13:51:22.343815','2026-04-14 13:51:22.353515',5,NULL,19,'512f58dac06346c0a0c824eb568c79cc',''),(11,'2026-04-14 13:56:14.055309','2026-04-14 13:59:43.396693','2026-04-14 13:59:43.398231',6,NULL,21,'888875f18c6e488983a7b5e1f5ceb1b9',''),(12,'2026-04-14 13:56:20.103431','2026-04-14 13:59:43.396693','2026-04-14 13:59:43.445323',6,NULL,22,'04ac00eb1d1347e3a3de364d0a95421a',''),(13,'2026-04-14 14:01:39.914474','2026-04-14 14:11:14.213684','2026-04-14 14:11:14.215129',7,NULL,24,'758d4699e00245e49a5cb62fc4e9cf43',''),(14,'2026-04-14 14:01:43.984746','2026-04-14 14:11:14.213684','2026-04-14 14:11:14.221140',7,NULL,25,'829fbed301ed436fb8f57f800900fbfb',''),(15,'2026-04-14 14:12:00.702168','2026-04-14 14:23:03.839384','2026-04-14 14:23:03.840858',8,NULL,27,'1e8b8ee86ed549e197c1cc2baa488dcb',''),(16,'2026-04-14 14:12:04.081593','2026-04-14 14:23:03.839384','2026-04-14 14:23:03.848398',8,NULL,28,'2c90c34084914588a623e285f90df2a1',''),(17,'2026-04-14 14:23:31.492155','2026-04-14 14:28:24.880737','2026-04-14 14:28:24.882444',9,NULL,30,'7ff476b2d45344579435ff897eaf5049',''),(18,'2026-04-14 14:23:40.396643','2026-04-14 14:28:24.880737','2026-04-14 14:28:24.887978',9,NULL,31,'cae6c1821e22408c859687372ba93ab5',''),(19,'2026-04-14 14:28:56.509080','2026-04-14 16:43:08.604042','2026-04-14 16:43:08.606434',10,NULL,33,'ef79f83926804e899717ce5b6c882af3',''),(20,'2026-04-14 14:29:00.047176','2026-04-14 16:43:08.604042','2026-04-14 16:43:08.654879',10,NULL,34,'62e5673854bc4335aea0b3db2c61c92d',''),(21,'2026-04-14 17:45:29.698929','2026-04-14 18:47:29.493737','2026-04-14 18:47:29.495751',11,NULL,36,'194efbeb07a34e0e92dcc5894d8340f9',''),(22,'2026-04-14 17:45:36.671079','2026-04-14 18:47:29.493737','2026-04-14 18:47:29.517045',11,NULL,37,'30aea818fb0d4881a03e5b66f0ed32e7',''),(23,'2026-04-14 18:48:40.976128','2026-04-14 18:54:36.402359','2026-04-14 18:54:36.403907',12,NULL,39,'9aa4d39d65dd4502b55629d1efd9a9a3',''),(24,'2026-04-14 18:48:44.300778','2026-04-14 18:54:36.402359','2026-04-14 18:54:36.407445',12,NULL,40,'9daca539a55040589666b852f5763abf',''),(25,'2026-04-14 18:55:22.332064','2026-04-14 19:03:25.978125','2026-04-14 19:03:25.979519',13,NULL,42,'7b176b0a2187453eafc5bf7a27ba3230',''),(26,'2026-04-14 18:55:26.074635','2026-04-14 19:03:25.978125','2026-04-14 19:03:25.986030',13,NULL,43,'ac5a1a7d82d2428c9d01f38321aedae0',''),(27,'2026-04-14 19:04:00.966546','2026-04-14 19:17:37.179598','2026-04-14 19:17:37.180744',14,NULL,45,'b89e6f06f729421ca87dee1cf1cfbd02',''),(28,'2026-04-14 19:04:03.802848','2026-04-14 19:17:37.179598','2026-04-14 19:17:37.185014',14,NULL,46,'cc6446801f674902936a92445338da97',''),(29,'2026-04-14 19:18:03.671855','2026-04-14 19:31:52.421111','2026-04-14 19:31:52.422339',15,NULL,48,'5c7ee5833e4b4e02aaa224ac59f1f8c0',''),(30,'2026-04-14 19:18:06.939468','2026-04-14 19:31:52.421111','2026-04-14 19:31:52.426531',15,NULL,49,'c611d137f85f4cc0b4982566271f0c29',''),(31,'2026-04-14 19:32:24.286256','2026-04-14 19:40:45.964375','2026-04-14 19:40:45.965531',16,NULL,51,'75a870fc45064e81bbe44f1b12762b0f',''),(32,'2026-04-14 19:32:27.633650','2026-04-14 19:40:45.964375','2026-04-14 19:40:45.969069',16,NULL,52,'52fdf44cc9ac408098f612bbd98b1be6',''),(33,'2026-04-14 19:41:21.185204','2026-04-14 20:06:55.855189','2026-04-14 20:06:55.856329',17,NULL,54,'64863005e08d4cfc85e1e9f42bdcbcfc',''),(34,'2026-04-14 19:41:24.245223','2026-04-14 20:06:55.855189','2026-04-14 20:06:55.862355',17,NULL,55,'2faebaa7641e4f68906d0a4e007afe92',''),(35,'2026-04-14 20:12:37.025541','2026-04-14 23:24:56.399414','2026-04-14 23:24:56.400787',18,NULL,59,'108cbd79b83449cabd810418069f8c89',''),(36,'2026-04-14 20:13:46.521549','2026-04-14 23:24:56.399414','2026-04-14 23:24:56.427302',18,NULL,57,'31cab046f96b4e4ca78619bfc8c2b96d',''),(37,'2026-04-14 23:25:34.969686','2026-04-16 01:15:56.584827','2026-04-16 01:15:56.595333',19,NULL,62,'efe516d247aa41e78e0b504c9528f910',''),(38,'2026-04-14 23:25:38.064809','2026-04-16 01:15:56.584827','2026-04-16 01:15:56.621293',19,NULL,63,'838046b9d24a4b5fbfec50a3d93e5879',''),(39,'2026-04-16 01:16:40.774467','2026-04-16 01:55:52.841898','2026-04-16 01:55:52.843478',20,NULL,65,'d7695f8a485a450c9da8fd42f0392dd9',''),(40,'2026-04-16 01:16:43.472585','2026-04-16 01:55:52.841898','2026-04-16 01:55:52.850839',20,NULL,66,'4608d2123804432b854dac1cc97102e3',''),(41,'2026-04-16 01:56:48.312573',NULL,'2026-04-16 01:56:48.312608',21,NULL,68,'f709e267ea3843fd9fb32ce30bef88fc',''),(42,'2026-04-16 01:56:51.365858',NULL,'2026-04-16 01:56:51.365885',21,NULL,69,'51b069f708a04c8da1bf0d89530ed5f8',''),(43,'2026-05-10 20:58:09.210181','2026-05-10 21:01:00.383367','2026-05-10 21:01:00.384720',22,NULL,71,'d5d21a73c2b646cfab40af845f411972',''),(44,'2026-05-10 21:01:31.879160','2026-05-10 21:02:33.569936','2026-05-10 21:02:33.571125',23,NULL,74,'eb344f4878b54dcba27e9713ff2847f5',''),(45,'2026-05-10 21:01:59.233740','2026-05-10 21:02:33.569936','2026-05-10 21:02:33.585780',23,NULL,75,'e3739eee3e9d43b29e22e6e0f164563c',''),(46,'2026-05-10 21:03:13.267998','2026-05-10 21:05:38.076484','2026-05-10 21:05:38.077759',24,NULL,77,'475d31f5d6e74292ba8e029ede531aef',''),(47,'2026-05-10 21:03:29.884658','2026-05-10 21:05:38.076484','2026-05-10 21:05:38.080977',24,NULL,78,'3ef9b1b3b53f4ee58b4bc0f635a5b807',''),(48,'2026-05-10 21:08:52.135434','2026-05-10 21:18:53.779534','2026-05-10 21:18:53.781128',25,NULL,80,'fcaf79f4b6f044eeb85056efeebcaa68',''),(49,'2026-05-10 21:09:40.865860','2026-05-10 21:18:53.779534','2026-05-10 21:18:53.797535',25,NULL,81,'706c0a8238a64a9db741b8b29d9c6937',''),(50,'2026-05-10 21:19:55.723430',NULL,'2026-05-10 21:19:55.723476',26,NULL,83,'1835b186eb76442db4e8141c7ffc9301','results_4'),(51,'2026-05-10 21:20:01.718591',NULL,'2026-05-10 21:20:01.718630',26,NULL,84,'ccf1abd1e1074c2ba2da9fb9e6761334','results_4'),(52,'2026-05-11 16:48:49.383169','2026-05-11 16:51:02.745321','2026-05-11 16:51:02.746477',28,NULL,89,'cc8d808c5d9244d58be58526c50a6ee2',''),(53,'2026-05-11 16:48:55.954961','2026-05-11 16:51:02.745321','2026-05-11 16:51:02.749460',28,NULL,90,'c8c664f50b9745e392867d64b6a57226',''),(54,'2026-05-11 19:27:03.832578','2026-05-11 19:30:41.277030','2026-05-11 19:30:41.278726',29,NULL,92,'4e5c87f677c448b1b87ac3af9ae0208f',''),(55,'2026-05-11 19:31:41.469005','2026-05-11 19:34:18.947332','2026-05-11 19:34:18.948377',30,NULL,95,'d071ba4445bf424586bbe38dc6c7f9d9',''),(56,'2026-05-11 19:31:57.110706','2026-05-11 19:34:18.947332','2026-05-11 19:34:18.951168',30,NULL,96,'3e77bab69a4d4dab83c99d30cb7e1466',''),(57,'2026-05-11 19:34:52.747523','2026-05-11 19:58:34.558831','2026-05-11 19:58:34.561188',31,NULL,98,'e69658eaef9e4892a24338edcd502cb6',''),(58,'2026-05-11 19:34:55.503886','2026-05-11 19:58:34.558831','2026-05-11 19:58:34.564427',31,NULL,99,'ede70b9a0d14462b98a1333ddb10fe61',''),(59,'2026-05-11 20:18:14.749905','2026-05-11 20:49:31.025002','2026-05-11 20:49:31.026025',32,NULL,101,'b0eef53452b54456b355311464191f2b',''),(60,'2026-05-11 20:18:22.837026','2026-05-11 20:49:31.025002','2026-05-11 20:49:31.029049',32,NULL,102,'b63230ad190b4d67a8aa349ce0755ad3',''),(61,'2026-05-11 20:50:00.716512','2026-05-11 20:51:32.274636','2026-05-11 20:51:32.275649',33,NULL,104,'00adabac0c774745af2b93abe9507d8f',''),(62,'2026-05-11 20:50:13.063041','2026-05-11 20:51:32.274636','2026-05-11 20:51:32.278279',33,NULL,105,'747af2e5c91941d39807d3240c1e8258',''),(63,'2026-05-11 20:51:59.854040','2026-05-11 23:24:03.825683','2026-05-11 23:24:03.827464',34,NULL,107,'2caf62f02cbb4b03a514958100dd0afb',''),(64,'2026-05-11 20:52:03.341307','2026-05-11 23:24:03.825683','2026-05-11 23:24:03.832366',34,NULL,108,'909ba8f435174bee9a2cb3fd575321ba',''),(65,'2026-05-11 23:24:39.838264','2026-05-11 23:58:58.644916','2026-05-11 23:58:58.646051',35,NULL,110,'760ff3abb7de4721932882d8a2d0ebe0',''),(66,'2026-05-11 23:24:50.326279','2026-05-11 23:58:58.644916','2026-05-11 23:58:58.648786',35,NULL,111,'89ba529425bb4e2ca41ba4ad1c2e40bc',''),(67,'2026-05-11 23:59:31.662282','2026-05-12 00:19:14.493463','2026-05-12 00:19:14.494501',36,NULL,113,'a4c4b044209b48b2b82e8022f5df08d9',''),(68,'2026-05-11 23:59:36.190954','2026-05-12 00:19:14.493463','2026-05-12 00:19:14.497110',36,NULL,114,'36dee8718c2f4125a2724e17b6138305',''),(69,'2026-05-12 00:19:38.307029','2026-05-12 00:21:36.825244','2026-05-12 00:21:36.826330',37,NULL,116,'ad54b32894c24e0db98b4a44c6d09d9c','lobby'),(70,'2026-05-12 00:19:41.286966','2026-05-12 00:21:36.825244','2026-05-12 00:21:36.828945',37,NULL,117,'db16f616812c433a9631dc9a6978fc07','results_1'),(71,'2026-05-12 00:22:09.627105','2026-05-12 00:23:16.424383','2026-05-12 00:23:16.425438',38,NULL,119,'b232fe1473e2443f86ceb1e9846a4287',''),(72,'2026-05-12 00:22:13.664637','2026-05-12 00:23:16.424383','2026-05-12 00:23:16.428112',38,NULL,120,'52655b202a924fc4b12864da2e675656',''),(73,'2026-05-12 00:23:47.642121','2026-05-12 00:31:44.349235','2026-05-12 00:31:44.350389',39,NULL,122,'7ad3666e38f1462784ff65608b482002',''),(74,'2026-05-12 00:23:51.443641','2026-05-12 00:31:44.349235','2026-05-12 00:31:44.352935',39,NULL,123,'fc72a02e00df4a71b0f0c25d7be01dfa',''),(75,'2026-05-12 00:32:25.986799','2026-05-12 00:36:10.083080','2026-05-12 00:36:10.084022',40,NULL,125,'4785fad85950499288df8cf203804c19','results_2'),(76,'2026-05-12 00:32:28.760632','2026-05-12 00:36:10.083080','2026-05-12 00:36:10.086559',40,NULL,126,'90d8f10907d04fb5bb7ffc5bb6573987','results_1'),(77,'2026-05-12 00:37:14.541957','2026-05-12 00:37:26.099362','2026-05-12 00:37:26.100326',41,NULL,128,'81ed80c96bce4be58a13e7e3fca42997',''),(78,'2026-05-12 02:25:59.131629','2026-05-12 02:51:30.068597','2026-05-12 02:51:30.069590',42,NULL,131,'030494c414f54004b0abc749f2f85d0d',''),(79,'2026-05-12 02:34:41.147751','2026-05-12 02:51:30.068597','2026-05-12 02:51:30.073078',42,NULL,132,'5b58bb5702fd48cbbaff5032871fba32',''),(80,'2026-05-12 02:52:10.215987','2026-05-12 02:55:49.966239','2026-05-12 02:55:49.967143',43,NULL,134,'762939f9b001481f8fd06209d90cf3ae',''),(81,'2026-05-12 02:56:20.108957','2026-05-12 03:02:41.138070','2026-05-12 03:02:41.139052',44,NULL,137,'ed588d45433e4d539036cd4acbcd248a',''),(82,'2026-05-12 03:02:59.691356','2026-05-12 03:05:21.842454','2026-05-12 03:05:21.843503',45,NULL,140,'6c9ce3bc0ad445cbab871daa5e1d71a1',''),(83,'2026-05-12 03:05:47.723129','2026-05-12 03:48:50.703329','2026-05-12 03:48:50.704319',46,NULL,143,'05b289052b4147139d70bf2d8ade0cbb',''),(84,'2026-05-12 03:49:19.461834','2026-05-12 11:33:24.969717','2026-05-12 11:33:24.970945',47,NULL,146,'581889dba23f4579a6a1da44d5671586','results_2'),(85,'2026-05-12 03:49:23.554233','2026-05-12 11:33:24.969717','2026-05-12 11:33:24.974470',47,NULL,147,'14aa3c0f328e4814ba4cea45e9ecc059','results_3'),(86,'2026-05-12 11:33:46.247661','2026-05-12 11:45:19.434712','2026-05-12 11:45:19.435720',48,NULL,149,'cbedfe2a5edf4f3ba5e76a099e28a783','results_1'),(87,'2026-05-12 11:34:05.807951','2026-05-12 11:45:19.434712','2026-05-12 11:45:19.438420',48,NULL,150,'a5784567990e4e95a4af3f7e721cf5ed','results_1'),(88,'2026-05-12 11:45:47.428049','2026-05-12 11:53:22.209729','2026-05-12 11:53:22.210978',49,NULL,152,'534040d19ae6484383c7bbe43b15665f','results_2'),(89,'2026-05-12 11:46:01.341354','2026-05-12 11:53:22.209729','2026-05-12 11:53:22.213775',49,NULL,153,'c7c787b32fe34c379fc45c1de6685b8d','results_2'),(90,'2026-05-12 11:53:57.113741','2026-05-12 12:24:42.370051','2026-05-12 12:24:42.371020',50,NULL,155,'3b602655360040e38534ead61ef36af1','results_2'),(91,'2026-05-12 11:54:00.714546','2026-05-12 12:24:42.370051','2026-05-12 12:24:42.373574',50,NULL,156,'02e63432d6ba4b808bec30234fd8c5f4','results_1'),(92,'2026-05-12 12:25:06.266076','2026-05-12 12:25:46.909238','2026-05-12 12:25:46.910203',51,NULL,158,'cfb71fc817a245fea151defc539aa0bc',''),(93,'2026-05-12 12:25:11.611029','2026-05-12 12:25:46.909238','2026-05-12 12:25:46.913112',51,NULL,159,'39a7ca4ebff8488bb3a2154d2de57b9a',''),(94,'2026-05-12 12:26:46.739020','2026-05-12 12:32:31.073601','2026-05-12 12:32:31.074782',52,NULL,161,'4a6ebbe0343d4bbe859d9e124362e041','results_1'),(95,'2026-05-12 12:26:51.692755','2026-05-12 12:32:31.073601','2026-05-12 12:32:31.077625',52,NULL,162,'408296bea68a44feb0df2ef3147906a1',''),(96,'2026-05-12 12:32:59.622717','2026-05-12 12:37:42.297824','2026-05-12 12:37:42.298841',53,NULL,164,'bee5dfa6b4dc4e208f7cf703c9d920c1',''),(97,'2026-05-12 12:33:08.618459','2026-05-12 12:37:42.297824','2026-05-12 12:37:42.301613',53,NULL,165,'2252d17497ce4ab1a19105fd516b6991','results_1'),(98,'2026-05-12 12:38:49.481455','2026-05-12 12:43:20.237769','2026-05-12 12:43:20.238970',54,NULL,167,'ea05a0cb5f934095a7072c555958c5c7',''),(99,'2026-05-12 12:38:54.440162','2026-05-12 12:43:20.237769','2026-05-12 12:43:20.241716',54,NULL,168,'667459d59b754b6c95bbac37928c2afb','results_1'),(100,'2026-05-12 12:43:45.080389','2026-05-12 12:52:06.625099','2026-05-12 12:52:06.626199',55,NULL,170,'d678551f9bb14a7fabdcf852ab290442','results_1'),(101,'2026-05-12 12:43:50.154451','2026-05-12 12:52:06.625099','2026-05-12 12:52:06.628883',55,NULL,171,'d7013271564b4f838c9323fe7539ef03','results_1'),(102,'2026-05-12 12:52:33.298565','2026-05-12 13:07:29.242037','2026-05-12 13:07:29.243179',56,NULL,173,'17369cee1e4546ab87a6cbec452b9f16','results_3'),(103,'2026-05-12 12:52:37.872433','2026-05-12 13:07:29.242037','2026-05-12 13:07:29.246792',56,NULL,174,'b6e0cd70d5964470a0db087930299f7e','results_1'),(104,'2026-05-12 13:12:51.242860',NULL,'2026-05-12 13:12:51.242892',57,NULL,176,'7278e779ea7040449e2a2cd99800a7f2','results_4'),(105,'2026-05-12 13:12:56.312934',NULL,'2026-05-12 13:12:56.312977',57,NULL,177,'de357dbfc60745e2b8ba9b3c6e38eb2e','results_4');
/*!40000 ALTER TABLE `tablet_connections` ENABLE KEYS */;
UNLOCK TABLES;

--
-- Table structure for table `tablets`
--

DROP TABLE IF EXISTS `tablets`;
/*!40101 SET @saved_cs_client     = @@character_set_client */;
/*!50503 SET character_set_client = utf8mb4 */;
CREATE TABLE `tablets` (
  `id` bigint NOT NULL AUTO_INCREMENT,
  `tablet_code` varchar(50) CHARACTER SET utf8mb4 COLLATE utf8mb4_unicode_ci NOT NULL,
  `is_active` tinyint(1) NOT NULL,
  `created_at` datetime(6) NOT NULL,
  `updated_at` datetime(6) NOT NULL,
  PRIMARY KEY (`id`),
  UNIQUE KEY `tablet_code` (`tablet_code`),
  KEY `tablets_tablet__9cb635_idx` (`tablet_code`)
) ENGINE=InnoDB DEFAULT CHARSET=utf8mb4 COLLATE=utf8mb4_unicode_ci;
/*!40101 SET character_set_client = @saved_cs_client */;

--
-- Dumping data for table `tablets`
--

LOCK TABLES `tablets` WRITE;
/*!40000 ALTER TABLE `tablets` DISABLE KEYS */;
/*!40000 ALTER TABLE `tablets` ENABLE KEYS */;
UNLOCK TABLES;

--
-- Table structure for table `team_activity_progress`
--

DROP TABLE IF EXISTS `team_activity_progress`;
/*!40101 SET @saved_cs_client     = @@character_set_client */;
/*!50503 SET character_set_client = utf8mb4 */;
CREATE TABLE `team_activity_progress` (
  `id` bigint NOT NULL AUTO_INCREMENT,
  `status` varchar(20) CHARACTER SET utf8mb4 COLLATE utf8mb4_unicode_ci NOT NULL,
  `started_at` datetime(6) DEFAULT NULL,
  `completed_at` datetime(6) DEFAULT NULL,
  `progress_percentage` int NOT NULL,
  `response_data` json DEFAULT NULL,
  `prototype_image_url` varchar(500) CHARACTER SET utf8mb4 COLLATE utf8mb4_unicode_ci DEFAULT NULL,
  `pitch_intro_problem` longtext CHARACTER SET utf8mb4 COLLATE utf8mb4_unicode_ci,
  `pitch_solution` longtext CHARACTER SET utf8mb4 COLLATE utf8mb4_unicode_ci,
  `pitch_closing` longtext CHARACTER SET utf8mb4 COLLATE utf8mb4_unicode_ci,
  `activity_id` bigint NOT NULL,
  `selected_challenge_id` bigint DEFAULT NULL,
  `selected_topic_id` bigint DEFAULT NULL,
  `session_stage_id` bigint NOT NULL,
  `team_id` bigint NOT NULL,
  `pitch_value` longtext CHARACTER SET utf8mb4 COLLATE utf8mb4_unicode_ci,
  `pitch_impact` longtext CHARACTER SET utf8mb4 COLLATE utf8mb4_unicode_ci,
  PRIMARY KEY (`id`),
  UNIQUE KEY `team_activity_progress_team_id_activity_id_sess_b25a7a5c_uniq` (`team_id`,`activity_id`,`session_stage_id`),
  KEY `team_activi_team_id_2c8afb_idx` (`team_id`),
  KEY `team_activi_session_0d2b15_idx` (`session_stage_id`),
  KEY `team_activi_activit_e95388_idx` (`activity_id`),
  KEY `team_activi_status_00750a_idx` (`status`),
  KEY `team_activi_team_id_d1bada_idx` (`team_id`,`activity_id`),
  KEY `team_activi_session_1a4ca1_idx` (`session_stage_id`,`activity_id`),
  KEY `team_activity_progre_selected_challenge_i_b972b61d_fk_challenge` (`selected_challenge_id`),
  KEY `team_activity_progress_selected_topic_id_6bb5e15b_fk_topics_id` (`selected_topic_id`),
  CONSTRAINT `team_activity_progre_selected_challenge_i_b972b61d_fk_challenge` FOREIGN KEY (`selected_challenge_id`) REFERENCES `challenges` (`id`),
  CONSTRAINT `team_activity_progre_session_stage_id_b07378b9_fk_session_s` FOREIGN KEY (`session_stage_id`) REFERENCES `session_stages` (`id`),
  CONSTRAINT `team_activity_progress_activity_id_8a7df130_fk_activities_id` FOREIGN KEY (`activity_id`) REFERENCES `activities` (`id`),
  CONSTRAINT `team_activity_progress_selected_topic_id_6bb5e15b_fk_topics_id` FOREIGN KEY (`selected_topic_id`) REFERENCES `topics` (`id`),
  CONSTRAINT `team_activity_progress_team_id_692cd6e6_fk_teams_id` FOREIGN KEY (`team_id`) REFERENCES `teams` (`id`)
) ENGINE=InnoDB AUTO_INCREMENT=217 DEFAULT CHARSET=utf8mb4 COLLATE=utf8mb4_unicode_ci;
/*!40101 SET character_set_client = @saved_cs_client */;

--
-- Dumping data for table `team_activity_progress`
--

LOCK TABLES `team_activity_progress` WRITE;
/*!40000 ALTER TABLE `team_activity_progress` DISABLE KEYS */;
INSERT INTO `team_activity_progress` VALUES (1,'pending','2026-04-14 14:21:49.455730',NULL,0,NULL,NULL,NULL,NULL,NULL,1,NULL,NULL,1,28,NULL,NULL),(2,'pending','2026-04-14 14:21:49.455730',NULL,0,NULL,NULL,NULL,NULL,NULL,1,NULL,NULL,1,27,NULL,NULL),(3,'pending','2026-04-14 14:29:45.404302',NULL,0,NULL,NULL,NULL,NULL,NULL,1,NULL,NULL,2,34,NULL,NULL),(4,'pending','2026-04-14 14:29:45.404302',NULL,0,NULL,NULL,NULL,NULL,NULL,1,NULL,NULL,2,33,NULL,NULL),(5,'pending','2026-04-14 17:46:35.173774',NULL,0,NULL,NULL,NULL,NULL,NULL,1,NULL,NULL,3,37,NULL,NULL),(6,'pending','2026-04-14 17:46:35.173774',NULL,0,NULL,NULL,NULL,NULL,NULL,1,NULL,NULL,3,36,NULL,NULL),(7,'pending','2026-04-14 18:49:03.651687',NULL,0,NULL,NULL,NULL,NULL,NULL,1,NULL,NULL,4,40,NULL,NULL),(8,'pending','2026-04-14 18:49:03.651687',NULL,0,NULL,NULL,NULL,NULL,NULL,1,NULL,NULL,4,39,NULL,NULL),(9,'pending','2026-04-14 18:55:37.689532',NULL,0,NULL,NULL,NULL,NULL,NULL,1,NULL,NULL,5,43,NULL,NULL),(10,'pending','2026-04-14 18:55:37.689532',NULL,0,NULL,NULL,NULL,NULL,NULL,1,NULL,NULL,5,42,NULL,NULL),(11,'pending','2026-04-14 19:04:19.669172',NULL,0,NULL,NULL,NULL,NULL,NULL,1,NULL,NULL,6,46,NULL,NULL),(12,'pending','2026-04-14 19:04:19.669172',NULL,0,NULL,NULL,NULL,NULL,NULL,1,NULL,NULL,6,45,NULL,NULL),(13,'completed','2026-04-14 23:25:49.643346','2026-04-16 00:11:33.020734',100,NULL,NULL,NULL,NULL,NULL,2,NULL,NULL,7,63,NULL,NULL),(14,'completed','2026-04-14 23:25:49.643346','2026-04-16 00:11:33.047191',100,NULL,NULL,NULL,NULL,NULL,2,NULL,NULL,7,62,NULL,NULL),(15,'pending','2026-04-16 00:20:12.693211',NULL,0,NULL,NULL,NULL,NULL,NULL,1,NULL,NULL,7,63,NULL,NULL),(16,'pending','2026-04-16 00:20:12.693211',NULL,0,NULL,NULL,NULL,NULL,NULL,1,NULL,NULL,7,62,NULL,NULL),(17,'completed','2026-04-16 01:17:11.107082','2026-04-16 01:17:47.571922',100,NULL,NULL,NULL,NULL,NULL,2,NULL,NULL,8,66,NULL,NULL),(18,'completed','2026-04-16 01:17:11.107082','2026-04-16 01:17:47.587799',100,NULL,NULL,NULL,NULL,NULL,2,NULL,NULL,8,65,NULL,NULL),(19,'completed','2026-04-16 01:35:04.857271','2026-04-16 01:35:10.595565',100,NULL,NULL,NULL,NULL,NULL,1,NULL,NULL,8,66,NULL,NULL),(20,'completed','2026-04-16 01:35:04.857271','2026-04-16 01:35:10.622009',100,NULL,NULL,NULL,NULL,NULL,1,NULL,NULL,8,65,NULL,NULL),(21,'completed','2026-04-16 01:57:04.882503','2026-04-16 01:57:25.283340',100,NULL,NULL,NULL,NULL,NULL,2,NULL,NULL,9,69,NULL,NULL),(22,'completed','2026-04-16 01:57:04.882503','2026-04-16 01:57:25.303292',100,NULL,NULL,NULL,NULL,NULL,2,NULL,NULL,9,68,NULL,NULL),(23,'completed','2026-04-16 01:57:25.323379','2026-04-16 01:57:29.438871',100,NULL,NULL,NULL,NULL,NULL,1,NULL,NULL,9,69,NULL,NULL),(24,'completed','2026-04-16 01:57:25.323379','2026-04-16 01:57:29.453517',100,NULL,NULL,NULL,NULL,NULL,1,NULL,NULL,9,68,NULL,NULL),(25,'completed','2026-04-16 03:32:58.781773','2026-04-16 03:33:10.791195',100,NULL,NULL,NULL,NULL,NULL,3,NULL,NULL,10,69,NULL,NULL),(26,'completed','2026-04-16 03:32:58.795671','2026-04-16 03:33:10.816255',100,NULL,NULL,NULL,NULL,NULL,3,NULL,NULL,10,68,NULL,NULL),(27,'completed','2026-04-16 03:33:10.835136','2026-04-16 03:33:17.812074',100,NULL,NULL,NULL,NULL,NULL,5,NULL,NULL,10,69,NULL,NULL),(28,'completed','2026-04-16 03:33:10.835136','2026-04-16 03:33:17.833467',100,NULL,NULL,NULL,NULL,NULL,5,NULL,NULL,10,68,NULL,NULL),(29,'completed','2026-04-16 03:33:23.026165','2026-04-16 03:33:28.924425',100,NULL,NULL,NULL,NULL,NULL,6,NULL,NULL,11,69,NULL,NULL),(30,'completed','2026-04-16 03:33:23.033353','2026-04-16 03:33:28.954235',100,NULL,NULL,NULL,NULL,NULL,6,NULL,NULL,11,68,NULL,NULL),(31,'completed','2026-04-16 03:33:31.912307','2026-04-16 03:33:36.758930',100,NULL,NULL,NULL,NULL,NULL,7,NULL,NULL,12,69,NULL,NULL),(32,'completed','2026-04-16 03:33:31.920409','2026-04-16 03:33:36.784580',100,NULL,NULL,NULL,NULL,NULL,7,NULL,NULL,12,68,NULL,NULL),(33,'completed','2026-04-16 03:33:36.803096','2026-04-16 03:33:52.312236',100,NULL,NULL,NULL,NULL,NULL,8,NULL,NULL,12,69,NULL,NULL),(34,'completed','2026-04-16 03:33:36.803096','2026-04-16 03:33:52.334102',100,NULL,NULL,NULL,NULL,NULL,8,NULL,NULL,12,68,NULL,NULL),(35,'pending','2026-05-10 21:04:15.188472',NULL,0,NULL,NULL,NULL,NULL,NULL,2,NULL,NULL,13,78,NULL,NULL),(36,'pending','2026-05-10 21:04:15.188472',NULL,0,NULL,NULL,NULL,NULL,NULL,2,NULL,NULL,13,77,NULL,NULL),(37,'completed','2026-05-10 21:14:52.277401','2026-05-10 21:17:37.400545',100,NULL,NULL,NULL,NULL,NULL,2,NULL,NULL,14,80,NULL,NULL),(38,'completed','2026-05-10 21:14:52.277401','2026-05-10 21:17:37.435848',100,NULL,NULL,NULL,NULL,NULL,2,NULL,NULL,14,81,NULL,NULL),(39,'completed','2026-05-10 21:17:37.458910','2026-05-10 21:18:12.753536',100,NULL,NULL,NULL,NULL,NULL,1,NULL,NULL,14,80,NULL,NULL),(40,'completed','2026-05-10 21:17:37.458910','2026-05-10 21:18:12.789471',100,NULL,NULL,NULL,NULL,NULL,1,NULL,NULL,14,81,NULL,NULL),(41,'in_progress','2026-05-10 21:18:27.945232',NULL,0,NULL,NULL,NULL,NULL,NULL,3,NULL,NULL,15,80,NULL,NULL),(42,'in_progress','2026-05-10 21:18:27.955615',NULL,0,NULL,NULL,NULL,NULL,NULL,3,NULL,NULL,15,81,NULL,NULL),(43,'completed','2026-05-10 21:21:19.865768','2026-05-10 21:22:26.937564',100,NULL,NULL,NULL,NULL,NULL,2,NULL,NULL,16,83,NULL,NULL),(44,'completed','2026-05-10 21:21:19.865768','2026-05-10 21:22:26.970282',100,NULL,NULL,NULL,NULL,NULL,2,NULL,NULL,16,84,NULL,NULL),(45,'completed','2026-05-10 21:22:27.000222','2026-05-10 21:22:39.495753',100,NULL,NULL,NULL,NULL,NULL,1,NULL,NULL,16,83,NULL,NULL),(46,'completed','2026-05-10 21:22:27.000222','2026-05-10 21:22:39.515457',100,NULL,NULL,NULL,NULL,NULL,1,NULL,NULL,16,84,NULL,NULL),(47,'completed','2026-05-10 21:23:33.538018','2026-05-10 21:27:48.582103',100,NULL,NULL,NULL,NULL,NULL,3,5,2,17,83,NULL,NULL),(48,'completed','2026-05-10 21:23:33.546488','2026-05-10 21:25:54.600251',100,NULL,NULL,NULL,NULL,NULL,3,4,2,17,84,NULL,NULL),(49,'completed','2026-05-10 21:27:58.887343','2026-05-10 21:28:38.913928',100,NULL,NULL,NULL,NULL,NULL,5,NULL,NULL,17,83,NULL,NULL),(50,'completed','2026-05-10 21:27:58.887343','2026-05-10 21:28:38.944908',100,NULL,NULL,NULL,NULL,NULL,5,NULL,NULL,17,84,NULL,NULL),(51,'completed','2026-05-10 21:28:59.305834','2026-05-10 21:38:50.844664',100,'{\"product_name\": \"dasdadasd\", \"product_tagline\": \"dasdasdasdasdasd\"}','/media/prototypes/83_18_9180a6f4.jpg',NULL,NULL,NULL,6,NULL,NULL,18,83,NULL,NULL),(52,'completed','2026-05-10 21:28:59.315965','2026-05-10 21:38:44.014231',100,'{\"product_name\": \"dasdasd\", \"product_tagline\": \"asdasda\"}','/media/prototypes/84_18_7ee5c5a7.jpg',NULL,NULL,NULL,6,NULL,NULL,18,84,NULL,NULL),(53,'completed','2026-05-10 21:40:13.117240','2026-05-10 21:42:10.978282',100,NULL,NULL,'g','g','g',7,NULL,NULL,19,83,'g','g'),(54,'completed','2026-05-10 21:40:13.128796','2026-05-10 21:41:34.547557',100,NULL,NULL,'dsaddddddddddddddd','dasdd','a',7,NULL,NULL,19,84,'a','dasdasdadsdad'),(55,'completed','2026-05-10 21:42:17.003084','2026-05-10 21:46:12.805790',100,NULL,NULL,NULL,NULL,NULL,8,NULL,NULL,19,83,NULL,NULL),(56,'completed','2026-05-10 21:42:17.003084','2026-05-10 21:46:01.447547',100,NULL,NULL,NULL,NULL,NULL,8,NULL,NULL,19,84,NULL,NULL),(57,'completed','2026-05-11 16:49:16.862262','2026-05-11 16:49:54.134666',100,NULL,NULL,NULL,NULL,NULL,2,NULL,NULL,20,89,NULL,NULL),(58,'completed','2026-05-11 16:49:16.862262','2026-05-11 16:49:54.163664',100,NULL,NULL,NULL,NULL,NULL,2,NULL,NULL,20,90,NULL,NULL),(59,'completed','2026-05-11 16:49:54.194118','2026-05-11 16:50:03.998255',100,NULL,NULL,NULL,NULL,NULL,1,NULL,NULL,20,89,NULL,NULL),(60,'completed','2026-05-11 16:49:54.194118','2026-05-11 16:50:04.022864',100,NULL,NULL,NULL,NULL,NULL,1,NULL,NULL,20,90,NULL,NULL),(61,'in_progress','2026-05-11 16:50:11.555192',NULL,0,NULL,NULL,NULL,NULL,NULL,3,NULL,NULL,21,89,NULL,NULL),(62,'in_progress','2026-05-11 16:50:11.567088',NULL,0,NULL,NULL,NULL,NULL,NULL,3,NULL,NULL,21,90,NULL,NULL),(63,'completed','2026-05-11 19:32:50.290573','2026-05-11 19:33:24.746380',100,NULL,NULL,NULL,NULL,NULL,2,NULL,NULL,22,96,NULL,NULL),(64,'completed','2026-05-11 19:32:50.290573','2026-05-11 19:33:24.767598',100,NULL,NULL,NULL,NULL,NULL,2,NULL,NULL,22,95,NULL,NULL),(65,'completed','2026-05-11 19:33:24.794074','2026-05-11 19:33:43.648433',100,NULL,NULL,NULL,NULL,NULL,1,NULL,NULL,22,96,NULL,NULL),(66,'completed','2026-05-11 19:33:24.794074','2026-05-11 19:33:43.671082',100,NULL,NULL,NULL,NULL,NULL,1,NULL,NULL,22,95,NULL,NULL),(67,'in_progress','2026-05-11 19:33:53.001428',NULL,0,NULL,NULL,NULL,NULL,NULL,3,NULL,NULL,23,96,NULL,NULL),(68,'in_progress','2026-05-11 19:33:53.011549',NULL,0,NULL,NULL,NULL,NULL,NULL,3,NULL,NULL,23,95,NULL,NULL),(69,'completed','2026-05-11 19:35:38.299800','2026-05-11 19:36:21.042087',100,NULL,NULL,NULL,NULL,NULL,2,NULL,NULL,24,98,NULL,NULL),(70,'completed','2026-05-11 19:35:38.299800','2026-05-11 19:36:21.065240',100,NULL,NULL,NULL,NULL,NULL,2,NULL,NULL,24,99,NULL,NULL),(71,'completed','2026-05-11 19:36:21.094715','2026-05-11 19:36:28.018476',100,NULL,NULL,NULL,NULL,NULL,1,NULL,NULL,24,98,NULL,NULL),(72,'completed','2026-05-11 19:36:21.094715','2026-05-11 19:36:28.053646',100,NULL,NULL,NULL,NULL,NULL,1,NULL,NULL,24,99,NULL,NULL),(73,'completed','2026-05-11 20:18:35.688993','2026-05-11 20:18:59.823291',100,NULL,NULL,NULL,NULL,NULL,2,NULL,NULL,25,102,NULL,NULL),(74,'completed','2026-05-11 20:18:35.688993','2026-05-11 20:18:59.848426',100,NULL,NULL,NULL,NULL,NULL,2,NULL,NULL,25,101,NULL,NULL),(75,'completed','2026-05-11 20:22:51.528754','2026-05-11 20:21:13.361744',100,'{\"general_knowledge\": {\"questions\": [12, 26, 18, 20, 3], \"questions_data\": [{\"id\": 12, \"options\": [{\"text\": \"1937\", \"label\": \"A\"}, {\"text\": \"1939\", \"label\": \"B\"}, {\"text\": \"1941\", \"label\": \"C\"}, {\"text\": \"1943\", \"label\": \"D\"}], \"option_a\": \"1937\", \"option_b\": \"1939\", \"option_c\": \"1941\", \"option_d\": \"1943\", \"question\": \"¿En qué año comenzó la Segunda Guerra Mundial?\", \"correct_answer\": 1}, {\"id\": 26, \"options\": [{\"text\": \"Back to Basics\", \"label\": \"A\"}, {\"text\": \"Business to Business (empresa a empresa)\", \"label\": \"B\"}, {\"text\": \"Brand to Brand\", \"label\": \"C\"}, {\"text\": \"Budget to Budget\", \"label\": \"D\"}], \"option_a\": \"Back to Basics\", \"option_b\": \"Business to Business (empresa a empresa)\", \"option_c\": \"Brand to Brand\", \"option_d\": \"Budget to Budget\", \"question\": \"¿Qué significa B2B en negocios?\", \"correct_answer\": 1}, {\"id\": 18, \"options\": [{\"text\": \"Italia\", \"label\": \"A\"}, {\"text\": \"España\", \"label\": \"B\"}, {\"text\": \"Francia\", \"label\": \"C\"}, {\"text\": \"Alemania\", \"label\": \"D\"}], \"option_a\": \"Italia\", \"option_b\": \"España\", \"option_c\": \"Francia\", \"option_d\": \"Alemania\", \"question\": \"¿En qué país está la Torre Eiffel?\", \"correct_answer\": 2}, {\"id\": 20, \"options\": [{\"text\": \"Proceso de respiración de las plantas\", \"label\": \"A\"}, {\"text\": \"Proceso por el cual las plantas producen su alimento\", \"label\": \"B\"}, {\"text\": \"Proceso de reproducción de las plantas\", \"label\": \"C\"}, {\"text\": \"Proceso de crecimiento de las plantas\", \"label\": \"D\"}], \"option_a\": \"Proceso de respiración de las plantas\", \"option_b\": \"Proceso por el cual las plantas producen su alimento\", \"option_c\": \"Proceso de reproducción de las plantas\", \"option_d\": \"Proceso de crecimiento de las plantas\", \"question\": \"¿Qué es la fotosíntesis?\", \"correct_answer\": 1}, {\"id\": 3, \"options\": [{\"text\": \"Atlántico\", \"label\": \"A\"}, {\"text\": \"Índico\", \"label\": \"B\"}, {\"text\": \"Pacífico\", \"label\": \"C\"}, {\"text\": \"Ártico\", \"label\": \"D\"}], \"option_a\": \"Atlántico\", \"option_b\": \"Índico\", \"option_c\": \"Pacífico\", \"option_d\": \"Ártico\", \"question\": \"¿Cuál es el océano más grande del mundo?\", \"correct_answer\": 2}]}}',NULL,NULL,NULL,NULL,9,NULL,NULL,25,102,NULL,NULL),(76,'completed','2026-05-11 20:22:51.528754','2026-05-11 20:20:56.583045',100,'{\"answers\": [{\"word\": \"RETO\", \"answer\": \"RETO\"}], \"found_words\": [\"META\", \"LIDER\", \"EQUIPO\", \"PITCH\", \"IDEA\"], \"total_words\": 5, \"anagram_words\": [{\"word\": \"RETO\", \"anagram\": \"REOT\"}, {\"word\": \"MARKETING\", \"anagram\": \"EGRMIAKNT\"}, {\"word\": \"HABILIDAD\", \"anagram\": \"AAILDHIDB\"}, {\"word\": \"COMUNICACION\", \"anagram\": \"OMUICCNAINOC\"}, {\"word\": \"SOLUCION\", \"anagram\": \"NLOUICSO\"}], \"minigame_part\": \"anagram\", \"minigame_type\": \"anagrama\", \"tokens_earned\": 6, \"correct_answers\": 1, \"general_knowledge\": {\"questions\": [27, 24, 18, 4, 5], \"questions_data\": [{\"id\": 27, \"options\": [{\"text\": \"Una empresa consolidada con más de 50 años\", \"label\": \"A\"}, {\"text\": \"Empresa emergente con alto potencial de crecimiento escalable\", \"label\": \"B\"}, {\"text\": \"Un organismo gubernamental\", \"label\": \"C\"}, {\"text\": \"Una organización sin fines de lucro\", \"label\": \"D\"}], \"option_a\": \"Una empresa consolidada con más de 50 años\", \"option_b\": \"Empresa emergente con alto potencial de crecimiento escalable\", \"option_c\": \"Un organismo gubernamental\", \"option_d\": \"Una organización sin fines de lucro\", \"question\": \"¿Qué es una startup?\", \"correct_answer\": 1}, {\"id\": 24, \"options\": [{\"text\": \"Un programa de contabilidad\", \"label\": \"A\"}, {\"text\": \"Herramienta para visualizar y diseñar modelos de negocio\", \"label\": \"B\"}, {\"text\": \"Una metodología de programación\", \"label\": \"C\"}, {\"text\": \"Un tipo de contrato de sociedad\", \"label\": \"D\"}], \"option_a\": \"Un programa de contabilidad\", \"option_b\": \"Herramienta para visualizar y diseñar modelos de negocio\", \"option_c\": \"Una metodología de programación\", \"option_d\": \"Un tipo de contrato de sociedad\", \"question\": \"¿Qué es el modelo Canvas de negocio?\", \"correct_answer\": 1}, {\"id\": 18, \"options\": [{\"text\": \"Italia\", \"label\": \"A\"}, {\"text\": \"España\", \"label\": \"B\"}, {\"text\": \"Francia\", \"label\": \"C\"}, {\"text\": \"Alemania\", \"label\": \"D\"}], \"option_a\": \"Italia\", \"option_b\": \"España\", \"option_c\": \"Francia\", \"option_d\": \"Alemania\", \"question\": \"¿En qué país está la Torre Eiffel?\", \"correct_answer\": 2}, {\"id\": 4, \"options\": [{\"text\": \"Picasso\", \"label\": \"A\"}, {\"text\": \"Van Gogh\", \"label\": \"B\"}, {\"text\": \"Leonardo da Vinci\", \"label\": \"C\"}, {\"text\": \"Miguel Ángel\", \"label\": \"D\"}], \"option_a\": \"Picasso\", \"option_b\": \"Van Gogh\", \"option_c\": \"Leonardo da Vinci\", \"option_d\": \"Miguel Ángel\", \"question\": \"¿Quién pintó la Mona Lisa?\", \"correct_answer\": 2}, {\"id\": 5, \"options\": [{\"text\": \"Venus\", \"label\": \"A\"}, {\"text\": \"Tierra\", \"label\": \"B\"}, {\"text\": \"Mercurio\", \"label\": \"C\"}, {\"text\": \"Marte\", \"label\": \"D\"}], \"option_a\": \"Venus\", \"option_b\": \"Tierra\", \"option_c\": \"Mercurio\", \"option_d\": \"Marte\", \"question\": \"¿Cuál es el planeta más cercano al Sol?\", \"correct_answer\": 2}]}, \"anagram_total_words\": 5, \"anagram_words_found\": 1, \"anagram_current_index\": 1, \"word_search_total_words\": 5, \"word_search_words_found\": 5}',NULL,NULL,NULL,NULL,9,NULL,NULL,25,101,NULL,NULL),(77,'pending','2026-05-11 20:22:58.146005',NULL,0,NULL,NULL,NULL,NULL,NULL,1,NULL,NULL,25,102,NULL,NULL),(78,'pending','2026-05-11 20:22:58.146005',NULL,0,NULL,NULL,NULL,NULL,NULL,1,NULL,NULL,25,101,NULL,NULL),(79,'completed','2026-05-11 20:50:28.917253','2026-05-11 20:50:37.039616',100,NULL,NULL,NULL,NULL,NULL,2,NULL,NULL,26,105,NULL,NULL),(80,'completed','2026-05-11 20:50:28.917253','2026-05-11 20:50:37.060384',100,NULL,NULL,NULL,NULL,NULL,2,NULL,NULL,26,104,NULL,NULL),(81,'pending','2026-05-11 20:50:37.084254',NULL,0,'{\"general_knowledge\": {\"questions\": [15, 30, 11, 21, 12], \"questions_data\": [{\"id\": 15, \"options\": [{\"text\": \"Guepardo\", \"label\": \"A\"}, {\"text\": \"León\", \"label\": \"B\"}, {\"text\": \"Águila\", \"label\": \"C\"}, {\"text\": \"Pez vela\", \"label\": \"D\"}], \"option_a\": \"Guepardo\", \"option_b\": \"León\", \"option_c\": \"Águila\", \"option_d\": \"Pez vela\", \"question\": \"¿Cuál es el animal más rápido del mundo?\", \"correct_answer\": 0}, {\"id\": 30, \"options\": [{\"text\": \"El fundador principal de la empresa\", \"label\": \"A\"}, {\"text\": \"Cambio estratégico en el modelo de negocio basado en aprendizaje\", \"label\": \"B\"}, {\"text\": \"Una ronda de inversión inicial\", \"label\": \"C\"}, {\"text\": \"El primer producto lanzado al mercado\", \"label\": \"D\"}], \"option_a\": \"El fundador principal de la empresa\", \"option_b\": \"Cambio estratégico en el modelo de negocio basado en aprendizaje\", \"option_c\": \"Una ronda de inversión inicial\", \"option_d\": \"El primer producto lanzado al mercado\", \"question\": \"¿Qué es el \\\"pivot\\\" en una startup?\", \"correct_answer\": 1}, {\"id\": 11, \"options\": [{\"text\": \"Oxígeno\", \"label\": \"A\"}, {\"text\": \"Hidrógeno\", \"label\": \"B\"}, {\"text\": \"Helio\", \"label\": \"C\"}, {\"text\": \"Carbono\", \"label\": \"D\"}], \"option_a\": \"Oxígeno\", \"option_b\": \"Hidrógeno\", \"option_c\": \"Helio\", \"option_d\": \"Carbono\", \"question\": \"¿Cuál es el elemento químico más abundante en el universo?\", \"correct_answer\": 1}, {\"id\": 21, \"options\": [{\"text\": \"Minimum Viable Product\", \"label\": \"A\"}, {\"text\": \"Maximum Value Proposition\", \"label\": \"B\"}, {\"text\": \"Most Valuable Player\", \"label\": \"C\"}, {\"text\": \"Minimum Viable Process\", \"label\": \"D\"}], \"option_a\": \"Minimum Viable Product\", \"option_b\": \"Maximum Value Proposition\", \"option_c\": \"Most Valuable Player\", \"option_d\": \"Minimum Viable Process\", \"question\": \"¿Qué significa MVP en emprendimiento?\", \"correct_answer\": 0}, {\"id\": 12, \"options\": [{\"text\": \"1937\", \"label\": \"A\"}, {\"text\": \"1939\", \"label\": \"B\"}, {\"text\": \"1941\", \"label\": \"C\"}, {\"text\": \"1943\", \"label\": \"D\"}], \"option_a\": \"1937\", \"option_b\": \"1939\", \"option_c\": \"1941\", \"option_d\": \"1943\", \"question\": \"¿En qué año comenzó la Segunda Guerra Mundial?\", \"correct_answer\": 1}]}}',NULL,NULL,NULL,NULL,9,NULL,NULL,26,105,NULL,NULL),(82,'pending','2026-05-11 20:50:37.084254',NULL,0,'{\"general_knowledge\": {\"questions\": [14, 23, 2, 28, 7], \"questions_data\": [{\"id\": 14, \"options\": [{\"text\": \"Violín\", \"label\": \"A\"}, {\"text\": \"Piano\", \"label\": \"B\"}, {\"text\": \"Flauta\", \"label\": \"C\"}, {\"text\": \"Todos los anteriores\", \"label\": \"D\"}], \"option_a\": \"Violín\", \"option_b\": \"Piano\", \"option_c\": \"Flauta\", \"option_d\": \"Todos los anteriores\", \"question\": \"¿Qué instrumento tocaba Mozart?\", \"correct_answer\": 3}, {\"id\": 23, \"options\": [{\"text\": \"Un campo de fútbol\", \"label\": \"A\"}, {\"text\": \"Presentación breve de una idea de negocio\", \"label\": \"B\"}, {\"text\": \"Un tipo de contrato laboral\", \"label\": \"C\"}, {\"text\": \"Una herramienta de análisis financiero\", \"label\": \"D\"}], \"option_a\": \"Un campo de fútbol\", \"option_b\": \"Presentación breve de una idea de negocio\", \"option_c\": \"Un tipo de contrato laboral\", \"option_d\": \"Una herramienta de análisis financiero\", \"question\": \"¿Qué es un \\\"pitch\\\" en el contexto empresarial?\", \"correct_answer\": 1}, {\"id\": 2, \"options\": [{\"text\": \"1965\", \"label\": \"A\"}, {\"text\": \"1969\", \"label\": \"B\"}, {\"text\": \"1972\", \"label\": \"C\"}, {\"text\": \"1975\", \"label\": \"D\"}], \"option_a\": \"1965\", \"option_b\": \"1969\", \"option_c\": \"1972\", \"option_d\": \"1975\", \"question\": \"¿En qué año llegó el hombre a la Luna?\", \"correct_answer\": 1}, {\"id\": 28, \"options\": [{\"text\": \"Configurar una red de computadoras\", \"label\": \"A\"}, {\"text\": \"Construcción y cultivo de relaciones profesionales\", \"label\": \"B\"}, {\"text\": \"Vender productos por internet\", \"label\": \"C\"}, {\"text\": \"Analizar la competencia del mercado\", \"label\": \"D\"}], \"option_a\": \"Configurar una red de computadoras\", \"option_b\": \"Construcción y cultivo de relaciones profesionales\", \"option_c\": \"Vender productos por internet\", \"option_d\": \"Analizar la competencia del mercado\", \"question\": \"¿Qué es el \\\"networking\\\" en emprendimiento?\", \"correct_answer\": 1}, {\"id\": 7, \"options\": [{\"text\": \"Amazonas\", \"label\": \"A\"}, {\"text\": \"Nilo\", \"label\": \"B\"}, {\"text\": \"Misisipi\", \"label\": \"C\"}, {\"text\": \"Yangtsé\", \"label\": \"D\"}], \"option_a\": \"Amazonas\", \"option_b\": \"Nilo\", \"option_c\": \"Misisipi\", \"option_d\": \"Yangtsé\", \"question\": \"¿Cuál es el río más largo del mundo?\", \"correct_answer\": 0}]}}',NULL,NULL,NULL,NULL,9,NULL,NULL,26,104,NULL,NULL),(83,'completed','2026-05-11 20:52:11.580861','2026-05-11 20:53:05.858215',100,NULL,NULL,NULL,NULL,NULL,2,NULL,NULL,27,108,NULL,NULL),(84,'completed','2026-05-11 20:52:11.580861','2026-05-11 20:53:05.895918',100,NULL,NULL,NULL,NULL,NULL,2,NULL,NULL,27,107,NULL,NULL),(85,'completed','2026-05-11 20:53:39.458346','2026-05-11 20:53:22.501076',100,'{\"general_knowledge\": {\"questions\": [7, 2, 11, 15, 1], \"questions_data\": [{\"id\": 7, \"options\": [{\"text\": \"Amazonas\", \"label\": \"A\"}, {\"text\": \"Nilo\", \"label\": \"B\"}, {\"text\": \"Misisipi\", \"label\": \"C\"}, {\"text\": \"Yangtsé\", \"label\": \"D\"}], \"option_a\": \"Amazonas\", \"option_b\": \"Nilo\", \"option_c\": \"Misisipi\", \"option_d\": \"Yangtsé\", \"question\": \"¿Cuál es el río más largo del mundo?\", \"correct_answer\": 0}, {\"id\": 2, \"options\": [{\"text\": \"1965\", \"label\": \"A\"}, {\"text\": \"1969\", \"label\": \"B\"}, {\"text\": \"1972\", \"label\": \"C\"}, {\"text\": \"1975\", \"label\": \"D\"}], \"option_a\": \"1965\", \"option_b\": \"1969\", \"option_c\": \"1972\", \"option_d\": \"1975\", \"question\": \"¿En qué año llegó el hombre a la Luna?\", \"correct_answer\": 1}, {\"id\": 11, \"options\": [{\"text\": \"Oxígeno\", \"label\": \"A\"}, {\"text\": \"Hidrógeno\", \"label\": \"B\"}, {\"text\": \"Helio\", \"label\": \"C\"}, {\"text\": \"Carbono\", \"label\": \"D\"}], \"option_a\": \"Oxígeno\", \"option_b\": \"Hidrógeno\", \"option_c\": \"Helio\", \"option_d\": \"Carbono\", \"question\": \"¿Cuál es el elemento químico más abundante en el universo?\", \"correct_answer\": 1}, {\"id\": 15, \"options\": [{\"text\": \"Guepardo\", \"label\": \"A\"}, {\"text\": \"León\", \"label\": \"B\"}, {\"text\": \"Águila\", \"label\": \"C\"}, {\"text\": \"Pez vela\", \"label\": \"D\"}], \"option_a\": \"Guepardo\", \"option_b\": \"León\", \"option_c\": \"Águila\", \"option_d\": \"Pez vela\", \"question\": \"¿Cuál es el animal más rápido del mundo?\", \"correct_answer\": 0}, {\"id\": 1, \"options\": [{\"text\": \"Londres\", \"label\": \"A\"}, {\"text\": \"París\", \"label\": \"B\"}, {\"text\": \"Madrid\", \"label\": \"C\"}, {\"text\": \"Roma\", \"label\": \"D\"}], \"option_a\": \"Londres\", \"option_b\": \"París\", \"option_c\": \"Madrid\", \"option_d\": \"Roma\", \"question\": \"¿Cuál es la capital de Francia?\", \"correct_answer\": 1}]}}',NULL,NULL,NULL,NULL,9,NULL,NULL,27,108,NULL,NULL),(86,'completed','2026-05-11 20:53:39.458346','2026-05-11 20:53:22.520017',100,'{\"general_knowledge\": {\"questions\": [29, 17, 25, 4, 3], \"questions_data\": [{\"id\": 29, \"options\": [{\"text\": \"El precio de venta del producto\", \"label\": \"A\"}, {\"text\": \"La descripción clara de cómo se resuelve el problema del cliente\", \"label\": \"B\"}, {\"text\": \"El número de empleados de la empresa\", \"label\": \"C\"}, {\"text\": \"El lugar donde opera la empresa\", \"label\": \"D\"}], \"option_a\": \"El precio de venta del producto\", \"option_b\": \"La descripción clara de cómo se resuelve el problema del cliente\", \"option_c\": \"El número de empleados de la empresa\", \"option_d\": \"El lugar donde opera la empresa\", \"question\": \"¿Qué es la propuesta de valor de un negocio?\", \"correct_answer\": 1}, {\"id\": 17, \"options\": [{\"text\": \"300,000 km/s\", \"label\": \"A\"}, {\"text\": \"150,000 km/s\", \"label\": \"B\"}, {\"text\": \"450,000 km/s\", \"label\": \"C\"}, {\"text\": \"600,000 km/s\", \"label\": \"D\"}], \"option_a\": \"300,000 km/s\", \"option_b\": \"150,000 km/s\", \"option_c\": \"450,000 km/s\", \"option_d\": \"600,000 km/s\", \"question\": \"¿Cuál es la velocidad de la luz?\", \"correct_answer\": 0}, {\"id\": 25, \"options\": [{\"text\": \"Técnica de programación web\", \"label\": \"A\"}, {\"text\": \"Financiar un negocio con recursos propios sin inversores externos\", \"label\": \"B\"}, {\"text\": \"Estrategia de marketing en redes sociales\", \"label\": \"C\"}, {\"text\": \"Proceso de contratación de empleados\", \"label\": \"D\"}], \"option_a\": \"Técnica de programación web\", \"option_b\": \"Financiar un negocio con recursos propios sin inversores externos\", \"option_c\": \"Estrategia de marketing en redes sociales\", \"option_d\": \"Proceso de contratación de empleados\", \"question\": \"¿Qué es el \\\"bootstrapping\\\" en emprendimiento?\", \"correct_answer\": 1}, {\"id\": 4, \"options\": [{\"text\": \"Picasso\", \"label\": \"A\"}, {\"text\": \"Van Gogh\", \"label\": \"B\"}, {\"text\": \"Leonardo da Vinci\", \"label\": \"C\"}, {\"text\": \"Miguel Ángel\", \"label\": \"D\"}], \"option_a\": \"Picasso\", \"option_b\": \"Van Gogh\", \"option_c\": \"Leonardo da Vinci\", \"option_d\": \"Miguel Ángel\", \"question\": \"¿Quién pintó la Mona Lisa?\", \"correct_answer\": 2}, {\"id\": 3, \"options\": [{\"text\": \"Atlántico\", \"label\": \"A\"}, {\"text\": \"Índico\", \"label\": \"B\"}, {\"text\": \"Pacífico\", \"label\": \"C\"}, {\"text\": \"Ártico\", \"label\": \"D\"}], \"option_a\": \"Atlántico\", \"option_b\": \"Índico\", \"option_c\": \"Pacífico\", \"option_d\": \"Ártico\", \"question\": \"¿Cuál es el océano más grande del mundo?\", \"correct_answer\": 2}]}}',NULL,NULL,NULL,NULL,9,NULL,NULL,27,107,NULL,NULL),(87,'pending','2026-05-11 20:53:22.543441',NULL,0,NULL,NULL,NULL,NULL,NULL,1,NULL,NULL,27,108,NULL,NULL),(88,'pending','2026-05-11 20:53:22.543441',NULL,0,NULL,NULL,NULL,NULL,NULL,1,NULL,NULL,27,107,NULL,NULL),(89,'completed','2026-05-11 23:25:04.580692','2026-05-11 23:25:33.048208',100,NULL,NULL,NULL,NULL,NULL,2,NULL,NULL,28,110,NULL,NULL),(90,'completed','2026-05-11 23:25:04.580692','2026-05-11 23:25:33.088279',100,NULL,NULL,NULL,NULL,NULL,2,NULL,NULL,28,111,NULL,NULL),(91,'completed','2026-05-11 23:26:22.902003','2026-05-11 23:25:59.849301',100,'{\"general_knowledge\": {\"questions\": [14, 8, 15, 28, 20], \"questions_data\": [{\"id\": 14, \"options\": [{\"text\": \"Violín\", \"label\": \"A\"}, {\"text\": \"Piano\", \"label\": \"B\"}, {\"text\": \"Flauta\", \"label\": \"C\"}, {\"text\": \"Todos los anteriores\", \"label\": \"D\"}], \"option_a\": \"Violín\", \"option_b\": \"Piano\", \"option_c\": \"Flauta\", \"option_d\": \"Todos los anteriores\", \"question\": \"¿Qué instrumento tocaba Mozart?\", \"correct_answer\": 3}, {\"id\": 8, \"options\": [{\"text\": \"Asia\", \"label\": \"A\"}, {\"text\": \"Europa\", \"label\": \"B\"}, {\"text\": \"África\", \"label\": \"C\"}, {\"text\": \"América\", \"label\": \"D\"}], \"option_a\": \"Asia\", \"option_b\": \"Europa\", \"option_c\": \"África\", \"option_d\": \"América\", \"question\": \"¿En qué continente está Egipto?\", \"correct_answer\": 2}, {\"id\": 15, \"options\": [{\"text\": \"Guepardo\", \"label\": \"A\"}, {\"text\": \"León\", \"label\": \"B\"}, {\"text\": \"Águila\", \"label\": \"C\"}, {\"text\": \"Pez vela\", \"label\": \"D\"}], \"option_a\": \"Guepardo\", \"option_b\": \"León\", \"option_c\": \"Águila\", \"option_d\": \"Pez vela\", \"question\": \"¿Cuál es el animal más rápido del mundo?\", \"correct_answer\": 0}, {\"id\": 28, \"options\": [{\"text\": \"Configurar una red de computadoras\", \"label\": \"A\"}, {\"text\": \"Construcción y cultivo de relaciones profesionales\", \"label\": \"B\"}, {\"text\": \"Vender productos por internet\", \"label\": \"C\"}, {\"text\": \"Analizar la competencia del mercado\", \"label\": \"D\"}], \"option_a\": \"Configurar una red de computadoras\", \"option_b\": \"Construcción y cultivo de relaciones profesionales\", \"option_c\": \"Vender productos por internet\", \"option_d\": \"Analizar la competencia del mercado\", \"question\": \"¿Qué es el \\\"networking\\\" en emprendimiento?\", \"correct_answer\": 1}, {\"id\": 20, \"options\": [{\"text\": \"Proceso de respiración de las plantas\", \"label\": \"A\"}, {\"text\": \"Proceso por el cual las plantas producen su alimento\", \"label\": \"B\"}, {\"text\": \"Proceso de reproducción de las plantas\", \"label\": \"C\"}, {\"text\": \"Proceso de crecimiento de las plantas\", \"label\": \"D\"}], \"option_a\": \"Proceso de respiración de las plantas\", \"option_b\": \"Proceso por el cual las plantas producen su alimento\", \"option_c\": \"Proceso de reproducción de las plantas\", \"option_d\": \"Proceso de crecimiento de las plantas\", \"question\": \"¿Qué es la fotosíntesis?\", \"correct_answer\": 1}]}}',NULL,NULL,NULL,NULL,9,NULL,NULL,28,110,NULL,NULL),(92,'completed','2026-05-11 23:26:22.902003','2026-05-11 23:26:47.694744',100,'{\"chaos\": {\"completed\": true, \"questions_answered\": 5, \"shown_question_ids\": [25, 50, 20, 7, 47], \"current_question_id\": 47, \"current_question_text\": \"¿Qué libro, película o serie recomendarías a todos?\"}, \"part1_completed\": true, \"general_knowledge\": {\"answers\": [{\"correct\": false, \"selected\": 3, \"question_id\": 7}, {\"correct\": false, \"selected\": 2, \"question_id\": 14}, {\"correct\": false, \"selected\": 3, \"question_id\": 23}, {\"correct\": true, \"selected\": 1, \"question_id\": 2}, {\"correct\": false, \"selected\": 0, \"question_id\": 28}], \"completed\": true, \"questions\": [14, 23, 2, 28, 7], \"correct_count\": 1, \"questions_data\": [{\"id\": 14, \"options\": [{\"text\": \"Violín\", \"label\": \"A\"}, {\"text\": \"Piano\", \"label\": \"B\"}, {\"text\": \"Flauta\", \"label\": \"C\"}, {\"text\": \"Todos los anteriores\", \"label\": \"D\"}], \"option_a\": \"Violín\", \"option_b\": \"Piano\", \"option_c\": \"Flauta\", \"option_d\": \"Todos los anteriores\", \"question\": \"¿Qué instrumento tocaba Mozart?\", \"correct_answer\": 3}, {\"id\": 23, \"options\": [{\"text\": \"Un campo de fútbol\", \"label\": \"A\"}, {\"text\": \"Presentación breve de una idea de negocio\", \"label\": \"B\"}, {\"text\": \"Un tipo de contrato laboral\", \"label\": \"C\"}, {\"text\": \"Una herramienta de análisis financiero\", \"label\": \"D\"}], \"option_a\": \"Un campo de fútbol\", \"option_b\": \"Presentación breve de una idea de negocio\", \"option_c\": \"Un tipo de contrato laboral\", \"option_d\": \"Una herramienta de análisis financiero\", \"question\": \"¿Qué es un \\\"pitch\\\" en el contexto empresarial?\", \"correct_answer\": 1}, {\"id\": 2, \"options\": [{\"text\": \"1965\", \"label\": \"A\"}, {\"text\": \"1969\", \"label\": \"B\"}, {\"text\": \"1972\", \"label\": \"C\"}, {\"text\": \"1975\", \"label\": \"D\"}], \"option_a\": \"1965\", \"option_b\": \"1969\", \"option_c\": \"1972\", \"option_d\": \"1975\", \"question\": \"¿En qué año llegó el hombre a la Luna?\", \"correct_answer\": 1}, {\"id\": 28, \"options\": [{\"text\": \"Configurar una red de computadoras\", \"label\": \"A\"}, {\"text\": \"Construcción y cultivo de relaciones profesionales\", \"label\": \"B\"}, {\"text\": \"Vender productos por internet\", \"label\": \"C\"}, {\"text\": \"Analizar la competencia del mercado\", \"label\": \"D\"}], \"option_a\": \"Configurar una red de computadoras\", \"option_b\": \"Construcción y cultivo de relaciones profesionales\", \"option_c\": \"Vender productos por internet\", \"option_d\": \"Analizar la competencia del mercado\", \"question\": \"¿Qué es el \\\"networking\\\" en emprendimiento?\", \"correct_answer\": 1}, {\"id\": 7, \"options\": [{\"text\": \"Amazonas\", \"label\": \"A\"}, {\"text\": \"Nilo\", \"label\": \"B\"}, {\"text\": \"Misisipi\", \"label\": \"C\"}, {\"text\": \"Yangtsé\", \"label\": \"D\"}], \"option_a\": \"Amazonas\", \"option_b\": \"Nilo\", \"option_c\": \"Misisipi\", \"option_d\": \"Yangtsé\", \"question\": \"¿Cuál es el río más largo del mundo?\", \"correct_answer\": 0}], \"total_questions\": 5}}',NULL,NULL,NULL,NULL,9,NULL,NULL,28,111,NULL,NULL),(93,'pending','2026-05-11 23:26:54.860649',NULL,0,NULL,NULL,NULL,NULL,NULL,1,NULL,NULL,28,110,NULL,NULL),(94,'pending','2026-05-11 23:26:54.860649',NULL,0,NULL,NULL,NULL,NULL,NULL,1,NULL,NULL,28,111,NULL,NULL),(95,'completed','2026-05-11 23:59:51.517652','2026-05-12 00:00:19.266597',100,NULL,NULL,NULL,NULL,NULL,2,NULL,NULL,29,113,NULL,NULL),(96,'completed','2026-05-11 23:59:51.517652','2026-05-12 00:00:19.281124',100,NULL,NULL,NULL,NULL,NULL,2,NULL,NULL,29,114,NULL,NULL),(97,'completed','2026-05-12 00:02:15.398195','2026-05-12 00:00:32.684787',100,'{\"chaos\": {\"completed\": false, \"questions_answered\": 4, \"shown_question_ids\": [9, 5, 4, 38], \"current_question_id\": 38, \"current_question_text\": \"¿Qué harías si ganaras un millón de dólares mañana?\"}, \"part1_completed\": true, \"general_knowledge\": {\"questions\": [18, 15, 9, 21, 6], \"questions_data\": [{\"id\": 18, \"options\": [{\"text\": \"Italia\", \"label\": \"A\"}, {\"text\": \"España\", \"label\": \"B\"}, {\"text\": \"Francia\", \"label\": \"C\"}, {\"text\": \"Alemania\", \"label\": \"D\"}], \"option_a\": \"Italia\", \"option_b\": \"España\", \"option_c\": \"Francia\", \"option_d\": \"Alemania\", \"question\": \"¿En qué país está la Torre Eiffel?\", \"correct_answer\": 2}, {\"id\": 15, \"options\": [{\"text\": \"Guepardo\", \"label\": \"A\"}, {\"text\": \"León\", \"label\": \"B\"}, {\"text\": \"Águila\", \"label\": \"C\"}, {\"text\": \"Pez vela\", \"label\": \"D\"}], \"option_a\": \"Guepardo\", \"option_b\": \"León\", \"option_c\": \"Águila\", \"option_d\": \"Pez vela\", \"question\": \"¿Cuál es el animal más rápido del mundo?\", \"correct_answer\": 0}, {\"id\": 9, \"options\": [{\"text\": \"K2\", \"label\": \"A\"}, {\"text\": \"Kilimanjaro\", \"label\": \"B\"}, {\"text\": \"Everest\", \"label\": \"C\"}, {\"text\": \"Aconcagua\", \"label\": \"D\"}], \"option_a\": \"K2\", \"option_b\": \"Kilimanjaro\", \"option_c\": \"Everest\", \"option_d\": \"Aconcagua\", \"question\": \"¿Cuál es la montaña más alta del mundo?\", \"correct_answer\": 2}, {\"id\": 21, \"options\": [{\"text\": \"Minimum Viable Product\", \"label\": \"A\"}, {\"text\": \"Maximum Value Proposition\", \"label\": \"B\"}, {\"text\": \"Most Valuable Player\", \"label\": \"C\"}, {\"text\": \"Minimum Viable Process\", \"label\": \"D\"}], \"option_a\": \"Minimum Viable Product\", \"option_b\": \"Maximum Value Proposition\", \"option_c\": \"Most Valuable Player\", \"option_d\": \"Minimum Viable Process\", \"question\": \"¿Qué significa MVP en emprendimiento?\", \"correct_answer\": 0}, {\"id\": 6, \"options\": [{\"text\": \"5\", \"label\": \"A\"}, {\"text\": \"6\", \"label\": \"B\"}, {\"text\": \"7\", \"label\": \"C\"}, {\"text\": \"8\", \"label\": \"D\"}], \"option_a\": \"5\", \"option_b\": \"6\", \"option_c\": \"7\", \"option_d\": \"8\", \"question\": \"¿Cuántos continentes hay en el mundo?\", \"correct_answer\": 2}]}}',NULL,NULL,NULL,NULL,9,NULL,NULL,29,113,NULL,NULL),(98,'completed','2026-05-12 00:02:15.398195','2026-05-12 00:00:32.701418',100,'{\"general_knowledge\": {\"questions\": [29, 17, 25, 4, 3], \"questions_data\": [{\"id\": 29, \"options\": [{\"text\": \"El precio de venta del producto\", \"label\": \"A\"}, {\"text\": \"La descripción clara de cómo se resuelve el problema del cliente\", \"label\": \"B\"}, {\"text\": \"El número de empleados de la empresa\", \"label\": \"C\"}, {\"text\": \"El lugar donde opera la empresa\", \"label\": \"D\"}], \"option_a\": \"El precio de venta del producto\", \"option_b\": \"La descripción clara de cómo se resuelve el problema del cliente\", \"option_c\": \"El número de empleados de la empresa\", \"option_d\": \"El lugar donde opera la empresa\", \"question\": \"¿Qué es la propuesta de valor de un negocio?\", \"correct_answer\": 1}, {\"id\": 17, \"options\": [{\"text\": \"300,000 km/s\", \"label\": \"A\"}, {\"text\": \"150,000 km/s\", \"label\": \"B\"}, {\"text\": \"450,000 km/s\", \"label\": \"C\"}, {\"text\": \"600,000 km/s\", \"label\": \"D\"}], \"option_a\": \"300,000 km/s\", \"option_b\": \"150,000 km/s\", \"option_c\": \"450,000 km/s\", \"option_d\": \"600,000 km/s\", \"question\": \"¿Cuál es la velocidad de la luz?\", \"correct_answer\": 0}, {\"id\": 25, \"options\": [{\"text\": \"Técnica de programación web\", \"label\": \"A\"}, {\"text\": \"Financiar un negocio con recursos propios sin inversores externos\", \"label\": \"B\"}, {\"text\": \"Estrategia de marketing en redes sociales\", \"label\": \"C\"}, {\"text\": \"Proceso de contratación de empleados\", \"label\": \"D\"}], \"option_a\": \"Técnica de programación web\", \"option_b\": \"Financiar un negocio con recursos propios sin inversores externos\", \"option_c\": \"Estrategia de marketing en redes sociales\", \"option_d\": \"Proceso de contratación de empleados\", \"question\": \"¿Qué es el \\\"bootstrapping\\\" en emprendimiento?\", \"correct_answer\": 1}, {\"id\": 4, \"options\": [{\"text\": \"Picasso\", \"label\": \"A\"}, {\"text\": \"Van Gogh\", \"label\": \"B\"}, {\"text\": \"Leonardo da Vinci\", \"label\": \"C\"}, {\"text\": \"Miguel Ángel\", \"label\": \"D\"}], \"option_a\": \"Picasso\", \"option_b\": \"Van Gogh\", \"option_c\": \"Leonardo da Vinci\", \"option_d\": \"Miguel Ángel\", \"question\": \"¿Quién pintó la Mona Lisa?\", \"correct_answer\": 2}, {\"id\": 3, \"options\": [{\"text\": \"Atlántico\", \"label\": \"A\"}, {\"text\": \"Índico\", \"label\": \"B\"}, {\"text\": \"Pacífico\", \"label\": \"C\"}, {\"text\": \"Ártico\", \"label\": \"D\"}], \"option_a\": \"Atlántico\", \"option_b\": \"Índico\", \"option_c\": \"Pacífico\", \"option_d\": \"Ártico\", \"question\": \"¿Cuál es el océano más grande del mundo?\", \"correct_answer\": 2}]}}',NULL,NULL,NULL,NULL,9,NULL,NULL,29,114,NULL,NULL),(99,'pending','2026-05-12 00:01:53.400423',NULL,0,NULL,NULL,NULL,NULL,NULL,1,NULL,NULL,29,113,NULL,NULL),(100,'pending','2026-05-12 00:01:53.400423',NULL,0,NULL,NULL,NULL,NULL,NULL,1,NULL,NULL,29,114,NULL,NULL),(101,'completed','2026-05-12 00:20:01.201482','2026-05-12 00:20:33.360104',100,NULL,NULL,NULL,NULL,NULL,2,NULL,NULL,30,116,NULL,NULL),(102,'completed','2026-05-12 00:20:01.201482','2026-05-12 00:20:33.373038',100,NULL,NULL,NULL,NULL,NULL,2,NULL,NULL,30,117,NULL,NULL),(103,'completed','2026-05-12 00:20:33.388380','2026-05-12 00:20:41.397283',100,'{\"general_knowledge\": {\"questions\": [27, 25, 14, 13, 16], \"questions_data\": [{\"id\": 27, \"options\": [{\"text\": \"Una empresa consolidada con más de 50 años\", \"label\": \"A\"}, {\"text\": \"Empresa emergente con alto potencial de crecimiento escalable\", \"label\": \"B\"}, {\"text\": \"Un organismo gubernamental\", \"label\": \"C\"}, {\"text\": \"Una organización sin fines de lucro\", \"label\": \"D\"}], \"option_a\": \"Una empresa consolidada con más de 50 años\", \"option_b\": \"Empresa emergente con alto potencial de crecimiento escalable\", \"option_c\": \"Un organismo gubernamental\", \"option_d\": \"Una organización sin fines de lucro\", \"question\": \"¿Qué es una startup?\", \"correct_answer\": 1}, {\"id\": 25, \"options\": [{\"text\": \"Técnica de programación web\", \"label\": \"A\"}, {\"text\": \"Financiar un negocio con recursos propios sin inversores externos\", \"label\": \"B\"}, {\"text\": \"Estrategia de marketing en redes sociales\", \"label\": \"C\"}, {\"text\": \"Proceso de contratación de empleados\", \"label\": \"D\"}], \"option_a\": \"Técnica de programación web\", \"option_b\": \"Financiar un negocio con recursos propios sin inversores externos\", \"option_c\": \"Estrategia de marketing en redes sociales\", \"option_d\": \"Proceso de contratación de empleados\", \"question\": \"¿Qué es el \\\"bootstrapping\\\" en emprendimiento?\", \"correct_answer\": 1}, {\"id\": 14, \"options\": [{\"text\": \"Violín\", \"label\": \"A\"}, {\"text\": \"Piano\", \"label\": \"B\"}, {\"text\": \"Flauta\", \"label\": \"C\"}, {\"text\": \"Todos los anteriores\", \"label\": \"D\"}], \"option_a\": \"Violín\", \"option_b\": \"Piano\", \"option_c\": \"Flauta\", \"option_d\": \"Todos los anteriores\", \"question\": \"¿Qué instrumento tocaba Mozart?\", \"correct_answer\": 3}, {\"id\": 13, \"options\": [{\"text\": \"China\", \"label\": \"A\"}, {\"text\": \"Estados Unidos\", \"label\": \"B\"}, {\"text\": \"Rusia\", \"label\": \"C\"}, {\"text\": \"Canadá\", \"label\": \"D\"}], \"option_a\": \"China\", \"option_b\": \"Estados Unidos\", \"option_c\": \"Rusia\", \"option_d\": \"Canadá\", \"question\": \"¿Cuál es el país más grande del mundo?\", \"correct_answer\": 2}, {\"id\": 16, \"options\": [{\"text\": \"196\", \"label\": \"A\"}, {\"text\": \"206\", \"label\": \"B\"}, {\"text\": \"216\", \"label\": \"C\"}, {\"text\": \"226\", \"label\": \"D\"}], \"option_a\": \"196\", \"option_b\": \"206\", \"option_c\": \"216\", \"option_d\": \"226\", \"question\": \"¿Cuántos huesos tiene el cuerpo humano adulto?\", \"correct_answer\": 1}]}}',NULL,NULL,NULL,NULL,9,NULL,NULL,30,116,NULL,NULL),(104,'completed','2026-05-12 00:20:33.388380','2026-05-12 00:20:41.412020',100,'{\"general_knowledge\": {\"questions\": [14, 8, 15, 28, 20], \"questions_data\": [{\"id\": 14, \"options\": [{\"text\": \"Violín\", \"label\": \"A\"}, {\"text\": \"Piano\", \"label\": \"B\"}, {\"text\": \"Flauta\", \"label\": \"C\"}, {\"text\": \"Todos los anteriores\", \"label\": \"D\"}], \"option_a\": \"Violín\", \"option_b\": \"Piano\", \"option_c\": \"Flauta\", \"option_d\": \"Todos los anteriores\", \"question\": \"¿Qué instrumento tocaba Mozart?\", \"correct_answer\": 3}, {\"id\": 8, \"options\": [{\"text\": \"Asia\", \"label\": \"A\"}, {\"text\": \"Europa\", \"label\": \"B\"}, {\"text\": \"África\", \"label\": \"C\"}, {\"text\": \"América\", \"label\": \"D\"}], \"option_a\": \"Asia\", \"option_b\": \"Europa\", \"option_c\": \"África\", \"option_d\": \"América\", \"question\": \"¿En qué continente está Egipto?\", \"correct_answer\": 2}, {\"id\": 15, \"options\": [{\"text\": \"Guepardo\", \"label\": \"A\"}, {\"text\": \"León\", \"label\": \"B\"}, {\"text\": \"Águila\", \"label\": \"C\"}, {\"text\": \"Pez vela\", \"label\": \"D\"}], \"option_a\": \"Guepardo\", \"option_b\": \"León\", \"option_c\": \"Águila\", \"option_d\": \"Pez vela\", \"question\": \"¿Cuál es el animal más rápido del mundo?\", \"correct_answer\": 0}, {\"id\": 28, \"options\": [{\"text\": \"Configurar una red de computadoras\", \"label\": \"A\"}, {\"text\": \"Construcción y cultivo de relaciones profesionales\", \"label\": \"B\"}, {\"text\": \"Vender productos por internet\", \"label\": \"C\"}, {\"text\": \"Analizar la competencia del mercado\", \"label\": \"D\"}], \"option_a\": \"Configurar una red de computadoras\", \"option_b\": \"Construcción y cultivo de relaciones profesionales\", \"option_c\": \"Vender productos por internet\", \"option_d\": \"Analizar la competencia del mercado\", \"question\": \"¿Qué es el \\\"networking\\\" en emprendimiento?\", \"correct_answer\": 1}, {\"id\": 20, \"options\": [{\"text\": \"Proceso de respiración de las plantas\", \"label\": \"A\"}, {\"text\": \"Proceso por el cual las plantas producen su alimento\", \"label\": \"B\"}, {\"text\": \"Proceso de reproducción de las plantas\", \"label\": \"C\"}, {\"text\": \"Proceso de crecimiento de las plantas\", \"label\": \"D\"}], \"option_a\": \"Proceso de respiración de las plantas\", \"option_b\": \"Proceso por el cual las plantas producen su alimento\", \"option_c\": \"Proceso de reproducción de las plantas\", \"option_d\": \"Proceso de crecimiento de las plantas\", \"question\": \"¿Qué es la fotosíntesis?\", \"correct_answer\": 1}]}}',NULL,NULL,NULL,NULL,9,NULL,NULL,30,117,NULL,NULL),(105,'in_progress','2026-05-12 00:20:51.637007',NULL,0,NULL,NULL,NULL,NULL,NULL,3,NULL,NULL,31,116,NULL,NULL),(106,'in_progress','2026-05-12 00:20:51.643461',NULL,0,NULL,NULL,NULL,NULL,NULL,3,NULL,NULL,31,117,NULL,NULL),(107,'completed','2026-05-12 00:22:29.104402','2026-05-12 00:22:52.113805',100,NULL,NULL,NULL,NULL,NULL,2,NULL,NULL,32,119,NULL,NULL),(108,'completed','2026-05-12 00:22:29.104402','2026-05-12 00:22:52.126595',100,NULL,NULL,NULL,NULL,NULL,2,NULL,NULL,32,120,NULL,NULL),(109,'pending','2026-05-12 00:22:52.142578',NULL,0,'{\"general_knowledge\": {\"questions\": [18, 15, 9, 21, 6], \"questions_data\": [{\"id\": 18, \"options\": [{\"text\": \"Italia\", \"label\": \"A\"}, {\"text\": \"España\", \"label\": \"B\"}, {\"text\": \"Francia\", \"label\": \"C\"}, {\"text\": \"Alemania\", \"label\": \"D\"}], \"option_a\": \"Italia\", \"option_b\": \"España\", \"option_c\": \"Francia\", \"option_d\": \"Alemania\", \"question\": \"¿En qué país está la Torre Eiffel?\", \"correct_answer\": 2}, {\"id\": 15, \"options\": [{\"text\": \"Guepardo\", \"label\": \"A\"}, {\"text\": \"León\", \"label\": \"B\"}, {\"text\": \"Águila\", \"label\": \"C\"}, {\"text\": \"Pez vela\", \"label\": \"D\"}], \"option_a\": \"Guepardo\", \"option_b\": \"León\", \"option_c\": \"Águila\", \"option_d\": \"Pez vela\", \"question\": \"¿Cuál es el animal más rápido del mundo?\", \"correct_answer\": 0}, {\"id\": 9, \"options\": [{\"text\": \"K2\", \"label\": \"A\"}, {\"text\": \"Kilimanjaro\", \"label\": \"B\"}, {\"text\": \"Everest\", \"label\": \"C\"}, {\"text\": \"Aconcagua\", \"label\": \"D\"}], \"option_a\": \"K2\", \"option_b\": \"Kilimanjaro\", \"option_c\": \"Everest\", \"option_d\": \"Aconcagua\", \"question\": \"¿Cuál es la montaña más alta del mundo?\", \"correct_answer\": 2}, {\"id\": 21, \"options\": [{\"text\": \"Minimum Viable Product\", \"label\": \"A\"}, {\"text\": \"Maximum Value Proposition\", \"label\": \"B\"}, {\"text\": \"Most Valuable Player\", \"label\": \"C\"}, {\"text\": \"Minimum Viable Process\", \"label\": \"D\"}], \"option_a\": \"Minimum Viable Product\", \"option_b\": \"Maximum Value Proposition\", \"option_c\": \"Most Valuable Player\", \"option_d\": \"Minimum Viable Process\", \"question\": \"¿Qué significa MVP en emprendimiento?\", \"correct_answer\": 0}, {\"id\": 6, \"options\": [{\"text\": \"5\", \"label\": \"A\"}, {\"text\": \"6\", \"label\": \"B\"}, {\"text\": \"7\", \"label\": \"C\"}, {\"text\": \"8\", \"label\": \"D\"}], \"option_a\": \"5\", \"option_b\": \"6\", \"option_c\": \"7\", \"option_d\": \"8\", \"question\": \"¿Cuántos continentes hay en el mundo?\", \"correct_answer\": 2}]}}',NULL,NULL,NULL,NULL,9,NULL,NULL,32,119,NULL,NULL),(110,'pending','2026-05-12 00:22:52.142578',NULL,0,'{\"general_knowledge\": {\"questions\": [8, 14, 11, 29, 15], \"questions_data\": [{\"id\": 8, \"options\": [{\"text\": \"Asia\", \"label\": \"A\"}, {\"text\": \"Europa\", \"label\": \"B\"}, {\"text\": \"África\", \"label\": \"C\"}, {\"text\": \"América\", \"label\": \"D\"}], \"option_a\": \"Asia\", \"option_b\": \"Europa\", \"option_c\": \"África\", \"option_d\": \"América\", \"question\": \"¿En qué continente está Egipto?\", \"correct_answer\": 2}, {\"id\": 14, \"options\": [{\"text\": \"Violín\", \"label\": \"A\"}, {\"text\": \"Piano\", \"label\": \"B\"}, {\"text\": \"Flauta\", \"label\": \"C\"}, {\"text\": \"Todos los anteriores\", \"label\": \"D\"}], \"option_a\": \"Violín\", \"option_b\": \"Piano\", \"option_c\": \"Flauta\", \"option_d\": \"Todos los anteriores\", \"question\": \"¿Qué instrumento tocaba Mozart?\", \"correct_answer\": 3}, {\"id\": 11, \"options\": [{\"text\": \"Oxígeno\", \"label\": \"A\"}, {\"text\": \"Hidrógeno\", \"label\": \"B\"}, {\"text\": \"Helio\", \"label\": \"C\"}, {\"text\": \"Carbono\", \"label\": \"D\"}], \"option_a\": \"Oxígeno\", \"option_b\": \"Hidrógeno\", \"option_c\": \"Helio\", \"option_d\": \"Carbono\", \"question\": \"¿Cuál es el elemento químico más abundante en el universo?\", \"correct_answer\": 1}, {\"id\": 29, \"options\": [{\"text\": \"El precio de venta del producto\", \"label\": \"A\"}, {\"text\": \"La descripción clara de cómo se resuelve el problema del cliente\", \"label\": \"B\"}, {\"text\": \"El número de empleados de la empresa\", \"label\": \"C\"}, {\"text\": \"El lugar donde opera la empresa\", \"label\": \"D\"}], \"option_a\": \"El precio de venta del producto\", \"option_b\": \"La descripción clara de cómo se resuelve el problema del cliente\", \"option_c\": \"El número de empleados de la empresa\", \"option_d\": \"El lugar donde opera la empresa\", \"question\": \"¿Qué es la propuesta de valor de un negocio?\", \"correct_answer\": 1}, {\"id\": 15, \"options\": [{\"text\": \"Guepardo\", \"label\": \"A\"}, {\"text\": \"León\", \"label\": \"B\"}, {\"text\": \"Águila\", \"label\": \"C\"}, {\"text\": \"Pez vela\", \"label\": \"D\"}], \"option_a\": \"Guepardo\", \"option_b\": \"León\", \"option_c\": \"Águila\", \"option_d\": \"Pez vela\", \"question\": \"¿Cuál es el animal más rápido del mundo?\", \"correct_answer\": 0}]}}',NULL,NULL,NULL,NULL,9,NULL,NULL,32,120,NULL,NULL),(111,'completed','2026-05-12 00:32:38.144166','2026-05-12 00:33:36.882104',100,NULL,NULL,NULL,NULL,NULL,2,NULL,NULL,33,125,NULL,NULL),(112,'completed','2026-05-12 00:32:38.144166','2026-05-12 00:33:36.895199',100,NULL,NULL,NULL,NULL,NULL,2,NULL,NULL,33,126,NULL,NULL),(113,'completed','2026-05-12 00:33:36.910389','2026-05-12 00:33:43.128064',100,'{\"general_knowledge\": {\"questions\": [15, 30, 11, 21, 12], \"questions_data\": [{\"id\": 15, \"options\": [{\"text\": \"Guepardo\", \"label\": \"A\"}, {\"text\": \"León\", \"label\": \"B\"}, {\"text\": \"Águila\", \"label\": \"C\"}, {\"text\": \"Pez vela\", \"label\": \"D\"}], \"option_a\": \"Guepardo\", \"option_b\": \"León\", \"option_c\": \"Águila\", \"option_d\": \"Pez vela\", \"question\": \"¿Cuál es el animal más rápido del mundo?\", \"correct_answer\": 0}, {\"id\": 30, \"options\": [{\"text\": \"El fundador principal de la empresa\", \"label\": \"A\"}, {\"text\": \"Cambio estratégico en el modelo de negocio basado en aprendizaje\", \"label\": \"B\"}, {\"text\": \"Una ronda de inversión inicial\", \"label\": \"C\"}, {\"text\": \"El primer producto lanzado al mercado\", \"label\": \"D\"}], \"option_a\": \"El fundador principal de la empresa\", \"option_b\": \"Cambio estratégico en el modelo de negocio basado en aprendizaje\", \"option_c\": \"Una ronda de inversión inicial\", \"option_d\": \"El primer producto lanzado al mercado\", \"question\": \"¿Qué es el \\\"pivot\\\" en una startup?\", \"correct_answer\": 1}, {\"id\": 11, \"options\": [{\"text\": \"Oxígeno\", \"label\": \"A\"}, {\"text\": \"Hidrógeno\", \"label\": \"B\"}, {\"text\": \"Helio\", \"label\": \"C\"}, {\"text\": \"Carbono\", \"label\": \"D\"}], \"option_a\": \"Oxígeno\", \"option_b\": \"Hidrógeno\", \"option_c\": \"Helio\", \"option_d\": \"Carbono\", \"question\": \"¿Cuál es el elemento químico más abundante en el universo?\", \"correct_answer\": 1}, {\"id\": 21, \"options\": [{\"text\": \"Minimum Viable Product\", \"label\": \"A\"}, {\"text\": \"Maximum Value Proposition\", \"label\": \"B\"}, {\"text\": \"Most Valuable Player\", \"label\": \"C\"}, {\"text\": \"Minimum Viable Process\", \"label\": \"D\"}], \"option_a\": \"Minimum Viable Product\", \"option_b\": \"Maximum Value Proposition\", \"option_c\": \"Most Valuable Player\", \"option_d\": \"Minimum Viable Process\", \"question\": \"¿Qué significa MVP en emprendimiento?\", \"correct_answer\": 0}, {\"id\": 12, \"options\": [{\"text\": \"1937\", \"label\": \"A\"}, {\"text\": \"1939\", \"label\": \"B\"}, {\"text\": \"1941\", \"label\": \"C\"}, {\"text\": \"1943\", \"label\": \"D\"}], \"option_a\": \"1937\", \"option_b\": \"1939\", \"option_c\": \"1941\", \"option_d\": \"1943\", \"question\": \"¿En qué año comenzó la Segunda Guerra Mundial?\", \"correct_answer\": 1}]}}',NULL,NULL,NULL,NULL,9,NULL,NULL,33,125,NULL,NULL),(114,'completed','2026-05-12 00:33:36.910389','2026-05-12 00:33:43.142112',100,'{\"general_knowledge\": {\"questions\": [18, 6, 27, 5, 25], \"questions_data\": [{\"id\": 18, \"options\": [{\"text\": \"Italia\", \"label\": \"A\"}, {\"text\": \"España\", \"label\": \"B\"}, {\"text\": \"Francia\", \"label\": \"C\"}, {\"text\": \"Alemania\", \"label\": \"D\"}], \"option_a\": \"Italia\", \"option_b\": \"España\", \"option_c\": \"Francia\", \"option_d\": \"Alemania\", \"question\": \"¿En qué país está la Torre Eiffel?\", \"correct_answer\": 2}, {\"id\": 6, \"options\": [{\"text\": \"5\", \"label\": \"A\"}, {\"text\": \"6\", \"label\": \"B\"}, {\"text\": \"7\", \"label\": \"C\"}, {\"text\": \"8\", \"label\": \"D\"}], \"option_a\": \"5\", \"option_b\": \"6\", \"option_c\": \"7\", \"option_d\": \"8\", \"question\": \"¿Cuántos continentes hay en el mundo?\", \"correct_answer\": 2}, {\"id\": 27, \"options\": [{\"text\": \"Una empresa consolidada con más de 50 años\", \"label\": \"A\"}, {\"text\": \"Empresa emergente con alto potencial de crecimiento escalable\", \"label\": \"B\"}, {\"text\": \"Un organismo gubernamental\", \"label\": \"C\"}, {\"text\": \"Una organización sin fines de lucro\", \"label\": \"D\"}], \"option_a\": \"Una empresa consolidada con más de 50 años\", \"option_b\": \"Empresa emergente con alto potencial de crecimiento escalable\", \"option_c\": \"Un organismo gubernamental\", \"option_d\": \"Una organización sin fines de lucro\", \"question\": \"¿Qué es una startup?\", \"correct_answer\": 1}, {\"id\": 5, \"options\": [{\"text\": \"Venus\", \"label\": \"A\"}, {\"text\": \"Tierra\", \"label\": \"B\"}, {\"text\": \"Mercurio\", \"label\": \"C\"}, {\"text\": \"Marte\", \"label\": \"D\"}], \"option_a\": \"Venus\", \"option_b\": \"Tierra\", \"option_c\": \"Mercurio\", \"option_d\": \"Marte\", \"question\": \"¿Cuál es el planeta más cercano al Sol?\", \"correct_answer\": 2}, {\"id\": 25, \"options\": [{\"text\": \"Técnica de programación web\", \"label\": \"A\"}, {\"text\": \"Financiar un negocio con recursos propios sin inversores externos\", \"label\": \"B\"}, {\"text\": \"Estrategia de marketing en redes sociales\", \"label\": \"C\"}, {\"text\": \"Proceso de contratación de empleados\", \"label\": \"D\"}], \"option_a\": \"Técnica de programación web\", \"option_b\": \"Financiar un negocio con recursos propios sin inversores externos\", \"option_c\": \"Estrategia de marketing en redes sociales\", \"option_d\": \"Proceso de contratación de empleados\", \"question\": \"¿Qué es el \\\"bootstrapping\\\" en emprendimiento?\", \"correct_answer\": 1}]}}',NULL,NULL,NULL,NULL,9,NULL,NULL,33,126,NULL,NULL),(115,'completed','2026-05-12 00:33:51.252095','2026-05-12 00:34:14.034803',100,NULL,NULL,NULL,NULL,NULL,3,4,2,34,125,NULL,NULL),(116,'completed','2026-05-12 00:33:51.260789','2026-05-12 00:34:21.447228',100,NULL,NULL,NULL,NULL,NULL,3,NULL,NULL,34,126,NULL,NULL),(117,'completed','2026-05-12 00:34:21.462940','2026-05-12 00:34:25.053308',100,NULL,NULL,NULL,NULL,NULL,5,NULL,NULL,34,125,NULL,NULL),(118,'completed','2026-05-12 00:34:21.462940','2026-05-12 00:34:25.065872',100,NULL,NULL,NULL,NULL,NULL,5,NULL,NULL,34,126,NULL,NULL),(119,'in_progress','2026-05-12 00:34:33.353517',NULL,0,NULL,NULL,NULL,NULL,NULL,6,NULL,NULL,35,125,NULL,NULL),(120,'in_progress','2026-05-12 00:34:33.360278',NULL,0,NULL,NULL,NULL,NULL,NULL,6,NULL,NULL,35,126,NULL,NULL),(121,'completed','2026-05-12 03:49:47.761207','2026-05-12 03:49:51.879083',100,NULL,NULL,NULL,NULL,NULL,2,NULL,NULL,36,147,NULL,NULL),(122,'completed','2026-05-12 03:49:47.761207','2026-05-12 03:49:51.893803',100,NULL,NULL,NULL,NULL,NULL,2,NULL,NULL,36,146,NULL,NULL),(123,'completed','2026-05-12 03:49:51.910552','2026-05-12 03:50:24.557400',100,NULL,NULL,NULL,NULL,NULL,9,NULL,NULL,36,147,NULL,NULL),(124,'completed','2026-05-12 03:49:51.910552','2026-05-12 03:50:24.193833',100,'{\"chaos\": {\"completed\": true, \"questions_answered\": 5, \"shown_question_ids\": [33, 2, 7, 35, 19], \"current_question_id\": 19, \"current_question_text\": \"¿Cuál es tu mayor logro?\"}, \"part1_completed\": true, \"general_knowledge\": {\"answers\": [{\"correct\": false, \"selected\": 3, \"question_id\": 21}, {\"correct\": false, \"selected\": 2, \"question_id\": 29}, {\"correct\": false, \"selected\": 3, \"question_id\": 17}, {\"correct\": false, \"selected\": 3, \"question_id\": 10}, {\"correct\": false, \"selected\": 3, \"question_id\": 7}], \"completed\": true, \"correct_count\": 0, \"total_questions\": 5}}',NULL,NULL,NULL,NULL,9,NULL,NULL,36,146,NULL,NULL),(125,'completed','2026-05-12 03:51:18.359723','2026-05-12 04:02:45.614276',100,NULL,NULL,NULL,NULL,NULL,3,5,2,37,147,NULL,NULL),(126,'completed','2026-05-12 03:51:18.366295','2026-05-12 04:02:18.871933',100,NULL,NULL,NULL,NULL,NULL,3,4,2,37,146,NULL,NULL),(127,'completed','2026-05-12 04:02:49.008655','2026-05-12 04:02:55.312937',100,NULL,NULL,NULL,NULL,NULL,5,NULL,NULL,37,147,NULL,NULL),(128,'completed','2026-05-12 04:02:49.008655','2026-05-12 04:02:55.326563',100,NULL,NULL,NULL,NULL,NULL,5,NULL,NULL,37,146,NULL,NULL),(129,'completed','2026-05-12 04:03:13.053086','2026-05-12 04:30:35.170898',100,NULL,NULL,NULL,NULL,NULL,6,NULL,NULL,38,147,NULL,NULL),(130,'completed','2026-05-12 04:03:13.060405','2026-05-12 04:30:35.200223',100,NULL,NULL,NULL,NULL,NULL,6,NULL,NULL,38,146,NULL,NULL),(131,'in_progress','2026-05-12 04:30:47.779842',NULL,0,NULL,NULL,NULL,NULL,NULL,7,NULL,NULL,39,147,NULL,NULL),(132,'in_progress','2026-05-12 04:30:47.786872',NULL,0,NULL,NULL,NULL,NULL,NULL,7,NULL,NULL,39,146,NULL,NULL),(133,'completed','2026-05-12 11:34:44.730382','2026-05-12 11:35:53.863068',100,NULL,NULL,NULL,NULL,NULL,2,NULL,NULL,40,149,NULL,NULL),(134,'completed','2026-05-12 11:34:44.730382','2026-05-12 11:35:53.879562',100,NULL,NULL,NULL,NULL,NULL,2,NULL,NULL,40,150,NULL,NULL),(135,'completed','2026-05-12 11:35:53.898826','2026-05-12 11:36:46.454643',100,'{\"general_knowledge\": {\"questions\": [7, 2, 11, 15, 1], \"questions_data\": [{\"id\": 7, \"options\": [{\"text\": \"Amazonas\", \"label\": \"A\"}, {\"text\": \"Nilo\", \"label\": \"B\"}, {\"text\": \"Misisipi\", \"label\": \"C\"}, {\"text\": \"Yangtsé\", \"label\": \"D\"}], \"option_a\": \"Amazonas\", \"option_b\": \"Nilo\", \"option_c\": \"Misisipi\", \"option_d\": \"Yangtsé\", \"question\": \"¿Cuál es el río más largo del mundo?\", \"correct_answer\": 0}, {\"id\": 2, \"options\": [{\"text\": \"1965\", \"label\": \"A\"}, {\"text\": \"1969\", \"label\": \"B\"}, {\"text\": \"1972\", \"label\": \"C\"}, {\"text\": \"1975\", \"label\": \"D\"}], \"option_a\": \"1965\", \"option_b\": \"1969\", \"option_c\": \"1972\", \"option_d\": \"1975\", \"question\": \"¿En qué año llegó el hombre a la Luna?\", \"correct_answer\": 1}, {\"id\": 11, \"options\": [{\"text\": \"Oxígeno\", \"label\": \"A\"}, {\"text\": \"Hidrógeno\", \"label\": \"B\"}, {\"text\": \"Helio\", \"label\": \"C\"}, {\"text\": \"Carbono\", \"label\": \"D\"}], \"option_a\": \"Oxígeno\", \"option_b\": \"Hidrógeno\", \"option_c\": \"Helio\", \"option_d\": \"Carbono\", \"question\": \"¿Cuál es el elemento químico más abundante en el universo?\", \"correct_answer\": 1}, {\"id\": 15, \"options\": [{\"text\": \"Guepardo\", \"label\": \"A\"}, {\"text\": \"León\", \"label\": \"B\"}, {\"text\": \"Águila\", \"label\": \"C\"}, {\"text\": \"Pez vela\", \"label\": \"D\"}], \"option_a\": \"Guepardo\", \"option_b\": \"León\", \"option_c\": \"Águila\", \"option_d\": \"Pez vela\", \"question\": \"¿Cuál es el animal más rápido del mundo?\", \"correct_answer\": 0}, {\"id\": 1, \"options\": [{\"text\": \"Londres\", \"label\": \"A\"}, {\"text\": \"París\", \"label\": \"B\"}, {\"text\": \"Madrid\", \"label\": \"C\"}, {\"text\": \"Roma\", \"label\": \"D\"}], \"option_a\": \"Londres\", \"option_b\": \"París\", \"option_c\": \"Madrid\", \"option_d\": \"Roma\", \"question\": \"¿Cuál es la capital de Francia?\", \"correct_answer\": 1}]}}',NULL,NULL,NULL,NULL,9,NULL,NULL,40,149,NULL,NULL),(136,'completed','2026-05-12 11:35:53.898826','2026-05-12 11:36:46.472265',100,'{\"chaos\": {\"completed\": false, \"questions_answered\": 3, \"shown_question_ids\": [32, 51, 7], \"current_question_id\": 7, \"current_question_text\": \"¿Cuál es tu película favorita?\"}, \"part1_completed\": true, \"general_knowledge\": {\"questions\": [12, 26, 18, 20, 3], \"questions_data\": [{\"id\": 12, \"options\": [{\"text\": \"1937\", \"label\": \"A\"}, {\"text\": \"1939\", \"label\": \"B\"}, {\"text\": \"1941\", \"label\": \"C\"}, {\"text\": \"1943\", \"label\": \"D\"}], \"option_a\": \"1937\", \"option_b\": \"1939\", \"option_c\": \"1941\", \"option_d\": \"1943\", \"question\": \"¿En qué año comenzó la Segunda Guerra Mundial?\", \"correct_answer\": 1}, {\"id\": 26, \"options\": [{\"text\": \"Back to Basics\", \"label\": \"A\"}, {\"text\": \"Business to Business (empresa a empresa)\", \"label\": \"B\"}, {\"text\": \"Brand to Brand\", \"label\": \"C\"}, {\"text\": \"Budget to Budget\", \"label\": \"D\"}], \"option_a\": \"Back to Basics\", \"option_b\": \"Business to Business (empresa a empresa)\", \"option_c\": \"Brand to Brand\", \"option_d\": \"Budget to Budget\", \"question\": \"¿Qué significa B2B en negocios?\", \"correct_answer\": 1}, {\"id\": 18, \"options\": [{\"text\": \"Italia\", \"label\": \"A\"}, {\"text\": \"España\", \"label\": \"B\"}, {\"text\": \"Francia\", \"label\": \"C\"}, {\"text\": \"Alemania\", \"label\": \"D\"}], \"option_a\": \"Italia\", \"option_b\": \"España\", \"option_c\": \"Francia\", \"option_d\": \"Alemania\", \"question\": \"¿En qué país está la Torre Eiffel?\", \"correct_answer\": 2}, {\"id\": 20, \"options\": [{\"text\": \"Proceso de respiración de las plantas\", \"label\": \"A\"}, {\"text\": \"Proceso por el cual las plantas producen su alimento\", \"label\": \"B\"}, {\"text\": \"Proceso de reproducción de las plantas\", \"label\": \"C\"}, {\"text\": \"Proceso de crecimiento de las plantas\", \"label\": \"D\"}], \"option_a\": \"Proceso de respiración de las plantas\", \"option_b\": \"Proceso por el cual las plantas producen su alimento\", \"option_c\": \"Proceso de reproducción de las plantas\", \"option_d\": \"Proceso de crecimiento de las plantas\", \"question\": \"¿Qué es la fotosíntesis?\", \"correct_answer\": 1}, {\"id\": 3, \"options\": [{\"text\": \"Atlántico\", \"label\": \"A\"}, {\"text\": \"Índico\", \"label\": \"B\"}, {\"text\": \"Pacífico\", \"label\": \"C\"}, {\"text\": \"Ártico\", \"label\": \"D\"}], \"option_a\": \"Atlántico\", \"option_b\": \"Índico\", \"option_c\": \"Pacífico\", \"option_d\": \"Ártico\", \"question\": \"¿Cuál es el océano más grande del mundo?\", \"correct_answer\": 2}]}}',NULL,NULL,NULL,NULL,9,NULL,NULL,40,150,NULL,NULL),(137,'in_progress','2026-05-12 11:36:55.726860',NULL,0,NULL,NULL,NULL,NULL,NULL,3,NULL,NULL,41,149,NULL,NULL),(138,'completed','2026-05-12 11:36:55.733796','2026-05-12 11:37:23.383595',100,NULL,NULL,NULL,NULL,NULL,3,4,2,41,150,NULL,NULL),(139,'completed','2026-05-12 11:46:11.680772','2026-05-12 11:46:16.303275',100,NULL,NULL,NULL,NULL,NULL,2,NULL,NULL,42,152,NULL,NULL),(140,'completed','2026-05-12 11:46:11.680772','2026-05-12 11:46:16.317041',100,NULL,NULL,NULL,NULL,NULL,2,NULL,NULL,42,153,NULL,NULL),(141,'completed','2026-05-12 11:46:16.332572','2026-05-12 11:46:18.618816',100,NULL,NULL,NULL,NULL,NULL,9,NULL,NULL,42,152,NULL,NULL),(142,'completed','2026-05-12 11:46:16.332572','2026-05-12 11:46:18.631875',100,NULL,NULL,NULL,NULL,NULL,9,NULL,NULL,42,153,NULL,NULL),(143,'completed','2026-05-12 11:46:36.442975','2026-05-12 11:52:32.546816',100,NULL,NULL,NULL,NULL,NULL,3,4,2,43,152,NULL,NULL),(144,'completed','2026-05-12 11:46:36.451412','2026-05-12 11:52:37.917548',100,NULL,NULL,NULL,NULL,NULL,3,NULL,NULL,43,153,NULL,NULL),(145,'completed','2026-05-12 11:52:37.940453','2026-05-12 11:52:42.056693',100,NULL,NULL,NULL,NULL,NULL,5,NULL,NULL,43,152,NULL,NULL),(146,'completed','2026-05-12 11:52:37.940453','2026-05-12 11:52:42.070060',100,NULL,NULL,NULL,NULL,NULL,5,NULL,NULL,43,153,NULL,NULL),(147,'in_progress','2026-05-12 11:52:58.084234',NULL,0,NULL,NULL,NULL,NULL,NULL,6,NULL,NULL,44,152,NULL,NULL),(148,'in_progress','2026-05-12 11:52:58.090236',NULL,0,NULL,NULL,NULL,NULL,NULL,6,NULL,NULL,44,153,NULL,NULL),(149,'completed','2026-05-12 11:54:28.575102','2026-05-12 11:55:11.731978',100,NULL,NULL,NULL,NULL,NULL,2,NULL,NULL,45,155,NULL,NULL),(150,'completed','2026-05-12 11:54:28.575102','2026-05-12 11:55:11.746546',100,NULL,NULL,NULL,NULL,NULL,2,NULL,NULL,45,156,NULL,NULL),(151,'completed','2026-05-12 11:55:11.762834','2026-05-12 11:55:18.956705',100,'{\"general_knowledge\": {\"questions\": [29, 17, 10, 7, 21], \"questions_data\": [{\"id\": 29, \"options\": [{\"text\": \"El precio de venta del producto\", \"label\": \"A\"}, {\"text\": \"La descripción clara de cómo se resuelve el problema del cliente\", \"label\": \"B\"}, {\"text\": \"El número de empleados de la empresa\", \"label\": \"C\"}, {\"text\": \"El lugar donde opera la empresa\", \"label\": \"D\"}], \"option_a\": \"El precio de venta del producto\", \"option_b\": \"La descripción clara de cómo se resuelve el problema del cliente\", \"option_c\": \"El número de empleados de la empresa\", \"option_d\": \"El lugar donde opera la empresa\", \"question\": \"¿Qué es la propuesta de valor de un negocio?\", \"correct_answer\": 1}, {\"id\": 17, \"options\": [{\"text\": \"300,000 km/s\", \"label\": \"A\"}, {\"text\": \"150,000 km/s\", \"label\": \"B\"}, {\"text\": \"450,000 km/s\", \"label\": \"C\"}, {\"text\": \"600,000 km/s\", \"label\": \"D\"}], \"option_a\": \"300,000 km/s\", \"option_b\": \"150,000 km/s\", \"option_c\": \"450,000 km/s\", \"option_d\": \"600,000 km/s\", \"question\": \"¿Cuál es la velocidad de la luz?\", \"correct_answer\": 0}, {\"id\": 10, \"options\": [{\"text\": \"Gabriel García Márquez\", \"label\": \"A\"}, {\"text\": \"Miguel de Cervantes\", \"label\": \"B\"}, {\"text\": \"Pablo Neruda\", \"label\": \"C\"}, {\"text\": \"Mario Vargas Llosa\", \"label\": \"D\"}], \"option_a\": \"Gabriel García Márquez\", \"option_b\": \"Miguel de Cervantes\", \"option_c\": \"Pablo Neruda\", \"option_d\": \"Mario Vargas Llosa\", \"question\": \"¿Quién escribió \'Don Quijote de la Mancha\'?\", \"correct_answer\": 1}, {\"id\": 7, \"options\": [{\"text\": \"Amazonas\", \"label\": \"A\"}, {\"text\": \"Nilo\", \"label\": \"B\"}, {\"text\": \"Misisipi\", \"label\": \"C\"}, {\"text\": \"Yangtsé\", \"label\": \"D\"}], \"option_a\": \"Amazonas\", \"option_b\": \"Nilo\", \"option_c\": \"Misisipi\", \"option_d\": \"Yangtsé\", \"question\": \"¿Cuál es el río más largo del mundo?\", \"correct_answer\": 0}, {\"id\": 21, \"options\": [{\"text\": \"Minimum Viable Product\", \"label\": \"A\"}, {\"text\": \"Maximum Value Proposition\", \"label\": \"B\"}, {\"text\": \"Most Valuable Player\", \"label\": \"C\"}, {\"text\": \"Minimum Viable Process\", \"label\": \"D\"}], \"option_a\": \"Minimum Viable Product\", \"option_b\": \"Maximum Value Proposition\", \"option_c\": \"Most Valuable Player\", \"option_d\": \"Minimum Viable Process\", \"question\": \"¿Qué significa MVP en emprendimiento?\", \"correct_answer\": 0}]}}',NULL,NULL,NULL,NULL,9,NULL,NULL,45,155,NULL,NULL),(152,'completed','2026-05-12 11:55:11.762834','2026-05-12 11:55:18.970758',100,'{\"general_knowledge\": {\"questions\": [1, 26, 30, 4, 10], \"questions_data\": [{\"id\": 1, \"options\": [{\"text\": \"Londres\", \"label\": \"A\"}, {\"text\": \"París\", \"label\": \"B\"}, {\"text\": \"Madrid\", \"label\": \"C\"}, {\"text\": \"Roma\", \"label\": \"D\"}], \"option_a\": \"Londres\", \"option_b\": \"París\", \"option_c\": \"Madrid\", \"option_d\": \"Roma\", \"question\": \"¿Cuál es la capital de Francia?\", \"correct_answer\": 1}, {\"id\": 26, \"options\": [{\"text\": \"Back to Basics\", \"label\": \"A\"}, {\"text\": \"Business to Business (empresa a empresa)\", \"label\": \"B\"}, {\"text\": \"Brand to Brand\", \"label\": \"C\"}, {\"text\": \"Budget to Budget\", \"label\": \"D\"}], \"option_a\": \"Back to Basics\", \"option_b\": \"Business to Business (empresa a empresa)\", \"option_c\": \"Brand to Brand\", \"option_d\": \"Budget to Budget\", \"question\": \"¿Qué significa B2B en negocios?\", \"correct_answer\": 1}, {\"id\": 30, \"options\": [{\"text\": \"El fundador principal de la empresa\", \"label\": \"A\"}, {\"text\": \"Cambio estratégico en el modelo de negocio basado en aprendizaje\", \"label\": \"B\"}, {\"text\": \"Una ronda de inversión inicial\", \"label\": \"C\"}, {\"text\": \"El primer producto lanzado al mercado\", \"label\": \"D\"}], \"option_a\": \"El fundador principal de la empresa\", \"option_b\": \"Cambio estratégico en el modelo de negocio basado en aprendizaje\", \"option_c\": \"Una ronda de inversión inicial\", \"option_d\": \"El primer producto lanzado al mercado\", \"question\": \"¿Qué es el \\\"pivot\\\" en una startup?\", \"correct_answer\": 1}, {\"id\": 4, \"options\": [{\"text\": \"Picasso\", \"label\": \"A\"}, {\"text\": \"Van Gogh\", \"label\": \"B\"}, {\"text\": \"Leonardo da Vinci\", \"label\": \"C\"}, {\"text\": \"Miguel Ángel\", \"label\": \"D\"}], \"option_a\": \"Picasso\", \"option_b\": \"Van Gogh\", \"option_c\": \"Leonardo da Vinci\", \"option_d\": \"Miguel Ángel\", \"question\": \"¿Quién pintó la Mona Lisa?\", \"correct_answer\": 2}, {\"id\": 10, \"options\": [{\"text\": \"Gabriel García Márquez\", \"label\": \"A\"}, {\"text\": \"Miguel de Cervantes\", \"label\": \"B\"}, {\"text\": \"Pablo Neruda\", \"label\": \"C\"}, {\"text\": \"Mario Vargas Llosa\", \"label\": \"D\"}], \"option_a\": \"Gabriel García Márquez\", \"option_b\": \"Miguel de Cervantes\", \"option_c\": \"Pablo Neruda\", \"option_d\": \"Mario Vargas Llosa\", \"question\": \"¿Quién escribió \'Don Quijote de la Mancha\'?\", \"correct_answer\": 1}]}}',NULL,NULL,NULL,NULL,9,NULL,NULL,45,156,NULL,NULL),(153,'completed','2026-05-12 11:55:50.751288','2026-05-12 12:12:27.322215',100,NULL,NULL,NULL,NULL,NULL,3,4,2,46,155,NULL,NULL),(154,'completed','2026-05-12 11:55:50.758285','2026-05-12 12:19:04.150460',100,NULL,NULL,NULL,NULL,NULL,3,NULL,NULL,46,156,NULL,NULL),(155,'completed','2026-05-12 12:19:04.168049','2026-05-12 12:19:09.680155',100,NULL,NULL,NULL,NULL,NULL,5,NULL,NULL,46,155,NULL,NULL),(156,'completed','2026-05-12 12:19:04.168049','2026-05-12 12:19:09.692712',100,NULL,NULL,NULL,NULL,NULL,5,NULL,NULL,46,156,NULL,NULL),(157,'in_progress','2026-05-12 12:19:25.985800',NULL,0,NULL,NULL,NULL,NULL,NULL,6,NULL,NULL,47,155,NULL,NULL),(158,'in_progress','2026-05-12 12:19:25.993048',NULL,0,NULL,NULL,NULL,NULL,NULL,6,NULL,NULL,47,156,NULL,NULL),(159,'completed','2026-05-12 12:27:06.461037','2026-05-12 12:27:10.788222',100,NULL,NULL,NULL,NULL,NULL,2,NULL,NULL,48,161,NULL,NULL),(160,'completed','2026-05-12 12:27:06.461037','2026-05-12 12:27:10.802387',100,NULL,NULL,NULL,NULL,NULL,2,NULL,NULL,48,162,NULL,NULL),(161,'completed','2026-05-12 12:27:10.818680','2026-05-12 12:27:20.569176',100,'{\"general_knowledge\": {\"questions\": [29, 17, 10, 7, 21], \"questions_data\": [{\"id\": 29, \"options\": [{\"text\": \"El precio de venta del producto\", \"label\": \"A\"}, {\"text\": \"La descripción clara de cómo se resuelve el problema del cliente\", \"label\": \"B\"}, {\"text\": \"El número de empleados de la empresa\", \"label\": \"C\"}, {\"text\": \"El lugar donde opera la empresa\", \"label\": \"D\"}], \"option_a\": \"El precio de venta del producto\", \"option_b\": \"La descripción clara de cómo se resuelve el problema del cliente\", \"option_c\": \"El número de empleados de la empresa\", \"option_d\": \"El lugar donde opera la empresa\", \"question\": \"¿Qué es la propuesta de valor de un negocio?\", \"correct_answer\": 1}, {\"id\": 17, \"options\": [{\"text\": \"300,000 km/s\", \"label\": \"A\"}, {\"text\": \"150,000 km/s\", \"label\": \"B\"}, {\"text\": \"450,000 km/s\", \"label\": \"C\"}, {\"text\": \"600,000 km/s\", \"label\": \"D\"}], \"option_a\": \"300,000 km/s\", \"option_b\": \"150,000 km/s\", \"option_c\": \"450,000 km/s\", \"option_d\": \"600,000 km/s\", \"question\": \"¿Cuál es la velocidad de la luz?\", \"correct_answer\": 0}, {\"id\": 10, \"options\": [{\"text\": \"Gabriel García Márquez\", \"label\": \"A\"}, {\"text\": \"Miguel de Cervantes\", \"label\": \"B\"}, {\"text\": \"Pablo Neruda\", \"label\": \"C\"}, {\"text\": \"Mario Vargas Llosa\", \"label\": \"D\"}], \"option_a\": \"Gabriel García Márquez\", \"option_b\": \"Miguel de Cervantes\", \"option_c\": \"Pablo Neruda\", \"option_d\": \"Mario Vargas Llosa\", \"question\": \"¿Quién escribió \'Don Quijote de la Mancha\'?\", \"correct_answer\": 1}, {\"id\": 7, \"options\": [{\"text\": \"Amazonas\", \"label\": \"A\"}, {\"text\": \"Nilo\", \"label\": \"B\"}, {\"text\": \"Misisipi\", \"label\": \"C\"}, {\"text\": \"Yangtsé\", \"label\": \"D\"}], \"option_a\": \"Amazonas\", \"option_b\": \"Nilo\", \"option_c\": \"Misisipi\", \"option_d\": \"Yangtsé\", \"question\": \"¿Cuál es el río más largo del mundo?\", \"correct_answer\": 0}, {\"id\": 21, \"options\": [{\"text\": \"Minimum Viable Product\", \"label\": \"A\"}, {\"text\": \"Maximum Value Proposition\", \"label\": \"B\"}, {\"text\": \"Most Valuable Player\", \"label\": \"C\"}, {\"text\": \"Minimum Viable Process\", \"label\": \"D\"}], \"option_a\": \"Minimum Viable Product\", \"option_b\": \"Maximum Value Proposition\", \"option_c\": \"Most Valuable Player\", \"option_d\": \"Minimum Viable Process\", \"question\": \"¿Qué significa MVP en emprendimiento?\", \"correct_answer\": 0}]}}',NULL,NULL,NULL,NULL,9,NULL,NULL,48,161,NULL,NULL),(162,'completed','2026-05-12 12:27:10.818680','2026-05-12 12:27:20.582285',100,NULL,NULL,NULL,NULL,NULL,9,NULL,NULL,48,162,NULL,NULL),(163,'in_progress','2026-05-12 12:27:33.675773',NULL,0,NULL,NULL,NULL,NULL,NULL,3,NULL,NULL,49,161,NULL,NULL),(164,'completed','2026-05-12 12:27:33.685108','2026-05-12 12:28:30.539414',100,NULL,NULL,NULL,NULL,NULL,3,5,2,49,162,NULL,NULL),(165,'completed','2026-05-12 12:33:20.398528','2026-05-12 12:33:25.422384',100,NULL,NULL,NULL,NULL,NULL,2,NULL,NULL,50,164,NULL,NULL),(166,'completed','2026-05-12 12:33:20.398528','2026-05-12 12:33:25.435848',100,NULL,NULL,NULL,NULL,NULL,2,NULL,NULL,50,165,NULL,NULL),(167,'completed','2026-05-12 12:33:25.451352','2026-05-12 12:33:32.593661',100,NULL,NULL,NULL,NULL,NULL,9,NULL,NULL,50,164,NULL,NULL),(168,'completed','2026-05-12 12:33:25.451352','2026-05-12 12:33:32.611481',100,'{\"general_knowledge\": {\"questions\": [29, 17, 25, 4, 3], \"questions_data\": [{\"id\": 29, \"options\": [{\"text\": \"El precio de venta del producto\", \"label\": \"A\"}, {\"text\": \"La descripción clara de cómo se resuelve el problema del cliente\", \"label\": \"B\"}, {\"text\": \"El número de empleados de la empresa\", \"label\": \"C\"}, {\"text\": \"El lugar donde opera la empresa\", \"label\": \"D\"}], \"option_a\": \"El precio de venta del producto\", \"option_b\": \"La descripción clara de cómo se resuelve el problema del cliente\", \"option_c\": \"El número de empleados de la empresa\", \"option_d\": \"El lugar donde opera la empresa\", \"question\": \"¿Qué es la propuesta de valor de un negocio?\", \"correct_answer\": 1}, {\"id\": 17, \"options\": [{\"text\": \"300,000 km/s\", \"label\": \"A\"}, {\"text\": \"150,000 km/s\", \"label\": \"B\"}, {\"text\": \"450,000 km/s\", \"label\": \"C\"}, {\"text\": \"600,000 km/s\", \"label\": \"D\"}], \"option_a\": \"300,000 km/s\", \"option_b\": \"150,000 km/s\", \"option_c\": \"450,000 km/s\", \"option_d\": \"600,000 km/s\", \"question\": \"¿Cuál es la velocidad de la luz?\", \"correct_answer\": 0}, {\"id\": 25, \"options\": [{\"text\": \"Técnica de programación web\", \"label\": \"A\"}, {\"text\": \"Financiar un negocio con recursos propios sin inversores externos\", \"label\": \"B\"}, {\"text\": \"Estrategia de marketing en redes sociales\", \"label\": \"C\"}, {\"text\": \"Proceso de contratación de empleados\", \"label\": \"D\"}], \"option_a\": \"Técnica de programación web\", \"option_b\": \"Financiar un negocio con recursos propios sin inversores externos\", \"option_c\": \"Estrategia de marketing en redes sociales\", \"option_d\": \"Proceso de contratación de empleados\", \"question\": \"¿Qué es el \\\"bootstrapping\\\" en emprendimiento?\", \"correct_answer\": 1}, {\"id\": 4, \"options\": [{\"text\": \"Picasso\", \"label\": \"A\"}, {\"text\": \"Van Gogh\", \"label\": \"B\"}, {\"text\": \"Leonardo da Vinci\", \"label\": \"C\"}, {\"text\": \"Miguel Ángel\", \"label\": \"D\"}], \"option_a\": \"Picasso\", \"option_b\": \"Van Gogh\", \"option_c\": \"Leonardo da Vinci\", \"option_d\": \"Miguel Ángel\", \"question\": \"¿Quién pintó la Mona Lisa?\", \"correct_answer\": 2}, {\"id\": 3, \"options\": [{\"text\": \"Atlántico\", \"label\": \"A\"}, {\"text\": \"Índico\", \"label\": \"B\"}, {\"text\": \"Pacífico\", \"label\": \"C\"}, {\"text\": \"Ártico\", \"label\": \"D\"}], \"option_a\": \"Atlántico\", \"option_b\": \"Índico\", \"option_c\": \"Pacífico\", \"option_d\": \"Ártico\", \"question\": \"¿Cuál es el océano más grande del mundo?\", \"correct_answer\": 2}]}}',NULL,NULL,NULL,NULL,9,NULL,NULL,50,165,NULL,NULL),(169,'in_progress','2026-05-12 12:33:38.989713',NULL,0,NULL,NULL,NULL,NULL,NULL,3,NULL,NULL,51,164,NULL,NULL),(170,'in_progress','2026-05-12 12:33:38.997526',NULL,0,NULL,NULL,NULL,NULL,NULL,3,NULL,NULL,51,165,NULL,NULL),(171,'completed','2026-05-12 12:39:03.191570','2026-05-12 12:39:07.065982',100,NULL,NULL,NULL,NULL,NULL,2,NULL,NULL,52,167,NULL,NULL),(172,'completed','2026-05-12 12:39:03.191570','2026-05-12 12:39:07.080660',100,NULL,NULL,NULL,NULL,NULL,2,NULL,NULL,52,168,NULL,NULL),(173,'completed','2026-05-12 12:39:07.099778','2026-05-12 12:39:12.368889',100,NULL,NULL,NULL,NULL,NULL,9,NULL,NULL,52,167,NULL,NULL),(174,'completed','2026-05-12 12:39:07.099778','2026-05-12 12:39:12.383127',100,'{\"general_knowledge\": {\"questions\": [10, 26, 3, 23, 9], \"questions_data\": [{\"id\": 10, \"options\": [{\"text\": \"Gabriel García Márquez\", \"label\": \"A\"}, {\"text\": \"Miguel de Cervantes\", \"label\": \"B\"}, {\"text\": \"Pablo Neruda\", \"label\": \"C\"}, {\"text\": \"Mario Vargas Llosa\", \"label\": \"D\"}], \"option_a\": \"Gabriel García Márquez\", \"option_b\": \"Miguel de Cervantes\", \"option_c\": \"Pablo Neruda\", \"option_d\": \"Mario Vargas Llosa\", \"question\": \"¿Quién escribió \'Don Quijote de la Mancha\'?\", \"correct_answer\": 1}, {\"id\": 26, \"options\": [{\"text\": \"Back to Basics\", \"label\": \"A\"}, {\"text\": \"Business to Business (empresa a empresa)\", \"label\": \"B\"}, {\"text\": \"Brand to Brand\", \"label\": \"C\"}, {\"text\": \"Budget to Budget\", \"label\": \"D\"}], \"option_a\": \"Back to Basics\", \"option_b\": \"Business to Business (empresa a empresa)\", \"option_c\": \"Brand to Brand\", \"option_d\": \"Budget to Budget\", \"question\": \"¿Qué significa B2B en negocios?\", \"correct_answer\": 1}, {\"id\": 3, \"options\": [{\"text\": \"Atlántico\", \"label\": \"A\"}, {\"text\": \"Índico\", \"label\": \"B\"}, {\"text\": \"Pacífico\", \"label\": \"C\"}, {\"text\": \"Ártico\", \"label\": \"D\"}], \"option_a\": \"Atlántico\", \"option_b\": \"Índico\", \"option_c\": \"Pacífico\", \"option_d\": \"Ártico\", \"question\": \"¿Cuál es el océano más grande del mundo?\", \"correct_answer\": 2}, {\"id\": 23, \"options\": [{\"text\": \"Un campo de fútbol\", \"label\": \"A\"}, {\"text\": \"Presentación breve de una idea de negocio\", \"label\": \"B\"}, {\"text\": \"Un tipo de contrato laboral\", \"label\": \"C\"}, {\"text\": \"Una herramienta de análisis financiero\", \"label\": \"D\"}], \"option_a\": \"Un campo de fútbol\", \"option_b\": \"Presentación breve de una idea de negocio\", \"option_c\": \"Un tipo de contrato laboral\", \"option_d\": \"Una herramienta de análisis financiero\", \"question\": \"¿Qué es un \\\"pitch\\\" en el contexto empresarial?\", \"correct_answer\": 1}, {\"id\": 9, \"options\": [{\"text\": \"K2\", \"label\": \"A\"}, {\"text\": \"Kilimanjaro\", \"label\": \"B\"}, {\"text\": \"Everest\", \"label\": \"C\"}, {\"text\": \"Aconcagua\", \"label\": \"D\"}], \"option_a\": \"K2\", \"option_b\": \"Kilimanjaro\", \"option_c\": \"Everest\", \"option_d\": \"Aconcagua\", \"question\": \"¿Cuál es la montaña más alta del mundo?\", \"correct_answer\": 2}]}}',NULL,NULL,NULL,NULL,9,NULL,NULL,52,168,NULL,NULL),(175,'completed','2026-05-12 12:39:21.711701','2026-05-12 12:39:43.775147',100,NULL,NULL,NULL,NULL,NULL,3,4,2,53,167,NULL,NULL),(176,'completed','2026-05-12 12:39:21.718644','2026-05-12 12:40:19.632027',100,NULL,NULL,NULL,NULL,NULL,3,3,1,53,168,NULL,NULL),(177,'pending','2026-05-12 12:40:22.346868',NULL,0,NULL,NULL,NULL,NULL,NULL,5,NULL,NULL,53,167,NULL,NULL),(178,'pending','2026-05-12 12:40:22.346868',NULL,0,NULL,NULL,NULL,NULL,NULL,5,NULL,NULL,53,168,NULL,NULL),(179,'completed','2026-05-12 12:44:01.034804','2026-05-12 12:44:05.055543',100,NULL,NULL,NULL,NULL,NULL,2,NULL,NULL,54,170,NULL,NULL),(180,'completed','2026-05-12 12:44:01.034804','2026-05-12 12:44:05.067820',100,NULL,NULL,NULL,NULL,NULL,2,NULL,NULL,54,171,NULL,NULL),(181,'completed','2026-05-12 12:44:05.082912','2026-05-12 12:44:16.499712',100,'{\"general_knowledge\": {\"questions\": [29, 17, 25, 4, 3], \"questions_data\": [{\"id\": 29, \"options\": [{\"text\": \"El precio de venta del producto\", \"label\": \"A\"}, {\"text\": \"La descripción clara de cómo se resuelve el problema del cliente\", \"label\": \"B\"}, {\"text\": \"El número de empleados de la empresa\", \"label\": \"C\"}, {\"text\": \"El lugar donde opera la empresa\", \"label\": \"D\"}], \"option_a\": \"El precio de venta del producto\", \"option_b\": \"La descripción clara de cómo se resuelve el problema del cliente\", \"option_c\": \"El número de empleados de la empresa\", \"option_d\": \"El lugar donde opera la empresa\", \"question\": \"¿Qué es la propuesta de valor de un negocio?\", \"correct_answer\": 1}, {\"id\": 17, \"options\": [{\"text\": \"300,000 km/s\", \"label\": \"A\"}, {\"text\": \"150,000 km/s\", \"label\": \"B\"}, {\"text\": \"450,000 km/s\", \"label\": \"C\"}, {\"text\": \"600,000 km/s\", \"label\": \"D\"}], \"option_a\": \"300,000 km/s\", \"option_b\": \"150,000 km/s\", \"option_c\": \"450,000 km/s\", \"option_d\": \"600,000 km/s\", \"question\": \"¿Cuál es la velocidad de la luz?\", \"correct_answer\": 0}, {\"id\": 25, \"options\": [{\"text\": \"Técnica de programación web\", \"label\": \"A\"}, {\"text\": \"Financiar un negocio con recursos propios sin inversores externos\", \"label\": \"B\"}, {\"text\": \"Estrategia de marketing en redes sociales\", \"label\": \"C\"}, {\"text\": \"Proceso de contratación de empleados\", \"label\": \"D\"}], \"option_a\": \"Técnica de programación web\", \"option_b\": \"Financiar un negocio con recursos propios sin inversores externos\", \"option_c\": \"Estrategia de marketing en redes sociales\", \"option_d\": \"Proceso de contratación de empleados\", \"question\": \"¿Qué es el \\\"bootstrapping\\\" en emprendimiento?\", \"correct_answer\": 1}, {\"id\": 4, \"options\": [{\"text\": \"Picasso\", \"label\": \"A\"}, {\"text\": \"Van Gogh\", \"label\": \"B\"}, {\"text\": \"Leonardo da Vinci\", \"label\": \"C\"}, {\"text\": \"Miguel Ángel\", \"label\": \"D\"}], \"option_a\": \"Picasso\", \"option_b\": \"Van Gogh\", \"option_c\": \"Leonardo da Vinci\", \"option_d\": \"Miguel Ángel\", \"question\": \"¿Quién pintó la Mona Lisa?\", \"correct_answer\": 2}, {\"id\": 3, \"options\": [{\"text\": \"Atlántico\", \"label\": \"A\"}, {\"text\": \"Índico\", \"label\": \"B\"}, {\"text\": \"Pacífico\", \"label\": \"C\"}, {\"text\": \"Ártico\", \"label\": \"D\"}], \"option_a\": \"Atlántico\", \"option_b\": \"Índico\", \"option_c\": \"Pacífico\", \"option_d\": \"Ártico\", \"question\": \"¿Cuál es el océano más grande del mundo?\", \"correct_answer\": 2}]}}',NULL,NULL,NULL,NULL,9,NULL,NULL,54,170,NULL,NULL),(182,'completed','2026-05-12 12:44:05.082912','2026-05-12 12:44:16.513636',100,'{\"general_knowledge\": {\"questions\": [7, 2, 11, 15, 1], \"questions_data\": [{\"id\": 7, \"options\": [{\"text\": \"Amazonas\", \"label\": \"A\"}, {\"text\": \"Nilo\", \"label\": \"B\"}, {\"text\": \"Misisipi\", \"label\": \"C\"}, {\"text\": \"Yangtsé\", \"label\": \"D\"}], \"option_a\": \"Amazonas\", \"option_b\": \"Nilo\", \"option_c\": \"Misisipi\", \"option_d\": \"Yangtsé\", \"question\": \"¿Cuál es el río más largo del mundo?\", \"correct_answer\": 0}, {\"id\": 2, \"options\": [{\"text\": \"1965\", \"label\": \"A\"}, {\"text\": \"1969\", \"label\": \"B\"}, {\"text\": \"1972\", \"label\": \"C\"}, {\"text\": \"1975\", \"label\": \"D\"}], \"option_a\": \"1965\", \"option_b\": \"1969\", \"option_c\": \"1972\", \"option_d\": \"1975\", \"question\": \"¿En qué año llegó el hombre a la Luna?\", \"correct_answer\": 1}, {\"id\": 11, \"options\": [{\"text\": \"Oxígeno\", \"label\": \"A\"}, {\"text\": \"Hidrógeno\", \"label\": \"B\"}, {\"text\": \"Helio\", \"label\": \"C\"}, {\"text\": \"Carbono\", \"label\": \"D\"}], \"option_a\": \"Oxígeno\", \"option_b\": \"Hidrógeno\", \"option_c\": \"Helio\", \"option_d\": \"Carbono\", \"question\": \"¿Cuál es el elemento químico más abundante en el universo?\", \"correct_answer\": 1}, {\"id\": 15, \"options\": [{\"text\": \"Guepardo\", \"label\": \"A\"}, {\"text\": \"León\", \"label\": \"B\"}, {\"text\": \"Águila\", \"label\": \"C\"}, {\"text\": \"Pez vela\", \"label\": \"D\"}], \"option_a\": \"Guepardo\", \"option_b\": \"León\", \"option_c\": \"Águila\", \"option_d\": \"Pez vela\", \"question\": \"¿Cuál es el animal más rápido del mundo?\", \"correct_answer\": 0}, {\"id\": 1, \"options\": [{\"text\": \"Londres\", \"label\": \"A\"}, {\"text\": \"París\", \"label\": \"B\"}, {\"text\": \"Madrid\", \"label\": \"C\"}, {\"text\": \"Roma\", \"label\": \"D\"}], \"option_a\": \"Londres\", \"option_b\": \"París\", \"option_c\": \"Madrid\", \"option_d\": \"Roma\", \"question\": \"¿Cuál es la capital de Francia?\", \"correct_answer\": 1}]}}',NULL,NULL,NULL,NULL,9,NULL,NULL,54,171,NULL,NULL),(183,'completed','2026-05-12 12:44:23.344343','2026-05-12 12:46:11.508204',100,NULL,NULL,NULL,NULL,NULL,3,4,2,55,170,NULL,NULL),(184,'completed','2026-05-12 12:44:23.350814','2026-05-12 12:46:29.576097',100,NULL,NULL,NULL,NULL,NULL,3,3,1,55,171,NULL,NULL),(185,'completed','2026-05-12 12:50:53.753544','2026-05-12 12:51:03.120314',100,NULL,NULL,NULL,NULL,NULL,5,NULL,NULL,55,170,NULL,NULL),(186,'completed','2026-05-12 12:50:53.753544','2026-05-12 12:51:03.131653',100,NULL,NULL,NULL,NULL,NULL,5,NULL,NULL,55,171,NULL,NULL),(187,'in_progress','2026-05-12 12:51:08.071602',NULL,0,NULL,NULL,NULL,NULL,NULL,6,NULL,NULL,56,170,NULL,NULL),(188,'in_progress','2026-05-12 12:51:08.078322',NULL,0,NULL,NULL,NULL,NULL,NULL,6,NULL,NULL,56,171,NULL,NULL),(189,'completed','2026-05-12 12:52:48.869727','2026-05-12 12:53:30.085960',100,NULL,NULL,NULL,NULL,NULL,2,NULL,NULL,57,173,NULL,NULL),(190,'completed','2026-05-12 12:52:48.869727','2026-05-12 12:53:30.102231',100,NULL,NULL,NULL,NULL,NULL,2,NULL,NULL,57,174,NULL,NULL),(191,'completed','2026-05-12 12:53:30.118719','2026-05-12 12:54:12.836894',100,'{\"general_knowledge\": {\"questions\": [1, 30, 21, 29, 10], \"questions_data\": [{\"id\": 1, \"options\": [{\"text\": \"Londres\", \"label\": \"A\"}, {\"text\": \"París\", \"label\": \"B\"}, {\"text\": \"Madrid\", \"label\": \"C\"}, {\"text\": \"Roma\", \"label\": \"D\"}], \"option_a\": \"Londres\", \"option_b\": \"París\", \"option_c\": \"Madrid\", \"option_d\": \"Roma\", \"question\": \"¿Cuál es la capital de Francia?\", \"correct_answer\": 1}, {\"id\": 30, \"options\": [{\"text\": \"El fundador principal de la empresa\", \"label\": \"A\"}, {\"text\": \"Cambio estratégico en el modelo de negocio basado en aprendizaje\", \"label\": \"B\"}, {\"text\": \"Una ronda de inversión inicial\", \"label\": \"C\"}, {\"text\": \"El primer producto lanzado al mercado\", \"label\": \"D\"}], \"option_a\": \"El fundador principal de la empresa\", \"option_b\": \"Cambio estratégico en el modelo de negocio basado en aprendizaje\", \"option_c\": \"Una ronda de inversión inicial\", \"option_d\": \"El primer producto lanzado al mercado\", \"question\": \"¿Qué es el \\\"pivot\\\" en una startup?\", \"correct_answer\": 1}, {\"id\": 21, \"options\": [{\"text\": \"Minimum Viable Product\", \"label\": \"A\"}, {\"text\": \"Maximum Value Proposition\", \"label\": \"B\"}, {\"text\": \"Most Valuable Player\", \"label\": \"C\"}, {\"text\": \"Minimum Viable Process\", \"label\": \"D\"}], \"option_a\": \"Minimum Viable Product\", \"option_b\": \"Maximum Value Proposition\", \"option_c\": \"Most Valuable Player\", \"option_d\": \"Minimum Viable Process\", \"question\": \"¿Qué significa MVP en emprendimiento?\", \"correct_answer\": 0}, {\"id\": 29, \"options\": [{\"text\": \"El precio de venta del producto\", \"label\": \"A\"}, {\"text\": \"La descripción clara de cómo se resuelve el problema del cliente\", \"label\": \"B\"}, {\"text\": \"El número de empleados de la empresa\", \"label\": \"C\"}, {\"text\": \"El lugar donde opera la empresa\", \"label\": \"D\"}], \"option_a\": \"El precio de venta del producto\", \"option_b\": \"La descripción clara de cómo se resuelve el problema del cliente\", \"option_c\": \"El número de empleados de la empresa\", \"option_d\": \"El lugar donde opera la empresa\", \"question\": \"¿Qué es la propuesta de valor de un negocio?\", \"correct_answer\": 1}, {\"id\": 10, \"options\": [{\"text\": \"Gabriel García Márquez\", \"label\": \"A\"}, {\"text\": \"Miguel de Cervantes\", \"label\": \"B\"}, {\"text\": \"Pablo Neruda\", \"label\": \"C\"}, {\"text\": \"Mario Vargas Llosa\", \"label\": \"D\"}], \"option_a\": \"Gabriel García Márquez\", \"option_b\": \"Miguel de Cervantes\", \"option_c\": \"Pablo Neruda\", \"option_d\": \"Mario Vargas Llosa\", \"question\": \"¿Quién escribió \'Don Quijote de la Mancha\'?\", \"correct_answer\": 1}]}}',NULL,NULL,NULL,NULL,9,NULL,NULL,57,173,NULL,NULL),(192,'completed','2026-05-12 12:53:30.118719','2026-05-12 12:53:56.170965',100,'{\"chaos\": {\"completed\": true, \"questions_answered\": 5, \"shown_question_ids\": [25, 36, 33, 45, 19], \"current_question_id\": 19, \"current_question_text\": \"¿Cuál es tu mayor logro?\"}, \"part1_completed\": true, \"general_knowledge\": {\"answers\": [{\"correct\": false, \"selected\": 0, \"question_id\": 16}, {\"correct\": false, \"selected\": 2, \"question_id\": 25}, {\"correct\": false, \"selected\": 0, \"question_id\": 10}, {\"correct\": true, \"selected\": 1, \"question_id\": 27}, {\"correct\": false, \"selected\": 3, \"question_id\": 1}], \"completed\": true, \"questions\": [25, 10, 27, 1, 16], \"correct_count\": 1, \"questions_data\": [{\"id\": 25, \"options\": [{\"text\": \"Técnica de programación web\", \"label\": \"A\"}, {\"text\": \"Financiar un negocio con recursos propios sin inversores externos\", \"label\": \"B\"}, {\"text\": \"Estrategia de marketing en redes sociales\", \"label\": \"C\"}, {\"text\": \"Proceso de contratación de empleados\", \"label\": \"D\"}], \"option_a\": \"Técnica de programación web\", \"option_b\": \"Financiar un negocio con recursos propios sin inversores externos\", \"option_c\": \"Estrategia de marketing en redes sociales\", \"option_d\": \"Proceso de contratación de empleados\", \"question\": \"¿Qué es el \\\"bootstrapping\\\" en emprendimiento?\", \"correct_answer\": 1}, {\"id\": 10, \"options\": [{\"text\": \"Gabriel García Márquez\", \"label\": \"A\"}, {\"text\": \"Miguel de Cervantes\", \"label\": \"B\"}, {\"text\": \"Pablo Neruda\", \"label\": \"C\"}, {\"text\": \"Mario Vargas Llosa\", \"label\": \"D\"}], \"option_a\": \"Gabriel García Márquez\", \"option_b\": \"Miguel de Cervantes\", \"option_c\": \"Pablo Neruda\", \"option_d\": \"Mario Vargas Llosa\", \"question\": \"¿Quién escribió \'Don Quijote de la Mancha\'?\", \"correct_answer\": 1}, {\"id\": 27, \"options\": [{\"text\": \"Una empresa consolidada con más de 50 años\", \"label\": \"A\"}, {\"text\": \"Empresa emergente con alto potencial de crecimiento escalable\", \"label\": \"B\"}, {\"text\": \"Un organismo gubernamental\", \"label\": \"C\"}, {\"text\": \"Una organización sin fines de lucro\", \"label\": \"D\"}], \"option_a\": \"Una empresa consolidada con más de 50 años\", \"option_b\": \"Empresa emergente con alto potencial de crecimiento escalable\", \"option_c\": \"Un organismo gubernamental\", \"option_d\": \"Una organización sin fines de lucro\", \"question\": \"¿Qué es una startup?\", \"correct_answer\": 1}, {\"id\": 1, \"options\": [{\"text\": \"Londres\", \"label\": \"A\"}, {\"text\": \"París\", \"label\": \"B\"}, {\"text\": \"Madrid\", \"label\": \"C\"}, {\"text\": \"Roma\", \"label\": \"D\"}], \"option_a\": \"Londres\", \"option_b\": \"París\", \"option_c\": \"Madrid\", \"option_d\": \"Roma\", \"question\": \"¿Cuál es la capital de Francia?\", \"correct_answer\": 1}, {\"id\": 16, \"options\": [{\"text\": \"196\", \"label\": \"A\"}, {\"text\": \"206\", \"label\": \"B\"}, {\"text\": \"216\", \"label\": \"C\"}, {\"text\": \"226\", \"label\": \"D\"}], \"option_a\": \"196\", \"option_b\": \"206\", \"option_c\": \"216\", \"option_d\": \"226\", \"question\": \"¿Cuántos huesos tiene el cuerpo humano adulto?\", \"correct_answer\": 1}], \"total_questions\": 5}}',NULL,NULL,NULL,NULL,9,NULL,NULL,57,174,NULL,NULL),(193,'completed','2026-05-12 12:54:22.417124','2026-05-12 12:56:15.278989',100,NULL,NULL,NULL,NULL,NULL,3,2,1,58,173,NULL,NULL),(194,'completed','2026-05-12 12:54:22.425702','2026-05-12 12:55:28.608881',100,NULL,NULL,NULL,NULL,NULL,3,4,2,58,174,NULL,NULL),(195,'completed','2026-05-12 12:56:24.305348','2026-05-12 12:56:52.863501',100,NULL,NULL,NULL,NULL,NULL,5,NULL,NULL,58,173,NULL,NULL),(196,'completed','2026-05-12 12:56:24.305348','2026-05-12 12:56:52.875649',100,NULL,NULL,NULL,NULL,NULL,5,NULL,NULL,58,174,NULL,NULL),(197,'completed','2026-05-12 12:57:04.094037','2026-05-12 13:00:49.963481',100,NULL,NULL,NULL,NULL,NULL,6,NULL,NULL,59,173,NULL,NULL),(198,'completed','2026-05-12 12:57:04.100753','2026-05-12 13:00:49.979547',100,NULL,NULL,NULL,NULL,NULL,6,NULL,NULL,59,174,NULL,NULL),(199,'completed','2026-05-12 13:00:53.472181','2026-05-12 13:05:17.296857',100,NULL,NULL,NULL,NULL,NULL,7,NULL,NULL,60,173,NULL,NULL),(200,'completed','2026-05-12 13:00:53.477973','2026-05-12 13:05:17.312913',100,NULL,NULL,NULL,NULL,NULL,7,NULL,NULL,60,174,NULL,NULL),(201,'pending','2026-05-12 13:05:17.330043',NULL,0,NULL,NULL,NULL,NULL,NULL,8,NULL,NULL,60,173,NULL,NULL),(202,'completed','2026-05-12 13:05:17.330043','2026-05-12 13:06:44.406604',100,NULL,NULL,NULL,NULL,NULL,8,NULL,NULL,60,174,NULL,NULL),(203,'completed','2026-05-12 13:19:39.831153','2026-05-12 13:20:14.456035',100,NULL,NULL,NULL,NULL,NULL,2,NULL,NULL,61,176,NULL,NULL),(204,'completed','2026-05-12 13:19:39.831153','2026-05-12 13:20:14.469714',100,NULL,NULL,NULL,NULL,NULL,2,NULL,NULL,61,177,NULL,NULL),(205,'completed','2026-05-12 13:20:14.485486','2026-05-12 13:25:42.355080',100,'{\"chaos\": {\"completed\": true, \"questions_answered\": 5, \"shown_question_ids\": [16, 33, 40, 32, 51], \"current_question_id\": 51, \"current_question_text\": \"¿Qué es lo primero que haces cuando te levantas por la mañana?\"}, \"part1_completed\": true, \"general_knowledge\": {\"answers\": [{\"correct\": true, \"selected\": 1, \"question_id\": 10}, {\"correct\": true, \"selected\": 1, \"question_id\": 1}, {\"correct\": true, \"selected\": 1, \"question_id\": 26}, {\"correct\": false, \"selected\": 2, \"question_id\": 30}, {\"correct\": false, \"selected\": 1, \"question_id\": 4}], \"completed\": true, \"questions\": [1, 26, 30, 4, 10], \"correct_count\": 3, \"questions_data\": [{\"id\": 1, \"options\": [{\"text\": \"Londres\", \"label\": \"A\"}, {\"text\": \"París\", \"label\": \"B\"}, {\"text\": \"Madrid\", \"label\": \"C\"}, {\"text\": \"Roma\", \"label\": \"D\"}], \"option_a\": \"Londres\", \"option_b\": \"París\", \"option_c\": \"Madrid\", \"option_d\": \"Roma\", \"question\": \"¿Cuál es la capital de Francia?\", \"correct_answer\": 1}, {\"id\": 26, \"options\": [{\"text\": \"Back to Basics\", \"label\": \"A\"}, {\"text\": \"Business to Business (empresa a empresa)\", \"label\": \"B\"}, {\"text\": \"Brand to Brand\", \"label\": \"C\"}, {\"text\": \"Budget to Budget\", \"label\": \"D\"}], \"option_a\": \"Back to Basics\", \"option_b\": \"Business to Business (empresa a empresa)\", \"option_c\": \"Brand to Brand\", \"option_d\": \"Budget to Budget\", \"question\": \"¿Qué significa B2B en negocios?\", \"correct_answer\": 1}, {\"id\": 30, \"options\": [{\"text\": \"El fundador principal de la empresa\", \"label\": \"A\"}, {\"text\": \"Cambio estratégico en el modelo de negocio basado en aprendizaje\", \"label\": \"B\"}, {\"text\": \"Una ronda de inversión inicial\", \"label\": \"C\"}, {\"text\": \"El primer producto lanzado al mercado\", \"label\": \"D\"}], \"option_a\": \"El fundador principal de la empresa\", \"option_b\": \"Cambio estratégico en el modelo de negocio basado en aprendizaje\", \"option_c\": \"Una ronda de inversión inicial\", \"option_d\": \"El primer producto lanzado al mercado\", \"question\": \"¿Qué es el \\\"pivot\\\" en una startup?\", \"correct_answer\": 1}, {\"id\": 4, \"options\": [{\"text\": \"Picasso\", \"label\": \"A\"}, {\"text\": \"Van Gogh\", \"label\": \"B\"}, {\"text\": \"Leonardo da Vinci\", \"label\": \"C\"}, {\"text\": \"Miguel Ángel\", \"label\": \"D\"}], \"option_a\": \"Picasso\", \"option_b\": \"Van Gogh\", \"option_c\": \"Leonardo da Vinci\", \"option_d\": \"Miguel Ángel\", \"question\": \"¿Quién pintó la Mona Lisa?\", \"correct_answer\": 2}, {\"id\": 10, \"options\": [{\"text\": \"Gabriel García Márquez\", \"label\": \"A\"}, {\"text\": \"Miguel de Cervantes\", \"label\": \"B\"}, {\"text\": \"Pablo Neruda\", \"label\": \"C\"}, {\"text\": \"Mario Vargas Llosa\", \"label\": \"D\"}], \"option_a\": \"Gabriel García Márquez\", \"option_b\": \"Miguel de Cervantes\", \"option_c\": \"Pablo Neruda\", \"option_d\": \"Mario Vargas Llosa\", \"question\": \"¿Quién escribió \'Don Quijote de la Mancha\'?\", \"correct_answer\": 1}], \"total_questions\": 5}}',NULL,NULL,NULL,NULL,9,NULL,NULL,61,176,NULL,NULL),(206,'completed','2026-05-12 13:20:14.485486','2026-05-12 13:22:33.823097',100,'{\"answers\": [{\"word\": \"RESULTADO\", \"answer\": \"RESULTADO\"}, {\"word\": \"SERVICIO\", \"answer\": \"SERVICIO\"}, {\"word\": \"INNOVACION\", \"answer\": \"INNOVACION\"}], \"found_words\": [\"IDEA\", \"PITCH\", \"META\", \"LIDER\", \"EQUIPO\"], \"total_words\": 5, \"anagram_words\": [\"RESULTADO\", \"SERVICIO\", \"INNOVACION\", \"DIRECCION\", \"CREATIVIDAD\"], \"minigame_part\": \"anagram\", \"minigame_type\": \"anagrama\", \"tokens_earned\": 8, \"correct_answers\": 3, \"anagram_total_words\": 5, \"anagram_words_found\": 3, \"anagram_current_index\": 3, \"word_search_total_words\": 5, \"word_search_words_found\": 5}',NULL,NULL,NULL,NULL,9,NULL,NULL,61,177,NULL,NULL),(207,'completed','2026-05-12 13:26:29.902148','2026-05-12 13:28:57.783590',100,NULL,NULL,NULL,NULL,NULL,3,3,1,62,176,NULL,NULL),(208,'completed','2026-05-12 13:26:29.908559','2026-05-12 13:28:48.703537',100,NULL,NULL,NULL,NULL,NULL,3,2,1,62,177,NULL,NULL),(209,'completed','2026-05-12 13:29:04.378677','2026-05-12 13:33:02.299655',100,NULL,NULL,NULL,NULL,NULL,5,NULL,NULL,62,176,NULL,NULL),(210,'completed','2026-05-12 13:29:04.378677','2026-05-12 13:33:02.312327',100,NULL,NULL,NULL,NULL,NULL,5,NULL,NULL,62,177,NULL,NULL),(211,'completed','2026-05-12 13:33:42.187763','2026-05-12 13:36:13.712844',100,'{\"product_name\": \"dasdasd\", \"product_tagline\": \"dasdasdasd\"}','/media/prototypes/176_63_719a7273.jpg',NULL,NULL,NULL,6,NULL,NULL,63,176,NULL,NULL),(212,'completed','2026-05-12 13:33:42.194257','2026-05-12 13:36:23.894061',100,'{\"product_name\": \"dsadas\", \"product_tagline\": \"dasdasd\"}','/media/prototypes/177_63_d081f6ed.jpg',NULL,NULL,NULL,6,NULL,NULL,63,177,NULL,NULL),(213,'completed','2026-05-12 13:36:36.601255','2026-05-12 13:37:33.871927',100,NULL,NULL,'adasdasd','asdasdas','dasdasdasd',7,NULL,NULL,64,176,'dasdasd','dsadasda'),(214,'completed','2026-05-12 13:36:36.609885','2026-05-12 13:37:13.179754',100,NULL,NULL,'sdadsasd','asdasdasd','dasdasd',7,NULL,NULL,64,177,'dasdas','dasdasd'),(215,'completed','2026-05-12 13:37:42.456056','2026-05-12 13:38:31.760120',100,NULL,NULL,NULL,NULL,NULL,8,NULL,NULL,64,176,NULL,NULL),(216,'completed','2026-05-12 13:37:42.456056','2026-05-12 13:38:47.138965',100,NULL,NULL,NULL,NULL,NULL,8,NULL,NULL,64,177,NULL,NULL);
/*!40000 ALTER TABLE `team_activity_progress` ENABLE KEYS */;
UNLOCK TABLES;

--
-- Table structure for table `team_bubble_maps`
--

DROP TABLE IF EXISTS `team_bubble_maps`;
/*!40101 SET @saved_cs_client     = @@character_set_client */;
/*!50503 SET character_set_client = utf8mb4 */;
CREATE TABLE `team_bubble_maps` (
  `id` bigint NOT NULL AUTO_INCREMENT,
  `map_data` json NOT NULL,
  `created_at` datetime(6) NOT NULL,
  `updated_at` datetime(6) NOT NULL,
  `session_stage_id` bigint NOT NULL,
  `team_id` bigint NOT NULL,
  PRIMARY KEY (`id`),
  UNIQUE KEY `team_bubble_maps_team_id_session_stage_id_17b57cd0_uniq` (`team_id`,`session_stage_id`),
  KEY `team_bubble_team_id_9bb24e_idx` (`team_id`),
  KEY `team_bubble_session_86d871_idx` (`session_stage_id`),
  CONSTRAINT `team_bubble_maps_session_stage_id_49de9bcb_fk_session_stages_id` FOREIGN KEY (`session_stage_id`) REFERENCES `session_stages` (`id`),
  CONSTRAINT `team_bubble_maps_team_id_fbae9ea2_fk_teams_id` FOREIGN KEY (`team_id`) REFERENCES `teams` (`id`)
) ENGINE=InnoDB AUTO_INCREMENT=8 DEFAULT CHARSET=utf8mb4 COLLATE=utf8mb4_unicode_ci;
/*!40101 SET character_set_client = @saved_cs_client */;

--
-- Dumping data for table `team_bubble_maps`
--

LOCK TABLES `team_bubble_maps` WRITE;
/*!40000 ALTER TABLE `team_bubble_maps` DISABLE KEYS */;
INSERT INTO `team_bubble_maps` VALUES (1,'{\"nodes\": [{\"id\": \"perfil\", \"rgb\": \"192,38,211\", \"icon\": \"?\", \"angle\": -90, \"color\": \"#c026d3\", \"ideas\": [{\"x\": 1040, \"y\": 90.8, \"id\": \"idea-1778448387095-ckgznk1f23\", \"text\": \"dasdasd\"}, {\"x\": 1205.8008473619602, \"y\": 63.80245465157883, \"id\": \"idea-1778448388922-8bpvelj28sp\", \"text\": \"asdasd\"}, {\"x\": 1275.8516019801398, \"y\": 110.57542958186522, \"id\": \"idea-1778448390727-lqoymtbfpd\", \"text\": \"asdasdasda\"}, {\"x\": 928.2657776799864, \"y\": 76.77970924108246, \"id\": \"idea-1778448392107-2e2b240kphk\", \"text\": \"asdasd\"}], \"label\": \"Perfil\"}, {\"id\": \"entorno\", \"rgb\": \"59,130,246\", \"icon\": \"?\", \"angle\": -30, \"color\": \"#3b82f6\", \"ideas\": [], \"label\": \"Entorno\"}, {\"id\": \"emociones\", \"rgb\": \"249,115,22\", \"icon\": \"?\", \"angle\": 30, \"color\": \"#f97316\", \"ideas\": [], \"label\": \"Emociones\"}, {\"id\": \"necesidades\", \"rgb\": \"16,185,129\", \"icon\": \"?\", \"angle\": 90, \"color\": \"#10b981\", \"ideas\": [], \"label\": \"Necesidades\"}, {\"id\": \"limitaciones\", \"rgb\": \"239,68,68\", \"icon\": \"?\", \"angle\": 150, \"color\": \"#ef4444\", \"ideas\": [], \"label\": \"Limitaciones\"}, {\"id\": \"motivaciones\", \"rgb\": \"245,158,11\", \"icon\": \"⭐\", \"angle\": -150, \"color\": \"#f59e0b\", \"ideas\": [], \"label\": \"Motivaciones\"}], \"central\": {\"emoji\": \"?\", \"personName\": \"Martina\"}, \"version\": 2, \"customNodes\": [{\"id\": \"custom-1778448377436\", \"rgb\": \"129,140,248\", \"icon\": \"✦\", \"angle\": -60, \"color\": \"#818cf8\", \"ideas\": [], \"label\": \"sadasd\", \"isCustom\": true}]}','2026-05-10 21:26:18.511051','2026-05-10 21:27:21.697542',17,84),(2,'{\"nodes\": [{\"id\": \"perfil\", \"rgb\": \"192,38,211\", \"icon\": \"?\", \"angle\": -90, \"color\": \"#c026d3\", \"ideas\": [], \"label\": \"Perfil\"}, {\"id\": \"entorno\", \"rgb\": \"59,130,246\", \"icon\": \"?\", \"angle\": -30, \"color\": \"#3b82f6\", \"ideas\": [], \"label\": \"Entorno\"}, {\"id\": \"emociones\", \"rgb\": \"249,115,22\", \"icon\": \"?\", \"angle\": 30, \"color\": \"#f97316\", \"ideas\": [], \"label\": \"Emociones\"}, {\"id\": \"necesidades\", \"rgb\": \"16,185,129\", \"icon\": \"?\", \"angle\": 90, \"color\": \"#10b981\", \"ideas\": [], \"label\": \"Necesidades\"}, {\"id\": \"limitaciones\", \"rgb\": \"239,68,68\", \"icon\": \"?\", \"angle\": 150, \"color\": \"#ef4444\", \"ideas\": [], \"label\": \"Limitaciones\"}, {\"id\": \"motivaciones\", \"rgb\": \"245,158,11\", \"icon\": \"⭐\", \"angle\": -150, \"color\": \"#f59e0b\", \"ideas\": [], \"label\": \"Motivaciones\"}], \"central\": {\"emoji\": \"?\", \"personName\": \"Andrés\"}, \"version\": 2, \"customNodes\": []}','2026-05-10 21:27:51.358254','2026-05-10 21:27:51.358296',17,83),(3,'{\"nodes\": [{\"id\": \"perfil\", \"rgb\": \"192,38,211\", \"icon\": \"?\", \"angle\": -90, \"color\": \"#c026d3\", \"ideas\": [], \"label\": \"Perfil\"}, {\"id\": \"entorno\", \"rgb\": \"59,130,246\", \"icon\": \"?\", \"angle\": -30, \"color\": \"#3b82f6\", \"ideas\": [], \"label\": \"Entorno\"}, {\"id\": \"emociones\", \"rgb\": \"249,115,22\", \"icon\": \"?\", \"angle\": 30, \"color\": \"#f97316\", \"ideas\": [], \"label\": \"Emociones\"}, {\"id\": \"necesidades\", \"rgb\": \"16,185,129\", \"icon\": \"?\", \"angle\": 90, \"color\": \"#10b981\", \"ideas\": [], \"label\": \"Necesidades\"}, {\"id\": \"limitaciones\", \"rgb\": \"239,68,68\", \"icon\": \"?\", \"angle\": 150, \"color\": \"#ef4444\", \"ideas\": [], \"label\": \"Limitaciones\"}, {\"id\": \"motivaciones\", \"rgb\": \"245,158,11\", \"icon\": \"⭐\", \"angle\": -150, \"color\": \"#f59e0b\", \"ideas\": [], \"label\": \"Motivaciones\"}], \"central\": {\"emoji\": \"?\", \"personName\": \"Juana\"}, \"version\": 2, \"customNodes\": []}','2026-05-12 12:51:29.803474','2026-05-12 12:51:29.803502',55,171),(4,'{\"nodes\": [{\"id\": \"perfil\", \"rgb\": \"192,38,211\", \"icon\": \"?\", \"angle\": -90, \"color\": \"#c026d3\", \"ideas\": [], \"label\": \"Perfil\"}, {\"id\": \"entorno\", \"rgb\": \"59,130,246\", \"icon\": \"?\", \"angle\": -30, \"color\": \"#3b82f6\", \"ideas\": [], \"label\": \"Entorno\"}, {\"id\": \"emociones\", \"rgb\": \"249,115,22\", \"icon\": \"?\", \"angle\": 30, \"color\": \"#f97316\", \"ideas\": [], \"label\": \"Emociones\"}, {\"id\": \"necesidades\", \"rgb\": \"16,185,129\", \"icon\": \"?\", \"angle\": 90, \"color\": \"#10b981\", \"ideas\": [], \"label\": \"Necesidades\"}, {\"id\": \"limitaciones\", \"rgb\": \"239,68,68\", \"icon\": \"?\", \"angle\": 150, \"color\": \"#ef4444\", \"ideas\": [], \"label\": \"Limitaciones\"}, {\"id\": \"motivaciones\", \"rgb\": \"245,158,11\", \"icon\": \"⭐\", \"angle\": -150, \"color\": \"#f59e0b\", \"ideas\": [], \"label\": \"Motivaciones\"}], \"central\": {\"emoji\": \"?\", \"personName\": \"Martina\"}, \"version\": 2, \"customNodes\": []}','2026-05-12 12:51:51.954282','2026-05-12 12:51:51.954309',55,170),(5,'{\"nodes\": [{\"id\": \"perfil\", \"rgb\": \"192,38,211\", \"icon\": \"?\", \"angle\": -90, \"color\": \"#c026d3\", \"ideas\": [{\"x\": 851, \"y\": 53.80000000000001, \"id\": \"idea-1778590599407-yy23vzue49h\", \"text\": \"dsadasd\"}, {\"x\": 927.1038258775852, \"y\": 89.12568158028976, \"id\": \"idea-1778590601423-wvjjw3ue8sb\", \"text\": \"dasdasd\"}], \"label\": \"Perfil\"}, {\"id\": \"entorno\", \"rgb\": \"59,130,246\", \"icon\": \"?\", \"angle\": -30, \"color\": \"#3b82f6\", \"ideas\": [], \"label\": \"Entorno\"}, {\"id\": \"emociones\", \"rgb\": \"249,115,22\", \"icon\": \"?\", \"angle\": 30, \"color\": \"#f97316\", \"ideas\": [], \"label\": \"Emociones\"}, {\"id\": \"necesidades\", \"rgb\": \"16,185,129\", \"icon\": \"?\", \"angle\": 90, \"color\": \"#10b981\", \"ideas\": [], \"label\": \"Necesidades\"}, {\"id\": \"limitaciones\", \"rgb\": \"239,68,68\", \"icon\": \"?\", \"angle\": 150, \"color\": \"#ef4444\", \"ideas\": [], \"label\": \"Limitaciones\"}, {\"id\": \"motivaciones\", \"rgb\": \"245,158,11\", \"icon\": \"⭐\", \"angle\": -150, \"color\": \"#f59e0b\", \"ideas\": [], \"label\": \"Motivaciones\"}], \"central\": {\"emoji\": \"?\", \"personName\": \"Simona\"}, \"version\": 2, \"customNodes\": []}','2026-05-12 12:56:40.469764','2026-05-12 12:56:44.350230',58,173),(6,'{\"nodes\": [{\"id\": \"perfil\", \"rgb\": \"192,38,211\", \"icon\": \"?\", \"angle\": -90, \"color\": \"#c026d3\", \"ideas\": [], \"label\": \"Perfil\"}, {\"id\": \"entorno\", \"rgb\": \"59,130,246\", \"icon\": \"?\", \"angle\": -30, \"color\": \"#3b82f6\", \"ideas\": [], \"label\": \"Entorno\"}, {\"id\": \"emociones\", \"rgb\": \"249,115,22\", \"icon\": \"?\", \"angle\": 30, \"color\": \"#f97316\", \"ideas\": [], \"label\": \"Emociones\"}, {\"id\": \"necesidades\", \"rgb\": \"16,185,129\", \"icon\": \"?\", \"angle\": 90, \"color\": \"#10b981\", \"ideas\": [], \"label\": \"Necesidades\"}, {\"id\": \"limitaciones\", \"rgb\": \"239,68,68\", \"icon\": \"?\", \"angle\": 150, \"color\": \"#ef4444\", \"ideas\": [], \"label\": \"Limitaciones\"}, {\"id\": \"motivaciones\", \"rgb\": \"245,158,11\", \"icon\": \"⭐\", \"angle\": -150, \"color\": \"#f59e0b\", \"ideas\": [], \"label\": \"Motivaciones\"}], \"central\": {\"emoji\": \"?\", \"personName\": \"Martina\"}, \"version\": 2, \"customNodes\": []}','2026-05-12 13:06:17.166604','2026-05-12 13:06:17.166632',58,174),(7,'{\"nodes\": [{\"id\": \"perfil\", \"rgb\": \"192,38,211\", \"icon\": \"?\", \"angle\": -90, \"color\": \"#c026d3\", \"ideas\": [{\"x\": 764, \"y\": 95.4, \"id\": \"idea-1778592720425-rnfejy4vbs\", \"text\": \"sdasdas\"}, {\"x\": 913.4674733385228, \"y\": 62.1802332770671, \"id\": \"idea-1778592721931-6syk1lbo4ti\", \"text\": \"dasdasd\"}], \"label\": \"Perfil\"}, {\"id\": \"entorno\", \"rgb\": \"59,130,246\", \"icon\": \"?\", \"angle\": -30, \"color\": \"#3b82f6\", \"ideas\": [], \"label\": \"Entorno\"}, {\"id\": \"emociones\", \"rgb\": \"249,115,22\", \"icon\": \"?\", \"angle\": 30, \"color\": \"#f97316\", \"ideas\": [], \"label\": \"Emociones\"}, {\"id\": \"necesidades\", \"rgb\": \"16,185,129\", \"icon\": \"?\", \"angle\": 90, \"color\": \"#10b981\", \"ideas\": [{\"x\": 785, \"y\": 753.6, \"id\": \"idea-1778592738949-num156qxsjj\", \"text\": \"zx<x<zx<\"}], \"label\": \"Necesidades\"}, {\"id\": \"limitaciones\", \"rgb\": \"239,68,68\", \"icon\": \"?\", \"angle\": 150, \"color\": \"#ef4444\", \"ideas\": [], \"label\": \"Limitaciones\"}, {\"id\": \"motivaciones\", \"rgb\": \"245,158,11\", \"icon\": \"⭐\", \"angle\": -150, \"color\": \"#f59e0b\", \"ideas\": [{\"x\": 628.0413664142535, \"y\": 248.2000000000001, \"id\": \"idea-1778592735463-0icp0fjpnwqq\", \"text\": \"xz<x<zx\"}], \"label\": \"Motivaciones\"}], \"central\": {\"emoji\": \"?\", \"personName\": \"Simona\"}, \"version\": 2, \"customNodes\": []}','2026-05-12 13:32:01.488585','2026-05-12 13:32:22.061975',62,177);
/*!40000 ALTER TABLE `team_bubble_maps` ENABLE KEYS */;
UNLOCK TABLES;

--
-- Table structure for table `team_personalization`
--

DROP TABLE IF EXISTS `team_personalization`;
/*!40101 SET @saved_cs_client     = @@character_set_client */;
/*!50503 SET character_set_client = utf8mb4 */;
CREATE TABLE `team_personalization` (
  `team_id` bigint NOT NULL,
  `team_name` varchar(100) CHARACTER SET utf8mb4 COLLATE utf8mb4_unicode_ci DEFAULT NULL,
  `team_members_know_each_other` tinyint(1) DEFAULT NULL,
  `created_at` datetime(6) NOT NULL,
  `updated_at` datetime(6) NOT NULL,
  PRIMARY KEY (`team_id`),
  CONSTRAINT `team_personalization_team_id_711bccdd_fk_teams_id` FOREIGN KEY (`team_id`) REFERENCES `teams` (`id`)
) ENGINE=InnoDB DEFAULT CHARSET=utf8mb4 COLLATE=utf8mb4_unicode_ci;
/*!40101 SET character_set_client = @saved_cs_client */;

--
-- Dumping data for table `team_personalization`
--

LOCK TABLES `team_personalization` WRITE;
/*!40000 ALTER TABLE `team_personalization` DISABLE KEYS */;
INSERT INTO `team_personalization` VALUES (62,'sadas',0,'2026-04-14 23:27:05.023634','2026-04-14 23:27:05.023655'),(63,'xd',0,'2026-04-14 23:26:57.056692','2026-04-14 23:26:57.056740'),(65,'Estrellita',0,'2026-04-16 01:17:35.401915','2026-04-16 01:17:35.401958'),(66,'increible',0,'2026-04-16 01:17:37.713378','2026-04-16 01:17:37.713430'),(80,'dasdasd',1,'2026-05-10 21:17:23.405289','2026-05-10 21:17:23.405321'),(81,'jsakjdiokajsdia',0,'2026-05-10 21:16:36.021772','2026-05-10 21:16:36.021805'),(83,'team 1',1,'2026-05-10 21:21:37.176928','2026-05-10 21:21:37.176962'),(84,'Team 2',0,'2026-05-10 21:21:46.627426','2026-05-10 21:21:46.627456'),(89,'dsadas',0,'2026-05-11 16:49:42.788196','2026-05-11 16:49:42.788234'),(90,'dasdasdasdasd',1,'2026-05-11 16:49:32.845822','2026-05-11 16:49:32.845865'),(95,'dasdasdasd',1,'2026-05-11 19:33:05.751845','2026-05-11 19:33:05.751890'),(96,'dasdasd',0,'2026-05-11 19:33:14.916035','2026-05-11 19:33:14.916109'),(98,'dsada',0,'2026-05-11 19:35:57.084552','2026-05-11 19:35:57.084590'),(99,'dsadasd',1,'2026-05-11 19:36:06.735362','2026-05-11 19:36:06.735406'),(101,'dasdasd',1,'2026-05-11 20:18:48.368889','2026-05-11 20:18:48.368984'),(102,'dasdad',0,'2026-05-11 20:18:55.945193','2026-05-11 20:18:55.945229'),(107,'asda',0,'2026-05-11 20:52:29.999973','2026-05-11 20:52:30.000063'),(108,'asdasdasd',1,'2026-05-11 20:52:25.092739','2026-05-11 20:52:25.092821'),(110,'Equipo 1',1,'2026-05-11 23:25:18.135096','2026-05-11 23:25:18.135140'),(111,'Equipo 2',0,'2026-05-11 23:25:25.707990','2026-05-11 23:25:25.708064'),(113,'Equipo 1',0,'2026-05-12 00:00:13.795664','2026-05-12 00:00:13.795692'),(114,'Equipo 2',1,'2026-05-12 00:00:07.309099','2026-05-12 00:00:07.309131'),(116,'Equipo 1',1,'2026-05-12 00:20:16.394131','2026-05-12 00:20:16.394165'),(117,'Equipo 2',0,'2026-05-12 00:20:27.811105','2026-05-12 00:20:27.811141'),(119,'Equipo 2',0,'2026-05-12 00:22:46.492831','2026-05-12 00:22:46.492860'),(120,'Equipo 1',1,'2026-05-12 00:22:41.053082','2026-05-12 00:22:41.053111'),(125,'Equipo  2',0,'2026-05-12 00:33:33.036746','2026-05-12 00:33:33.036779'),(126,'Equipo 1',1,'2026-05-12 00:33:04.404803','2026-05-12 00:33:04.404828'),(149,'Equipo 1',1,'2026-05-12 11:35:40.492851','2026-05-12 11:35:40.492887'),(150,'Equipo 2',0,'2026-05-12 11:35:45.090350','2026-05-12 11:35:45.090381'),(155,'Equipo 2',0,'2026-05-12 11:55:01.840401','2026-05-12 11:55:01.840427'),(156,'Equipo 2',1,'2026-05-12 11:54:45.150922','2026-05-12 11:54:45.150958'),(173,'asd',1,'2026-05-12 12:53:16.437427','2026-05-12 12:53:16.437454'),(174,'dasd',0,'2026-05-12 12:53:20.846896','2026-05-12 12:53:20.846927'),(176,'Equipo 2',0,'2026-05-12 13:20:02.088164','2026-05-12 13:20:02.088205'),(177,'Equipo 1',1,'2026-05-12 13:20:05.669029','2026-05-12 13:20:05.669054');
/*!40000 ALTER TABLE `team_personalization` ENABLE KEYS */;
UNLOCK TABLES;

--
-- Table structure for table `team_roulette_assignments`
--

DROP TABLE IF EXISTS `team_roulette_assignments`;
/*!40101 SET @saved_cs_client     = @@character_set_client */;
/*!50503 SET character_set_client = utf8mb4 */;
CREATE TABLE `team_roulette_assignments` (
  `id` bigint NOT NULL AUTO_INCREMENT,
  `status` varchar(20) CHARACTER SET utf8mb4 COLLATE utf8mb4_unicode_ci NOT NULL,
  `token_reward` int NOT NULL,
  `assigned_at` datetime(6) NOT NULL,
  `accepted_at` datetime(6) DEFAULT NULL,
  `rejected_at` datetime(6) DEFAULT NULL,
  `completed_at` datetime(6) DEFAULT NULL,
  `roulette_challenge_id` bigint NOT NULL,
  `session_stage_id` bigint NOT NULL,
  `team_id` bigint NOT NULL,
  `validated_by_id` bigint DEFAULT NULL,
  PRIMARY KEY (`id`),
  KEY `team_roulet_team_id_af552c_idx` (`team_id`),
  KEY `team_roulet_roulett_8c9155_idx` (`roulette_challenge_id`),
  KEY `team_roulet_status_d5a38d_idx` (`status`),
  KEY `team_roulette_assign_session_stage_id_c5a1861e_fk_session_s` (`session_stage_id`),
  KEY `team_roulette_assign_validated_by_id_8dad8bd1_fk_professor` (`validated_by_id`),
  CONSTRAINT `team_roulette_assign_roulette_challenge_i_1483d73e_fk_roulette_` FOREIGN KEY (`roulette_challenge_id`) REFERENCES `roulette_challenges` (`id`),
  CONSTRAINT `team_roulette_assign_session_stage_id_c5a1861e_fk_session_s` FOREIGN KEY (`session_stage_id`) REFERENCES `session_stages` (`id`),
  CONSTRAINT `team_roulette_assign_validated_by_id_8dad8bd1_fk_professor` FOREIGN KEY (`validated_by_id`) REFERENCES `professors` (`id`),
  CONSTRAINT `team_roulette_assignments_team_id_6bae2cdf_fk_teams_id` FOREIGN KEY (`team_id`) REFERENCES `teams` (`id`)
) ENGINE=InnoDB DEFAULT CHARSET=utf8mb4 COLLATE=utf8mb4_unicode_ci;
/*!40101 SET character_set_client = @saved_cs_client */;

--
-- Dumping data for table `team_roulette_assignments`
--

LOCK TABLES `team_roulette_assignments` WRITE;
/*!40000 ALTER TABLE `team_roulette_assignments` DISABLE KEYS */;
/*!40000 ALTER TABLE `team_roulette_assignments` ENABLE KEYS */;
UNLOCK TABLES;

--
-- Table structure for table `team_students`
--

DROP TABLE IF EXISTS `team_students`;
/*!40101 SET @saved_cs_client     = @@character_set_client */;
/*!50503 SET character_set_client = utf8mb4 */;
CREATE TABLE `team_students` (
  `id` bigint NOT NULL AUTO_INCREMENT,
  `student_id` bigint NOT NULL,
  `team_id` bigint NOT NULL,
  PRIMARY KEY (`id`),
  UNIQUE KEY `team_students_team_id_student_id_1fd980a1_uniq` (`team_id`,`student_id`),
  KEY `team_studen_student_28cbe0_idx` (`student_id`),
  CONSTRAINT `team_students_student_id_c1a42457_fk_students_id` FOREIGN KEY (`student_id`) REFERENCES `students` (`id`),
  CONSTRAINT `team_students_team_id_b4fd8642_fk_teams_id` FOREIGN KEY (`team_id`) REFERENCES `teams` (`id`)
) ENGINE=InnoDB AUTO_INCREMENT=2786 DEFAULT CHARSET=utf8mb4 COLLATE=utf8mb4_unicode_ci;
/*!40101 SET character_set_client = @saved_cs_client */;

--
-- Dumping data for table `team_students`
--

LOCK TABLES `team_students` WRITE;
/*!40000 ALTER TABLE `team_students` DISABLE KEYS */;
INSERT INTO `team_students` VALUES (4,4,1),(3,8,1),(6,10,1),(2,14,1),(1,15,1),(5,17,1),(10,1,2),(9,2,2),(8,3,2),(7,7,2),(11,9,2),(12,16,2),(15,5,3),(13,6,3),(16,11,3),(17,12,3),(14,13,3),(121,4,4),(109,8,4),(110,10,4),(113,11,4),(114,12,4),(111,14,4),(119,5,5),(115,6,5),(118,9,5),(116,16,5),(117,17,5),(105,1,6),(107,2,6),(108,3,6),(120,7,6),(103,13,6),(106,15,6),(124,31,7),(127,36,7),(122,42,7),(129,44,7),(126,45,7),(125,47,7),(123,48,7),(128,49,7),(134,19,8),(131,22,8),(136,23,8),(135,34,8),(130,35,8),(132,43,8),(133,51,8),(138,21,9),(140,29,9),(142,32,9),(137,33,9),(143,37,9),(139,38,9),(141,40,9),(148,24,10),(147,27,10),(149,30,10),(146,39,10),(150,46,10),(145,50,10),(144,53,10),(157,18,11),(152,20,11),(156,25,11),(151,26,11),(153,28,11),(155,41,11),(154,52,11),(160,20,12),(162,22,12),(158,24,12),(159,28,12),(164,31,12),(161,37,12),(165,43,12),(163,49,12),(172,18,13),(169,19,13),(167,29,13),(171,30,13),(168,35,13),(166,50,13),(170,51,13),(179,21,14),(177,25,14),(173,33,14),(176,39,14),(178,41,14),(174,45,14),(175,47,14),(185,26,15),(186,40,15),(180,44,15),(183,46,15),(182,48,15),(184,52,15),(181,53,15),(193,23,16),(192,27,16),(191,32,16),(190,34,16),(189,36,16),(188,38,16),(187,42,16),(196,1,17),(198,2,17),(195,3,17),(199,5,17),(197,13,17),(194,16,17),(203,4,18),(200,8,18),(205,9,18),(204,10,18),(202,12,18),(201,14,18),(208,6,19),(209,7,19),(207,11,19),(206,15,19),(210,17,19),(228,1,21),(234,3,21),(231,4,21),(235,8,21),(232,9,21),(229,11,21),(236,12,21),(230,14,21),(233,17,21),(242,2,22),(237,5,22),(240,6,22),(243,7,22),(244,10,22),(238,13,22),(241,15,22),(239,16,22),(282,1,24),(279,3,24),(285,4,24),(280,8,24),(283,9,24),(286,10,24),(281,13,24),(287,14,24),(284,17,24),(293,2,25),(288,5,25),(291,6,25),(294,7,25),(295,11,25),(289,12,25),(290,15,25),(292,16,25),(330,1,27),(333,3,27),(336,4,27),(337,7,27),(334,8,27),(331,12,27),(332,14,27),(335,15,27),(338,16,27),(344,2,28),(342,5,28),(345,6,28),(339,9,28),(343,10,28),(346,11,28),(340,13,28),(341,17,28),(381,1,30),(387,3,30),(384,5,30),(382,7,30),(388,9,30),(385,12,30),(389,13,30),(383,14,30),(386,16,30),(395,2,31),(390,4,31),(396,6,31),(391,8,31),(397,10,31),(393,11,31),(394,15,31),(392,17,31),(432,1,33),(435,3,33),(438,4,33),(433,6,33),(436,9,33),(439,11,33),(440,14,33),(437,15,33),(434,16,33),(446,2,34),(441,5,34),(442,7,34),(444,8,34),(447,10,34),(448,12,34),(445,13,34),(443,17,34),(486,1,36),(489,3,36),(483,5,36),(490,6,36),(487,8,36),(484,10,36),(491,14,36),(488,15,36),(485,16,36),(497,2,37),(498,4,37),(495,7,37),(492,9,37),(499,11,37),(493,12,37),(496,13,37),(494,17,37),(551,1,39),(554,2,39),(555,5,39),(552,7,39),(557,8,39),(558,12,39),(553,14,39),(559,15,39),(556,16,39),(565,3,40),(563,4,40),(560,6,40),(561,9,40),(564,10,40),(566,11,40),(567,13,40),(562,17,40),(605,2,42),(602,3,42),(603,6,42),(608,8,42),(606,10,42),(609,11,42),(604,14,42),(607,15,42),(610,16,42),(616,1,43),(611,4,43),(614,5,43),(612,7,43),(617,9,43),(618,12,43),(615,13,43),(613,17,43),(656,1,45),(653,3,45),(659,5,45),(654,7,45),(657,9,45),(660,11,45),(661,13,45),(655,15,45),(658,16,45),(667,2,46),(665,4,46),(662,6,46),(668,8,46),(666,10,46),(669,12,46),(663,14,46),(664,17,46),(704,1,48),(705,3,48),(707,4,48),(710,6,48),(708,9,48),(711,11,48),(706,14,48),(712,16,48),(709,17,48),(713,2,49),(718,5,49),(714,7,49),(716,8,49),(719,10,49),(717,12,49),(720,13,49),(715,15,49),(758,2,51),(761,3,51),(755,5,51),(759,8,51),(762,9,51),(756,11,51),(763,13,51),(760,14,51),(757,16,51),(769,1,52),(770,4,52),(764,6,52),(767,7,52),(771,10,52),(768,12,52),(765,15,52),(766,17,52),(809,2,54),(806,3,54),(812,5,54),(810,7,54),(813,10,54),(811,11,54),(807,12,54),(808,15,54),(814,16,54),(820,1,55),(818,4,55),(815,6,55),(821,8,55),(819,9,55),(822,13,55),(816,14,55),(817,17,55),(930,18,57),(913,21,57),(914,22,57),(925,23,57),(926,24,57),(923,26,57),(915,28,57),(924,29,57),(916,30,57),(921,31,57),(920,33,57),(922,35,57),(928,36,57),(929,39,57),(919,40,57),(917,43,57),(927,46,57),(918,51,57),(902,19,59),(895,20,59),(896,25,59),(909,27,59),(912,32,59),(897,34,59),(905,37,59),(900,38,59),(910,41,59),(898,42,59),(903,44,59),(906,45,59),(908,47,59),(899,48,59),(904,49,59),(911,50,59),(907,52,59),(901,53,59),(968,1,62),(965,2,62),(969,6,62),(971,7,62),(966,10,62),(972,12,62),(967,14,62),(970,15,62),(973,17,62),(979,3,63),(974,4,63),(977,5,63),(980,8,63),(978,9,63),(975,11,63),(981,13,63),(976,16,63),(1016,1,65),(1019,4,65),(1022,5,65),(1020,8,65),(1023,9,65),(1024,11,65),(1017,12,65),(1018,14,65),(1021,17,65),(1030,2,66),(1025,3,66),(1028,6,66),(1031,7,66),(1032,10,66),(1026,13,66),(1029,15,66),(1027,16,66),(1070,1,68),(1071,4,68),(1073,5,68),(1067,6,68),(1074,9,68),(1068,10,68),(1069,13,68),(1072,16,68),(1075,17,68),(1079,2,69),(1081,3,69),(1082,7,69),(1076,8,69),(1077,11,69),(1080,12,69),(1083,14,69),(1078,15,69),(1114,3,70),(1115,6,70),(1116,8,70),(1117,12,70),(1118,13,70),(1119,17,70),(1103,1,71),(1104,2,71),(1105,4,71),(1106,5,71),(1107,14,71),(1108,16,71),(1113,7,72),(1109,9,72),(1110,10,72),(1111,11,72),(1112,15,72),(1122,2,73),(1121,6,73),(1120,8,73),(1125,11,73),(1123,12,73),(1124,14,73),(1129,5,74),(1127,7,74),(1128,9,74),(1126,10,74),(1130,13,74),(1131,16,74),(1135,1,75),(1134,3,75),(1133,4,75),(1136,15,75),(1132,17,75),(1171,1,77),(1177,4,77),(1172,6,77),(1178,7,77),(1174,8,77),(1173,12,77),(1175,13,77),(1179,15,77),(1176,17,77),(1180,2,78),(1185,3,78),(1186,5,78),(1187,9,78),(1181,10,78),(1183,11,78),(1184,14,78),(1182,16,78),(1225,1,80),(1222,3,80),(1228,5,80),(1223,6,80),(1226,8,80),(1229,11,80),(1224,14,80),(1230,15,80),(1227,17,80),(1236,2,81),(1231,4,81),(1234,7,81),(1237,9,81),(1232,10,81),(1238,12,81),(1235,13,81),(1233,16,81),(1310,1,83),(1307,2,83),(1313,5,83),(1311,8,83),(1308,9,83),(1314,11,83),(1309,12,83),(1312,15,83),(1315,16,83),(1321,3,84),(1316,4,84),(1322,6,84),(1319,7,84),(1317,10,84),(1320,13,84),(1323,14,84),(1318,17,84),(1324,1,85),(1326,5,85),(1329,6,85),(1325,9,85),(1327,11,85),(1328,12,85),(1331,4,86),(1332,7,86),(1335,13,86),(1333,14,86),(1334,15,86),(1330,16,86),(1338,2,87),(1339,3,87),(1340,8,87),(1336,10,87),(1337,17,87),(1375,2,89),(1381,3,89),(1378,5,89),(1382,7,89),(1376,10,89),(1379,11,89),(1377,13,89),(1380,16,89),(1383,17,89),(1389,1,90),(1390,4,90),(1387,6,90),(1384,8,90),(1391,9,90),(1385,12,90),(1388,14,90),(1386,15,90),(1409,2,92),(1412,3,92),(1415,4,92),(1413,6,92),(1414,8,92),(1416,11,92),(1410,12,92),(1411,15,92),(1417,16,92),(1423,1,93),(1421,5,93),(1422,7,93),(1424,9,93),(1418,10,93),(1425,13,93),(1419,14,93),(1420,17,93),(1466,2,95),(1460,4,95),(1463,6,95),(1461,7,95),(1467,8,95),(1464,12,95),(1465,14,95),(1462,15,95),(1468,16,95),(1474,1,96),(1475,3,96),(1469,5,96),(1472,9,96),(1470,10,96),(1476,11,96),(1473,13,96),(1471,17,96),(1514,1,98),(1511,2,98),(1517,4,98),(1515,7,98),(1512,9,98),(1518,11,98),(1513,13,98),(1516,15,98),(1519,16,98),(1525,3,99),(1520,5,99),(1523,6,99),(1526,8,99),(1521,10,99),(1524,12,99),(1527,14,99),(1522,17,99),(1562,2,101),(1563,4,101),(1568,5,101),(1564,7,101),(1565,9,101),(1566,11,101),(1569,14,101),(1567,15,101),(1570,17,101),(1576,1,102),(1571,3,102),(1572,6,102),(1577,8,102),(1574,10,102),(1575,12,102),(1573,13,102),(1578,16,102),(1613,1,104),(1616,2,104),(1617,5,104),(1619,7,104),(1614,8,104),(1620,10,104),(1615,13,104),(1621,16,104),(1618,17,104),(1627,3,105),(1625,4,105),(1622,6,105),(1628,9,105),(1629,11,105),(1623,12,105),(1624,14,105),(1626,15,105),(1667,1,107),(1664,3,107),(1665,6,107),(1670,7,107),(1668,9,107),(1671,10,107),(1666,14,107),(1672,16,107),(1669,17,107),(1676,2,108),(1678,4,108),(1673,5,108),(1679,8,108),(1680,11,108),(1677,12,108),(1674,13,108),(1675,15,108),(1718,2,110),(1721,4,110),(1722,6,110),(1715,7,110),(1719,8,110),(1723,11,110),(1720,13,110),(1716,14,110),(1717,16,110),(1729,1,111),(1727,3,111),(1730,5,111),(1731,9,111),(1728,10,111),(1724,12,111),(1725,15,111),(1726,17,111),(1766,1,113),(1769,3,113),(1770,5,113),(1767,7,113),(1772,9,113),(1771,11,113),(1768,13,113),(1773,15,113),(1774,17,113),(1775,2,114),(1778,4,114),(1779,6,114),(1780,8,114),(1776,10,114),(1781,12,114),(1777,14,114),(1782,16,114),(1823,2,116),(1820,3,116),(1817,5,116),(1821,8,116),(1818,9,116),(1819,12,116),(1824,13,116),(1822,15,116),(1825,16,116),(1831,1,117),(1832,4,117),(1826,6,117),(1829,7,117),(1830,10,117),(1827,11,117),(1833,14,117),(1828,17,117),(1888,1,119),(1885,2,119),(1886,4,119),(1889,7,119),(1891,9,119),(1892,11,119),(1887,13,119),(1893,14,119),(1890,17,119),(1894,3,120),(1897,5,120),(1899,6,120),(1895,8,120),(1900,10,120),(1901,12,120),(1898,15,120),(1896,16,120),(1959,2,122),(1956,3,122),(1953,4,122),(1960,6,122),(1954,9,122),(1957,12,122),(1961,13,122),(1955,14,122),(1958,17,122),(1967,1,123),(1968,5,123),(1969,7,123),(1962,8,123),(1963,10,123),(1965,11,123),(1964,15,123),(1966,16,123),(2007,2,125),(2010,3,125),(2004,5,125),(2008,7,125),(2005,10,125),(2009,11,125),(2011,12,125),(2006,14,125),(2012,17,125),(2018,1,126),(2016,4,126),(2019,6,126),(2013,8,126),(2017,9,126),(2014,13,126),(2020,15,126),(2015,16,126),(2024,1,127),(2021,3,127),(2026,6,127),(2022,9,127),(2025,10,127),(2023,16,127),(2031,2,128),(2030,4,128),(2028,7,128),(2032,8,128),(2027,12,128),(2029,14,128),(2035,5,129),(2037,11,129),(2033,13,129),(2036,15,129),(2034,17,129),(2055,2,131),(2061,3,131),(2058,4,131),(2059,6,131),(2062,9,131),(2056,11,131),(2060,14,131),(2057,15,131),(2063,16,131),(2069,1,132),(2067,5,132),(2070,7,132),(2068,8,132),(2064,10,132),(2071,12,132),(2065,13,132),(2066,17,132),(2075,1,133),(2077,8,133),(2073,10,133),(2076,13,133),(2074,14,133),(2072,16,133),(2080,3,134),(2081,4,134),(2083,5,134),(2078,9,134),(2082,11,134),(2079,12,134),(2084,2,135),(2088,6,135),(2087,7,135),(2086,15,135),(2085,17,135),(2109,2,137),(2112,3,137),(2110,5,137),(2113,7,137),(2106,8,137),(2111,10,137),(2107,12,137),(2108,14,137),(2114,16,137),(2120,1,138),(2118,4,138),(2121,6,138),(2119,9,138),(2115,11,138),(2116,13,138),(2122,15,138),(2117,17,138),(2127,7,139),(2124,8,139),(2128,14,139),(2126,15,139),(2125,16,139),(2123,17,139),(2130,1,140),(2132,3,140),(2131,4,140),(2134,6,140),(2133,9,140),(2129,12,140),(2137,2,141),(2136,5,141),(2138,10,141),(2135,11,141),(2139,13,141),(2157,1,143),(2158,4,143),(2163,6,143),(2159,7,143),(2160,10,143),(2164,11,143),(2161,14,143),(2165,16,143),(2162,17,143),(2171,2,144),(2166,3,144),(2167,5,144),(2172,8,144),(2168,9,144),(2169,12,144),(2173,13,144),(2170,15,144),(2214,2,146),(2208,3,146),(2215,5,146),(2211,6,146),(2209,10,146),(2212,11,146),(2216,12,146),(2213,15,146),(2210,16,146),(2222,1,147),(2223,4,147),(2217,7,147),(2220,8,147),(2224,9,147),(2218,13,147),(2221,14,147),(2219,17,147),(2259,1,149),(2262,3,149),(2265,4,149),(2260,7,149),(2266,9,149),(2263,10,149),(2267,12,149),(2261,14,149),(2264,17,149),(2273,2,150),(2268,5,150),(2271,6,150),(2274,8,150),(2275,11,150),(2269,13,150),(2272,15,150),(2270,16,150),(2310,2,152),(2316,3,152),(2311,5,152),(2313,8,152),(2312,9,152),(2314,12,152),(2317,13,152),(2318,15,152),(2315,17,152),(2324,1,153),(2319,4,153),(2320,6,153),(2325,7,153),(2321,10,153),(2322,11,153),(2326,14,153),(2323,16,153),(2384,2,155),(2378,3,155),(2381,4,155),(2382,8,155),(2379,9,155),(2385,10,155),(2386,13,155),(2383,15,155),(2380,16,155),(2392,1,156),(2387,5,156),(2393,6,156),(2390,7,156),(2388,11,156),(2394,12,156),(2391,14,156),(2389,17,156),(2429,2,158),(2435,3,158),(2430,6,158),(2432,8,158),(2436,10,158),(2433,12,158),(2434,14,158),(2431,15,158),(2437,16,158),(2443,1,159),(2438,4,159),(2444,5,159),(2439,7,159),(2441,9,159),(2445,11,159),(2442,13,159),(2440,17,159),(2483,2,161),(2480,3,161),(2481,6,161),(2482,8,161),(2486,9,161),(2484,11,161),(2487,12,161),(2485,16,161),(2488,17,161),(2494,1,162),(2492,4,162),(2489,5,162),(2490,7,162),(2495,10,162),(2493,13,162),(2491,14,162),(2496,15,162),(2551,1,164),(2554,4,164),(2552,6,164),(2548,7,164),(2555,9,164),(2549,10,164),(2553,13,164),(2550,15,164),(2556,16,164),(2560,2,165),(2562,3,165),(2563,5,165),(2557,8,165),(2564,11,165),(2561,12,165),(2558,14,165),(2559,17,165),(2602,2,167),(2599,3,167),(2605,6,167),(2603,7,167),(2600,9,167),(2604,11,167),(2606,12,167),(2601,15,167),(2607,17,167),(2613,1,168),(2611,4,168),(2608,5,168),(2612,8,168),(2614,10,168),(2615,13,168),(2609,14,168),(2610,16,168),(2667,2,170),(2673,3,170),(2670,5,170),(2674,7,170),(2671,9,170),(2668,10,170),(2672,14,170),(2669,15,170),(2675,16,170),(2681,1,171),(2682,4,171),(2676,6,171),(2679,8,171),(2680,11,171),(2683,12,171),(2677,13,171),(2678,17,171),(2721,1,173),(2718,2,173),(2724,6,173),(2719,7,173),(2720,10,173),(2725,11,173),(2722,12,173),(2723,16,173),(2726,17,173),(2732,3,174),(2727,4,174),(2730,5,174),(2728,8,174),(2733,9,174),(2731,13,174),(2734,14,174),(2729,15,174),(2769,1,176),(2770,4,176),(2771,6,176),(2772,7,176),(2773,10,176),(2774,11,176),(2775,13,176),(2776,14,176),(2777,16,176),(2778,2,177),(2779,3,177),(2780,5,177),(2781,8,177),(2782,9,177),(2783,12,177),(2784,15,177),(2785,17,177);
/*!40000 ALTER TABLE `team_students` ENABLE KEYS */;
UNLOCK TABLES;

--
-- Table structure for table `teams`
--

DROP TABLE IF EXISTS `teams`;
/*!40101 SET @saved_cs_client     = @@character_set_client */;
/*!50503 SET character_set_client = utf8mb4 */;
CREATE TABLE `teams` (
  `id` bigint NOT NULL AUTO_INCREMENT,
  `name` varchar(100) CHARACTER SET utf8mb4 COLLATE utf8mb4_unicode_ci NOT NULL,
  `color` varchar(50) CHARACTER SET utf8mb4 COLLATE utf8mb4_unicode_ci NOT NULL,
  `tokens_total` int NOT NULL,
  `created_at` datetime(6) NOT NULL,
  `updated_at` datetime(6) NOT NULL,
  `game_session_id` bigint NOT NULL,
  PRIMARY KEY (`id`),
  UNIQUE KEY `teams_game_session_id_name_c9e89b99_uniq` (`game_session_id`,`name`),
  KEY `teams_game_se_7d8aab_idx` (`game_session_id`),
  KEY `teams_color_56beec_idx` (`color`),
  CONSTRAINT `teams_game_session_id_d946ac99_fk_game_sessions_id` FOREIGN KEY (`game_session_id`) REFERENCES `game_sessions` (`id`)
) ENGINE=InnoDB AUTO_INCREMENT=178 DEFAULT CHARSET=utf8mb4 COLLATE=utf8mb4_unicode_ci;
/*!40101 SET character_set_client = @saved_cs_client */;

--
-- Dumping data for table `teams`
--

LOCK TABLES `teams` WRITE;
/*!40000 ALTER TABLE `teams` DISABLE KEYS */;
INSERT INTO `teams` VALUES (1,'Equipo Verde','Verde',0,'2026-04-13 00:31:28.978427','2026-04-13 00:31:28.978490',1),(2,'Equipo Azul','Azul',0,'2026-04-13 00:31:29.010222','2026-04-13 00:31:29.010253',1),(3,'Equipo Rojo','Rojo',0,'2026-04-13 00:31:29.038913','2026-04-13 00:31:29.038944',1),(4,'Emprendedor','Verde',0,'2026-04-13 00:47:40.507553','2026-04-13 14:49:01.473396',2),(5,'Estrellita','Rojo',0,'2026-04-13 00:47:40.532586','2026-04-13 14:33:03.906187',2),(6,'Increible','Azul',0,'2026-04-13 00:47:40.555831','2026-04-13 14:48:39.078312',2),(7,'Equipo Verde','Verde',0,'2026-04-13 21:58:47.614514','2026-04-13 21:58:47.614561',3),(8,'Estrellita','Amarillo',0,'2026-04-13 21:58:47.666725','2026-04-14 13:30:41.723724',3),(9,'Equipo Rojo','Rojo',0,'2026-04-13 21:58:47.714238','2026-04-13 21:58:47.714287',3),(10,'increible','Rojo',0,'2026-04-13 21:58:47.758915','2026-04-14 13:30:23.729870',3),(11,'Equipo Naranja','Naranja',0,'2026-04-13 21:58:47.801886','2026-04-13 21:58:47.801918',3),(12,'Equipo Verde','Verde',0,'2026-04-14 13:33:47.329113','2026-04-14 13:33:47.329137',4),(13,'Estrellita','Azul',0,'2026-04-14 13:33:47.369860','2026-04-14 13:34:30.916811',4),(14,'Equipo Rojo','Rojo',0,'2026-04-14 13:33:47.402155','2026-04-14 13:33:47.402198',4),(15,'increible','Verde',0,'2026-04-14 13:33:47.442542','2026-04-14 13:34:21.239919',4),(16,'asdas','Amarillo',0,'2026-04-14 13:33:47.472101','2026-04-14 13:44:44.380181',4),(17,'Equipo Verde','Verde',0,'2026-04-14 13:45:34.121442','2026-04-14 13:45:34.121481',5),(18,'increible','Rojo',0,'2026-04-14 13:45:34.156225','2026-04-14 13:45:50.829114',5),(19,'Estrellita','Azul',0,'2026-04-14 13:45:34.191454','2026-04-14 13:46:06.013150',5),(21,'increible','Rojo',0,'2026-04-14 13:55:49.730414','2026-04-14 13:56:14.043712',6),(22,'Estrellita','Morado',0,'2026-04-14 13:55:49.766061','2026-04-14 13:56:20.058766',6),(24,'increible','Rojo',0,'2026-04-14 14:00:50.357506','2026-04-14 14:01:39.870413',7),(25,'Estrellita','Azul',0,'2026-04-14 14:00:50.387313','2026-04-14 14:01:43.973306',7),(27,'increible','Rojo',0,'2026-04-14 14:11:30.905992','2026-04-14 14:12:00.658705',8),(28,'Estrellita','Azul',0,'2026-04-14 14:11:30.938323','2026-04-14 14:12:04.030159',8),(30,'Estrellita','Azul',0,'2026-04-14 14:23:12.435461','2026-04-14 14:23:31.483499',9),(31,'Increible','Rojo',0,'2026-04-14 14:23:12.462343','2026-04-14 14:23:40.386347',9),(33,'increible','Rojo',0,'2026-04-14 14:28:33.581441','2026-04-14 14:28:56.488078',10),(34,'Estrellita','Azul',0,'2026-04-14 14:28:33.618422','2026-04-14 14:29:00.041253',10),(36,'increible','Rojo',0,'2026-04-14 16:54:07.995337','2026-04-14 17:45:29.689782',11),(37,'Estrellita','Azul',0,'2026-04-14 16:54:08.026564','2026-04-14 17:45:36.663964',11),(39,'increible','Rojo',0,'2026-04-14 18:47:55.328305','2026-04-14 18:48:40.971584',12),(40,'Estrellita','Rojo',0,'2026-04-14 18:47:55.352022','2026-04-14 18:48:44.294826',12),(42,'increible','Rojo',0,'2026-04-14 18:54:55.482315','2026-04-14 18:55:22.327762',13),(43,'Estrellita','Azul',0,'2026-04-14 18:54:55.504927','2026-04-14 18:55:26.070140',13),(45,'increible','Rojo',0,'2026-04-14 19:03:35.766721','2026-04-14 19:04:00.960865',14),(46,'Estrellita','Azul',0,'2026-04-14 19:03:35.790802','2026-04-14 19:04:03.798251',14),(48,'increible','Rojo',0,'2026-04-14 19:17:46.751297','2026-04-14 19:18:03.664238',15),(49,'Estrellita','Azul',0,'2026-04-14 19:17:46.770572','2026-04-14 19:18:06.935290',15),(51,'increible','Rojo',0,'2026-04-14 19:32:01.537117','2026-04-14 19:32:24.281332',16),(52,'Estrellita','Azul',0,'2026-04-14 19:32:01.557786','2026-04-14 19:32:27.628673',16),(54,'increible','Rojo',0,'2026-04-14 19:40:54.978406','2026-04-14 19:41:21.177795',17),(55,'Estrellita','Azul',0,'2026-04-14 19:40:55.001557','2026-04-14 19:41:24.240706',17),(57,'Estrellita','Azul',0,'2026-04-14 20:07:28.599918','2026-04-14 20:13:46.512659',18),(59,'increible','Rojo',0,'2026-04-14 20:07:28.655689','2026-04-14 20:12:37.016909',18),(62,'increible','Rojo',0,'2026-04-14 23:25:14.578514','2026-04-14 23:25:34.963366',19),(63,'Estrellita','Azul',0,'2026-04-14 23:25:14.599438','2026-04-14 23:25:38.059310',19),(65,'increible','Verde',0,'2026-04-16 01:16:17.722224','2026-04-16 01:16:40.769839',20),(66,'Estrellita','Azul',0,'2026-04-16 01:16:17.745351','2026-04-16 01:16:43.468412',20),(68,'increible','Rojo',0,'2026-04-16 01:56:22.613838','2026-04-16 01:56:48.308082',21),(69,'Estrellita','Verde',0,'2026-04-16 01:56:22.641094','2026-04-16 01:56:51.361202',21),(70,'Equipo Verde','Verde',0,'2026-05-10 20:57:51.984624','2026-05-10 20:57:51.984662',22),(71,'Equipo 1','Azul',0,'2026-05-10 20:57:52.018923','2026-05-10 20:58:09.203058',22),(72,'Equipo Rojo','Rojo',0,'2026-05-10 20:57:52.038612','2026-05-10 20:57:52.038641',22),(73,'Equipo Verde','Verde',0,'2026-05-10 21:01:16.981528','2026-05-10 21:01:16.981558',23),(74,'dsad','Azul',0,'2026-05-10 21:01:17.004844','2026-05-10 21:01:31.873963',23),(75,'dasdasd','Azul',0,'2026-05-10 21:01:17.026471','2026-05-10 21:01:59.218024',23),(77,'sadasddas','Rojo',0,'2026-05-10 21:02:50.573748','2026-05-10 21:03:13.262053',24),(78,'asda','Azul',0,'2026-05-10 21:02:50.596793','2026-05-10 21:03:29.872746',24),(80,'asdasd','Rojo',0,'2026-05-10 21:07:32.276899','2026-05-10 21:08:52.130461',25),(81,'dsadasdas','Azul',0,'2026-05-10 21:07:32.296055','2026-05-10 21:09:40.855525',25),(83,'Equipo 1','Azul',36,'2026-05-10 21:19:20.722534','2026-05-10 21:46:12.792263',26),(84,'Equipo 2','Rojo',36,'2026-05-10 21:19:20.744374','2026-05-10 21:46:01.435424',26),(85,'Equipo Verde','Verde',0,'2026-05-10 22:14:13.676051','2026-05-10 22:14:13.676082',27),(86,'Equipo Azul','Azul',0,'2026-05-10 22:14:13.696550','2026-05-10 22:14:13.696584',27),(87,'Equipo Rojo','Rojo',0,'2026-05-10 22:14:13.715642','2026-05-10 22:14:13.715685',27),(89,'Team 1','Azul',0,'2026-05-11 16:48:18.135090','2026-05-11 16:48:49.377464',28),(90,'Team 2','Rojo',0,'2026-05-11 16:48:18.156651','2026-05-11 16:48:55.948774',28),(92,'dasdadsad','Azul',0,'2026-05-11 19:26:52.239579','2026-05-11 19:27:03.828542',29),(93,'Equipo Rojo','Rojo',0,'2026-05-11 19:26:52.258501','2026-05-11 19:26:52.258540',29),(95,'sadasd','Azul',0,'2026-05-11 19:31:32.480458','2026-05-11 19:31:41.464215',30),(96,'dasdas','Rojo',0,'2026-05-11 19:31:32.497108','2026-05-11 19:31:57.106997',30),(98,'asdasd','Azul',0,'2026-05-11 19:34:31.467549','2026-05-11 19:34:52.743615',31),(99,'dasdas','Verde',0,'2026-05-11 19:34:31.487103','2026-05-11 19:34:55.500176',31),(101,'sdasd','Azul',6,'2026-05-11 19:59:29.919736','2026-05-11 20:21:02.416542',32),(102,'dsad','Rojo',0,'2026-05-11 19:59:29.936930','2026-05-11 20:18:22.833145',32),(104,'sadasda','Rojo',0,'2026-05-11 20:49:43.341624','2026-05-11 20:50:00.711733',33),(105,'dasdasd','Verde',0,'2026-05-11 20:49:43.356359','2026-05-11 20:50:13.058118',33),(107,'sdadasd','Azul',0,'2026-05-11 20:51:43.621110','2026-05-11 20:51:59.849311',34),(108,'sadasda','Rojo',0,'2026-05-11 20:51:43.636813','2026-05-11 20:52:03.337144',34),(110,'Equipo 1','Verde',0,'2026-05-11 23:24:17.269257','2026-05-11 23:24:39.833254',35),(111,'Equipo 2','Azul',6,'2026-05-11 23:24:17.291601','2026-05-11 23:26:46.619902',35),(113,'Equipo 1','Azul',0,'2026-05-11 23:59:11.446323','2026-05-11 23:59:31.658602',36),(114,'Equipo 2','Rojo',0,'2026-05-11 23:59:11.461158','2026-05-11 23:59:36.187397',36),(116,'asdasd','Azul',0,'2026-05-12 00:19:25.630010','2026-05-12 00:19:38.303323',37),(117,'dasdad','Rojo',0,'2026-05-12 00:19:25.645114','2026-05-12 00:19:41.283624',37),(119,'dasdad','Amarillo',0,'2026-05-12 00:21:50.561040','2026-05-12 00:22:09.623837',38),(120,'dasdasdad','Rojo',0,'2026-05-12 00:21:50.575262','2026-05-12 00:22:13.661144',38),(122,'asad','Azul',0,'2026-05-12 00:23:32.218155','2026-05-12 00:23:47.638530',39),(123,'dasdad','Rojo',0,'2026-05-12 00:23:32.234293','2026-05-12 00:23:51.439979',39),(125,'asdas','Azul',0,'2026-05-12 00:32:08.502067','2026-05-12 00:32:25.982999',40),(126,'dasd','Rojo',0,'2026-05-12 00:32:08.517002','2026-05-12 00:32:28.757771',40),(127,'Equipo Verde','Verde',0,'2026-05-12 00:36:27.952073','2026-05-12 00:36:27.952100',41),(128,'dsasdasd','Verde',0,'2026-05-12 00:36:27.967651','2026-05-12 00:37:14.539108',41),(129,'Equipo Rojo','Rojo',0,'2026-05-12 00:36:27.983496','2026-05-12 00:36:27.983524',41),(131,'sadasdasd','Rojo',0,'2026-05-12 02:25:29.245323','2026-05-12 02:25:59.127427',42),(132,'Equipo 2','Verde',0,'2026-05-12 02:25:29.260696','2026-05-12 02:34:41.143271',42),(133,'Equipo Verde','Verde',0,'2026-05-12 02:51:43.579553','2026-05-12 02:51:43.579578',43),(134,'Equipo 1','Azul',0,'2026-05-12 02:51:43.595571','2026-05-12 02:52:10.211080',43),(135,'Equipo Rojo','Rojo',0,'2026-05-12 02:51:43.612241','2026-05-12 02:51:43.612272',43),(137,'asda','Azul',0,'2026-05-12 02:56:04.690209','2026-05-12 02:56:20.104657',44),(138,'Equipo Rojo','Rojo',0,'2026-05-12 02:56:04.705839','2026-05-12 02:56:04.705871',44),(139,'Equipo Verde','Verde',0,'2026-05-12 03:02:54.198572','2026-05-12 03:02:54.198604',45),(140,'dasdasd','Rojo',0,'2026-05-12 03:02:54.216671','2026-05-12 03:02:59.687062',45),(141,'Equipo Rojo','Rojo',0,'2026-05-12 03:02:54.233804','2026-05-12 03:02:54.233847',45),(143,'dasda','Rojo',0,'2026-05-12 03:05:40.496252','2026-05-12 03:05:47.719591',46),(144,'Equipo Rojo','Rojo',0,'2026-05-12 03:05:40.512097','2026-05-12 03:05:40.512126',46),(146,'sadsa','Azul',5,'2026-05-12 03:49:03.629003','2026-05-12 03:50:14.022879',47),(147,'dsada','Rojo',0,'2026-05-12 03:49:03.644046','2026-05-12 03:49:23.548903',47),(149,'Equipo 1','Azul',0,'2026-05-12 11:33:35.095694','2026-05-12 11:33:46.242694',48),(150,'Equipo 2','Verde',0,'2026-05-12 11:33:35.114166','2026-05-12 11:34:05.803203',48),(152,'Equipo 1','Rojo',0,'2026-05-12 11:45:29.342293','2026-05-12 11:45:47.424380',49),(153,'Equipo 2','Azul',0,'2026-05-12 11:45:29.356909','2026-05-12 11:46:01.336460',49),(155,'Equipo 1','Azul',0,'2026-05-12 11:53:32.912598','2026-05-12 11:53:57.109721',50),(156,'Equipo 2','Rojo',0,'2026-05-12 11:53:32.927463','2026-05-12 11:54:00.709876',50),(158,'Equipo 1','Azul',0,'2026-05-12 12:24:53.841296','2026-05-12 12:25:06.261807',51),(159,'Equipo 2','Rojo',0,'2026-05-12 12:24:53.858622','2026-05-12 12:25:11.605950',51),(161,'Equipo 1','Rojo',0,'2026-05-12 12:26:31.738155','2026-05-12 12:26:46.734110',52),(162,'Equipo 2','Verde',0,'2026-05-12 12:26:31.752311','2026-05-12 12:26:51.687927',52),(164,'Equipo 1','Azul',0,'2026-05-12 12:32:49.030441','2026-05-12 12:32:59.618568',53),(165,'Equipo 2','Verde',0,'2026-05-12 12:32:49.044802','2026-05-12 12:33:08.614540',53),(167,'Equipo 1','Azul',0,'2026-05-12 12:38:36.276203','2026-05-12 12:38:49.477122',54),(168,'Equipo 2','Verde',0,'2026-05-12 12:38:36.291935','2026-05-12 12:38:54.435400',54),(170,'Equipo 1','Rojo',6,'2026-05-12 12:43:29.481970','2026-05-12 12:51:51.992863',55),(171,'Equipo 2','Verde',6,'2026-05-12 12:43:29.496225','2026-05-12 12:51:29.840995',55),(173,'Equipo 1','Azul',0,'2026-05-12 12:52:15.581910','2026-05-12 12:52:33.294540',56),(174,'Equipo 2','Verde',27,'2026-05-12 12:52:15.596374','2026-05-12 13:06:44.397807',56),(176,'Equipo 1','Azul',38,'2026-05-12 13:12:37.408307','2026-05-12 13:38:31.750443',57),(177,'Equipo 2','Verde',38,'2026-05-12 13:12:37.423028','2026-05-12 13:38:47.130125',57);
/*!40000 ALTER TABLE `teams` ENABLE KEYS */;
UNLOCK TABLES;

--
-- Table structure for table `token_transactions`
--

DROP TABLE IF EXISTS `token_transactions`;
/*!40101 SET @saved_cs_client     = @@character_set_client */;
/*!50503 SET character_set_client = utf8mb4 */;
CREATE TABLE `token_transactions` (
  `id` bigint NOT NULL AUTO_INCREMENT,
  `amount` int NOT NULL,
  `source_type` varchar(30) CHARACTER SET utf8mb4 COLLATE utf8mb4_unicode_ci NOT NULL,
  `source_id` int DEFAULT NULL,
  `reason` longtext CHARACTER SET utf8mb4 COLLATE utf8mb4_unicode_ci,
  `created_at` datetime(6) NOT NULL,
  `awarded_by_id` bigint DEFAULT NULL,
  `game_session_id` bigint NOT NULL,
  `session_stage_id` bigint DEFAULT NULL,
  `team_id` bigint NOT NULL,
  PRIMARY KEY (`id`),
  KEY `token_trans_team_id_901680_idx` (`team_id`),
  KEY `token_trans_game_se_6b0306_idx` (`game_session_id`),
  KEY `token_trans_source__621a3e_idx` (`source_type`,`source_id`),
  KEY `token_trans_created_4c5cdd_idx` (`created_at`),
  KEY `token_transactions_awarded_by_id_115120a7_fk_professors_id` (`awarded_by_id`),
  KEY `token_transactions_session_stage_id_6212aa59_fk_session_s` (`session_stage_id`),
  CONSTRAINT `token_transactions_awarded_by_id_115120a7_fk_professors_id` FOREIGN KEY (`awarded_by_id`) REFERENCES `professors` (`id`),
  CONSTRAINT `token_transactions_game_session_id_6bfe21bc_fk_game_sessions_id` FOREIGN KEY (`game_session_id`) REFERENCES `game_sessions` (`id`),
  CONSTRAINT `token_transactions_session_stage_id_6212aa59_fk_session_s` FOREIGN KEY (`session_stage_id`) REFERENCES `session_stages` (`id`),
  CONSTRAINT `token_transactions_team_id_f387a4f1_fk_teams_id` FOREIGN KEY (`team_id`) REFERENCES `teams` (`id`)
) ENGINE=InnoDB AUTO_INCREMENT=39 DEFAULT CHARSET=utf8mb4 COLLATE=utf8mb4_unicode_ci;
/*!40101 SET character_set_client = @saved_cs_client */;

--
-- Dumping data for table `token_transactions`
--

LOCK TABLES `token_transactions` WRITE;
/*!40000 ALTER TABLE `token_transactions` DISABLE KEYS */;
INSERT INTO `token_transactions` VALUES (1,6,'activity',1,'Bubble Map: 6 burbujas','2026-05-10 21:27:21.741642',NULL,26,17,84),(2,6,'activity',2,'Bubble Map: 6 burbujas','2026-05-10 21:27:51.413566',NULL,26,17,83),(3,15,'activity',52,'Prototipo subido (15 tokens)','2026-05-10 21:38:44.027398',NULL,26,18,84),(4,15,'activity',51,'Prototipo subido (15 tokens)','2026-05-10 21:38:50.864890',NULL,26,18,83),(5,15,'peer_evaluation',1,'Evaluación peer: Equipo 1 → Equipo 2','2026-05-10 21:46:01.432395',NULL,26,19,84),(6,15,'peer_evaluation',2,'Evaluación peer: Equipo 2 → Equipo 1','2026-05-10 21:46:12.789032',NULL,26,19,83),(7,1,'activity',9,'Actividad \"Presentacion\": +1 palabra(s) encontrada(s) en sopa de letras','2026-05-11 20:19:55.353863',NULL,32,25,101),(8,1,'activity',9,'Actividad \"Presentacion\": +1 palabra(s) encontrada(s) en sopa de letras','2026-05-11 20:20:04.168899',NULL,32,25,101),(9,1,'activity',9,'Actividad \"Presentacion\": +1 palabra(s) encontrada(s) en sopa de letras','2026-05-11 20:20:15.110757',NULL,32,25,101),(10,1,'activity',9,'Actividad \"Presentacion\": +1 palabra(s) encontrada(s) en sopa de letras','2026-05-11 20:20:30.682347',NULL,32,25,101),(11,1,'activity',9,'Actividad \"Presentacion\": +1 palabra(s) encontrada(s) en sopa de letras','2026-05-11 20:20:53.755732',NULL,32,25,101),(12,1,'activity',9,'Actividad \"Presentacion\": Palabra \"RETO\" correcta en anagrama','2026-05-11 20:21:02.411743',NULL,32,25,101),(13,5,'activity',9,'Actividad \"Presentacion\": Preguntas del caos completadas','2026-05-11 23:26:35.305012',NULL,35,28,111),(14,1,'activity',9,'Actividad \"Presentacion\": Pregunta 2 de conocimiento general respondida correctamente','2026-05-11 23:26:46.614016',NULL,35,28,111),(15,5,'activity',9,'Actividad \"Presentacion\": Preguntas del caos completadas','2026-05-12 03:50:14.019951',NULL,47,36,146),(16,6,'activity',3,'Bubble Map: 6 burbujas','2026-05-12 12:51:29.838264',NULL,55,55,171),(17,6,'activity',4,'Bubble Map: 6 burbujas','2026-05-12 12:51:51.990812',NULL,55,55,170),(18,5,'activity',9,'Actividad \"Presentacion\": Preguntas del caos completadas','2026-05-12 12:53:37.338759',NULL,56,57,174),(19,1,'activity',9,'Actividad \"Presentacion\": Pregunta 27 de conocimiento general respondida correctamente','2026-05-12 12:53:50.180221',NULL,56,57,174),(20,1,'activity',9,'Actividad \"Presentacion\": Pregunta 27 de conocimiento general respondida correctamente','2026-05-12 12:53:50.181922',NULL,56,57,174),(21,6,'activity',6,'Bubble Map: 6 burbujas','2026-05-12 13:06:17.210943',NULL,56,58,174),(22,15,'peer_evaluation',3,'Evaluación peer: Equipo 1 → Equipo 2','2026-05-12 13:06:44.395369',NULL,56,60,174),(23,1,'activity',9,'Actividad \"Presentacion\": +1 palabra(s) encontrada(s) en sopa de letras','2026-05-12 13:21:41.760534',NULL,57,61,177),(24,1,'activity',9,'Actividad \"Presentacion\": +1 palabra(s) encontrada(s) en sopa de letras','2026-05-12 13:21:52.515650',NULL,57,61,177),(25,1,'activity',9,'Actividad \"Presentacion\": +1 palabra(s) encontrada(s) en sopa de letras','2026-05-12 13:22:10.736941',NULL,57,61,177),(26,1,'activity',9,'Actividad \"Presentacion\": +1 palabra(s) encontrada(s) en sopa de letras','2026-05-12 13:22:20.938401',NULL,57,61,177),(27,1,'activity',9,'Actividad \"Presentacion\": +1 palabra(s) encontrada(s) en sopa de letras','2026-05-12 13:22:29.690347',NULL,57,61,177),(28,1,'activity',9,'Actividad \"Presentacion\": Palabra \"RESULTADO\" correcta en anagrama','2026-05-12 13:23:11.361932',NULL,57,61,177),(29,1,'activity',9,'Actividad \"Presentacion\": Palabra \"SERVICIO\" correcta en anagrama','2026-05-12 13:24:33.892449',NULL,57,61,177),(30,1,'activity',9,'Actividad \"Presentacion\": Palabra \"INNOVACION\" correcta en anagrama','2026-05-12 13:24:38.423139',NULL,57,61,177),(31,5,'activity',9,'Actividad \"Presentacion\": Preguntas del caos completadas','2026-05-12 13:25:20.887245',NULL,57,61,176),(32,1,'activity',9,'Actividad \"Presentacion\": Pregunta 1 de conocimiento general respondida correctamente','2026-05-12 13:25:41.271136',NULL,57,61,176),(33,1,'activity',9,'Actividad \"Presentacion\": Pregunta 26 de conocimiento general respondida correctamente','2026-05-12 13:25:41.284484',NULL,57,61,176),(34,1,'activity',9,'Actividad \"Presentacion\": Pregunta 10 de conocimiento general respondida correctamente','2026-05-12 13:25:41.298174',NULL,57,61,176),(35,15,'activity',211,'Prototipo subido (15 tokens)','2026-05-12 13:36:13.720749',NULL,57,63,176),(36,15,'activity',212,'Prototipo subido (15 tokens)','2026-05-12 13:36:23.901607',NULL,57,63,177),(37,15,'peer_evaluation',4,'Evaluación peer: Equipo 2 → Equipo 1','2026-05-12 13:38:31.748181',NULL,57,64,176),(38,15,'peer_evaluation',5,'Evaluación peer: Equipo 1 → Equipo 2','2026-05-12 13:38:47.127706',NULL,57,64,177);
/*!40000 ALTER TABLE `token_transactions` ENABLE KEYS */;
UNLOCK TABLES;

--
-- Table structure for table `topic_selection_metrics`
--

DROP TABLE IF EXISTS `topic_selection_metrics`;
/*!40101 SET @saved_cs_client     = @@character_set_client */;
/*!50503 SET character_set_client = utf8mb4 */;
CREATE TABLE `topic_selection_metrics` (
  `id` bigint NOT NULL AUTO_INCREMENT,
  `selection_count` int NOT NULL,
  `last_selected_at` datetime(6) DEFAULT NULL,
  `topic_id` bigint NOT NULL,
  PRIMARY KEY (`id`),
  UNIQUE KEY `topic_selection_metrics_topic_id_32a24333_uniq` (`topic_id`),
  CONSTRAINT `topic_selection_metrics_topic_id_32a24333_fk_topics_id` FOREIGN KEY (`topic_id`) REFERENCES `topics` (`id`)
) ENGINE=InnoDB AUTO_INCREMENT=3 DEFAULT CHARSET=utf8mb4 COLLATE=utf8mb4_unicode_ci;
/*!40101 SET character_set_client = @saved_cs_client */;

--
-- Dumping data for table `topic_selection_metrics`
--

LOCK TABLES `topic_selection_metrics` WRITE;
/*!40000 ALTER TABLE `topic_selection_metrics` DISABLE KEYS */;
INSERT INTO `topic_selection_metrics` VALUES (1,25,'2026-05-12 12:56:24.291042',2),(2,10,'2026-05-12 13:29:04.361831',1);
/*!40000 ALTER TABLE `topic_selection_metrics` ENABLE KEYS */;
UNLOCK TABLES;

--
-- Table structure for table `topics`
--

DROP TABLE IF EXISTS `topics`;
/*!40101 SET @saved_cs_client     = @@character_set_client */;
/*!50503 SET character_set_client = utf8mb4 */;
CREATE TABLE `topics` (
  `id` bigint NOT NULL AUTO_INCREMENT,
  `name` varchar(200) CHARACTER SET utf8mb4 COLLATE utf8mb4_unicode_ci NOT NULL,
  `description` longtext CHARACTER SET utf8mb4 COLLATE utf8mb4_unicode_ci,
  `image_url` varchar(500) CHARACTER SET utf8mb4 COLLATE utf8mb4_unicode_ci DEFAULT NULL,
  `category` varchar(100) CHARACTER SET utf8mb4 COLLATE utf8mb4_unicode_ci DEFAULT NULL,
  `is_active` tinyint(1) NOT NULL,
  `created_at` datetime(6) NOT NULL,
  `updated_at` datetime(6) NOT NULL,
  `icon` varchar(10) CHARACTER SET utf8mb4 COLLATE utf8mb4_unicode_ci DEFAULT NULL,
  PRIMARY KEY (`id`),
  KEY `topics_is_acti_45fe00_idx` (`is_active`),
  KEY `topics_categor_7de43b_idx` (`category`)
) ENGINE=InnoDB AUTO_INCREMENT=4 DEFAULT CHARSET=utf8mb4 COLLATE=utf8mb4_unicode_ci;
/*!40101 SET character_set_client = @saved_cs_client */;

--
-- Dumping data for table `topics`
--

LOCK TABLES `topics` WRITE;
/*!40000 ALTER TABLE `topics` DISABLE KEYS */;
INSERT INTO `topics` VALUES (1,'Salud','Temas relacionados con salud, bienestar y calidad de vida',NULL,'health',1,'2025-11-04 23:30:45.694000','2025-11-06 18:30:01.831000','?'),(2,'Educación','Temas relacionados con educación, formación y desarrollo de habilidades',NULL,'education',1,'2025-11-04 23:30:45.741000','2025-11-06 18:30:01.835000','?'),(3,'Sustentabilidad','Temas relacionados con sostenibilidad, medio ambiente y recursos naturales',NULL,'sustainability',1,'2025-11-04 23:30:45.775000','2025-11-06 18:30:01.835000','?');
/*!40000 ALTER TABLE `topics` ENABLE KEYS */;
UNLOCK TABLES;

--
-- Table structure for table `topics_faculties`
--

DROP TABLE IF EXISTS `topics_faculties`;
/*!40101 SET @saved_cs_client     = @@character_set_client */;
/*!50503 SET character_set_client = utf8mb4 */;
CREATE TABLE `topics_faculties` (
  `id` bigint NOT NULL AUTO_INCREMENT,
  `topic_id` bigint NOT NULL,
  `faculty_id` bigint NOT NULL,
  PRIMARY KEY (`id`),
  UNIQUE KEY `topics_faculties_topic_id_faculty_id_1e55427d_uniq` (`topic_id`,`faculty_id`),
  KEY `topics_faculties_faculty_id_c3ce4990_fk_faculties_id` (`faculty_id`),
  CONSTRAINT `topics_faculties_faculty_id_c3ce4990_fk_faculties_id` FOREIGN KEY (`faculty_id`) REFERENCES `faculties` (`id`),
  CONSTRAINT `topics_faculties_topic_id_b46cd624_fk_topics_id` FOREIGN KEY (`topic_id`) REFERENCES `topics` (`id`)
) ENGINE=InnoDB AUTO_INCREMENT=4 DEFAULT CHARSET=utf8mb4 COLLATE=utf8mb4_unicode_ci;
/*!40101 SET character_set_client = @saved_cs_client */;

--
-- Dumping data for table `topics_faculties`
--

LOCK TABLES `topics_faculties` WRITE;
/*!40000 ALTER TABLE `topics_faculties` DISABLE KEYS */;
INSERT INTO `topics_faculties` VALUES (1,1,1),(2,2,1),(3,3,1);
/*!40000 ALTER TABLE `topics_faculties` ENABLE KEYS */;
UNLOCK TABLES;

--
-- Table structure for table `word_search_options`
--

DROP TABLE IF EXISTS `word_search_options`;
/*!40101 SET @saved_cs_client     = @@character_set_client */;
/*!50503 SET character_set_client = utf8mb4 */;
CREATE TABLE `word_search_options` (
  `id` bigint NOT NULL AUTO_INCREMENT,
  `name` varchar(100) CHARACTER SET utf8mb4 COLLATE utf8mb4_unicode_ci NOT NULL,
  `words` json NOT NULL,
  `is_active` tinyint(1) NOT NULL,
  `created_at` datetime(6) NOT NULL,
  `updated_at` datetime(6) NOT NULL,
  `activity_id` bigint NOT NULL,
  `grid` json DEFAULT NULL,
  `seed` int DEFAULT NULL,
  `word_positions` json DEFAULT NULL,
  PRIMARY KEY (`id`),
  KEY `word_search_activit_21d157_idx` (`activity_id`,`is_active`),
  CONSTRAINT `word_search_options_activity_id_0d3f5a64_fk_activities_id` FOREIGN KEY (`activity_id`) REFERENCES `activities` (`id`)
) ENGINE=InnoDB AUTO_INCREMENT=18 DEFAULT CHARSET=utf8mb4 COLLATE=utf8mb4_unicode_ci;
/*!40101 SET character_set_client = @saved_cs_client */;

--
-- Dumping data for table `word_search_options`
--

LOCK TABLES `word_search_options` WRITE;
/*!40000 ALTER TABLE `word_search_options` DISABLE KEYS */;
INSERT INTO `word_search_options` VALUES (1,'Sopa de Letras 1','[\"IDEA\", \"META\", \"EQUIPO\", \"PITCH\", \"LIDER\"]',1,'2025-11-26 14:23:06.489580','2025-11-26 14:23:06.489580',2,'[[\"I\", \"E\", \"F\", \"G\", \"H\", \"I\", \"J\", \"K\", \"L\", \"M\", \"N\", \"P\"], [\"P\", \"D\", \"R\", \"S\", \"T\", \"U\", \"V\", \"W\", \"X\", \"Y\", \"I\", \"B\"], [\"C\", \"D\", \"E\", \"F\", \"G\", \"H\", \"I\", \"J\", \"K\", \"T\", \"M\", \"N\"], [\"O\", \"P\", \"Q\", \"A\", \"S\", \"T\", \"U\", \"V\", \"C\", \"X\", \"E\", \"Z\"], [\"A\", \"B\", \"C\", \"E\", \"E\", \"G\", \"H\", \"H\", \"J\", \"K\", \"T\", \"M\"], [\"N\", \"O\", \"P\", \"Q\", \"R\", \"Q\", \"T\", \"U\", \"V\", \"W\", \"A\", \"Y\"], [\"Z\", \"A\", \"B\", \"C\", \"D\", \"E\", \"U\", \"H\", \"I\", \"J\", \"K\", \"L\"], [\"M\", \"N\", \"O\", \"P\", \"Q\", \"R\", \"S\", \"I\", \"U\", \"V\", \"W\", \"X\"], [\"Y\", \"Z\", \"A\", \"B\", \"C\", \"D\", \"E\", \"F\", \"P\", \"I\", \"J\", \"K\"], [\"L\", \"I\", \"D\", \"E\", \"R\", \"Q\", \"R\", \"S\", \"T\", \"O\", \"V\", \"W\"], [\"X\", \"Y\", \"Z\", \"A\", \"B\", \"C\", \"D\", \"E\", \"F\", \"G\", \"H\", \"I\"], [\"K\", \"L\", \"M\", \"N\", \"O\", \"P\", \"Q\", \"R\", \"S\", \"T\", \"U\", \"V\"]]',955440,'[{\"word\": \"IDEA\", \"cells\": [{\"col\": 0, \"row\": 0}, {\"col\": 1, \"row\": 1}, {\"col\": 2, \"row\": 2}, {\"col\": 3, \"row\": 3}], \"direction\": \"diagonal\"}, {\"word\": \"EQUIPO\", \"cells\": [{\"col\": 4, \"row\": 4}, {\"col\": 5, \"row\": 5}, {\"col\": 6, \"row\": 6}, {\"col\": 7, \"row\": 7}, {\"col\": 8, \"row\": 8}, {\"col\": 9, \"row\": 9}], \"direction\": \"diagonal\"}, {\"word\": \"PITCH\", \"cells\": [{\"col\": 11, \"row\": 0}, {\"col\": 10, \"row\": 1}, {\"col\": 9, \"row\": 2}, {\"col\": 8, \"row\": 3}, {\"col\": 7, \"row\": 4}], \"direction\": \"diagonal\"}, {\"word\": \"META\", \"cells\": [{\"col\": 10, \"row\": 2}, {\"col\": 10, \"row\": 3}, {\"col\": 10, \"row\": 4}, {\"col\": 10, \"row\": 5}], \"direction\": \"vertical\"}, {\"word\": \"LIDER\", \"cells\": [{\"col\": 0, \"row\": 9}, {\"col\": 1, \"row\": 9}, {\"col\": 2, \"row\": 9}, {\"col\": 3, \"row\": 9}, {\"col\": 4, \"row\": 9}], \"direction\": \"horizontal\"}]'),(2,'Sopa de Letras 2','[\"NEGOCIO\", \"CLIENTE\", \"VENTA\", \"PRODUCTO\", \"MERCADO\"]',1,'2025-11-26 14:23:06.507805','2025-11-26 14:23:06.507805',2,'[[\"N\", \"J\", \"K\", \"L\", \"V\", \"E\", \"N\", \"T\", \"A\", \"R\", \"S\", \"P\"], [\"U\", \"E\", \"W\", \"X\", \"Y\", \"Z\", \"A\", \"B\", \"C\", \"D\", \"R\", \"G\"], [\"H\", \"I\", \"G\", \"K\", \"L\", \"M\", \"N\", \"O\", \"P\", \"O\", \"R\", \"S\"], [\"T\", \"U\", \"V\", \"O\", \"X\", \"Y\", \"Z\", \"A\", \"D\", \"C\", \"D\", \"E\"], [\"F\", \"G\", \"H\", \"J\", \"C\", \"L\", \"M\", \"U\", \"O\", \"P\", \"Q\", \"R\"], [\"S\", \"T\", \"U\", \"V\", \"W\", \"I\", \"C\", \"Z\", \"A\", \"B\", \"C\", \"D\"], [\"E\", \"F\", \"G\", \"H\", \"I\", \"T\", \"O\", \"M\", \"N\", \"O\", \"P\", \"Q\"], [\"R\", \"S\", \"T\", \"U\", \"O\", \"M\", \"E\", \"R\", \"C\", \"A\", \"D\", \"O\"], [\"D\", \"C\", \"L\", \"I\", \"E\", \"N\", \"T\", \"E\", \"L\", \"N\", \"O\", \"P\"], [\"Q\", \"R\", \"S\", \"T\", \"U\", \"V\", \"W\", \"X\", \"Y\", \"Z\", \"A\", \"B\"], [\"C\", \"D\", \"E\", \"F\", \"G\", \"H\", \"I\", \"J\", \"K\", \"L\", \"M\", \"N\"], [\"P\", \"Q\", \"R\", \"S\", \"T\", \"U\", \"V\", \"W\", \"X\", \"Y\", \"Z\", \"A\"]]',748174,'[{\"word\": \"NEGOCIO\", \"cells\": [{\"col\": 0, \"row\": 0}, {\"col\": 1, \"row\": 1}, {\"col\": 2, \"row\": 2}, {\"col\": 3, \"row\": 3}, {\"col\": 4, \"row\": 4}, {\"col\": 5, \"row\": 5}, {\"col\": 6, \"row\": 6}], \"direction\": \"diagonal\"}, {\"word\": \"PRODUCTO\", \"cells\": [{\"col\": 11, \"row\": 0}, {\"col\": 10, \"row\": 1}, {\"col\": 9, \"row\": 2}, {\"col\": 8, \"row\": 3}, {\"col\": 7, \"row\": 4}, {\"col\": 6, \"row\": 5}, {\"col\": 5, \"row\": 6}, {\"col\": 4, \"row\": 7}], \"direction\": \"diagonal\"}, {\"word\": \"CLIENTE\", \"cells\": [{\"col\": 1, \"row\": 8}, {\"col\": 2, \"row\": 8}, {\"col\": 3, \"row\": 8}, {\"col\": 4, \"row\": 8}, {\"col\": 5, \"row\": 8}, {\"col\": 6, \"row\": 8}, {\"col\": 7, \"row\": 8}], \"direction\": \"horizontal\"}, {\"word\": \"VENTA\", \"cells\": [{\"col\": 4, \"row\": 0}, {\"col\": 5, \"row\": 0}, {\"col\": 6, \"row\": 0}, {\"col\": 7, \"row\": 0}, {\"col\": 8, \"row\": 0}], \"direction\": \"horizontal\"}, {\"word\": \"MERCADO\", \"cells\": [{\"col\": 5, \"row\": 7}, {\"col\": 6, \"row\": 7}, {\"col\": 7, \"row\": 7}, {\"col\": 8, \"row\": 7}, {\"col\": 9, \"row\": 7}, {\"col\": 10, \"row\": 7}, {\"col\": 11, \"row\": 7}], \"direction\": \"horizontal\"}]'),(5,'Sopa de Letras 5','[\"LIDERAZGO\", \"MOTIVACION\", \"PASION\", \"VISION\", \"MISION\"]',1,'2025-11-26 14:23:06.525124','2025-11-26 14:23:06.525124',2,'[[\"L\", \"C\", \"D\", \"E\", \"F\", \"G\", \"H\", \"I\", \"J\", \"K\", \"L\", \"V\"], [\"N\", \"I\", \"P\", \"Q\", \"R\", \"S\", \"T\", \"U\", \"P\", \"W\", \"I\", \"Y\"], [\"Z\", \"B\", \"D\", \"D\", \"E\", \"F\", \"G\", \"A\", \"I\", \"S\", \"K\", \"L\"], [\"M\", \"N\", \"O\", \"E\", \"Q\", \"R\", \"S\", \"T\", \"I\", \"V\", \"W\", \"X\"], [\"Y\", \"Z\", \"A\", \"B\", \"R\", \"I\", \"F\", \"O\", \"H\", \"I\", \"J\", \"K\"], [\"L\", \"M\", \"N\", \"O\", \"O\", \"A\", \"N\", \"S\", \"T\", \"U\", \"V\", \"W\"], [\"X\", \"Y\", \"Z\", \"N\", \"B\", \"C\", \"Z\", \"F\", \"G\", \"H\", \"I\", \"J\"], [\"K\", \"L\", \"M\", \"N\", \"O\", \"P\", \"Q\", \"G\", \"S\", \"T\", \"U\", \"V\"], [\"M\", \"O\", \"T\", \"I\", \"V\", \"A\", \"C\", \"I\", \"O\", \"N\", \"H\", \"I\"], [\"J\", \"K\", \"L\", \"M\", \"N\", \"O\", \"P\", \"Q\", \"R\", \"S\", \"T\", \"U\"], [\"V\", \"W\", \"X\", \"Y\", \"Z\", \"A\", \"B\", \"C\", \"D\", \"E\", \"F\", \"G\"], [\"H\", \"I\", \"K\", \"L\", \"M\", \"I\", \"S\", \"I\", \"O\", \"N\", \"S\", \"T\"]]',307190,'[{\"word\": \"LIDERAZGO\", \"cells\": [{\"col\": 0, \"row\": 0}, {\"col\": 1, \"row\": 1}, {\"col\": 2, \"row\": 2}, {\"col\": 3, \"row\": 3}, {\"col\": 4, \"row\": 4}, {\"col\": 5, \"row\": 5}, {\"col\": 6, \"row\": 6}, {\"col\": 7, \"row\": 7}, {\"col\": 8, \"row\": 8}], \"direction\": \"diagonal\"}, {\"word\": \"VISION\", \"cells\": [{\"col\": 11, \"row\": 0}, {\"col\": 10, \"row\": 1}, {\"col\": 9, \"row\": 2}, {\"col\": 8, \"row\": 3}, {\"col\": 7, \"row\": 4}, {\"col\": 6, \"row\": 5}], \"direction\": \"diagonal\"}, {\"word\": \"MOTIVACION\", \"cells\": [{\"col\": 0, \"row\": 8}, {\"col\": 1, \"row\": 8}, {\"col\": 2, \"row\": 8}, {\"col\": 3, \"row\": 8}, {\"col\": 4, \"row\": 8}, {\"col\": 5, \"row\": 8}, {\"col\": 6, \"row\": 8}, {\"col\": 7, \"row\": 8}, {\"col\": 8, \"row\": 8}, {\"col\": 9, \"row\": 8}], \"direction\": \"horizontal\"}, {\"word\": \"PASION\", \"cells\": [{\"col\": 8, \"row\": 1}, {\"col\": 7, \"row\": 2}, {\"col\": 6, \"row\": 3}, {\"col\": 5, \"row\": 4}, {\"col\": 4, \"row\": 5}, {\"col\": 3, \"row\": 6}], \"direction\": \"diagonal\"}, {\"word\": \"MISION\", \"cells\": [{\"col\": 4, \"row\": 11}, {\"col\": 5, \"row\": 11}, {\"col\": 6, \"row\": 11}, {\"col\": 7, \"row\": 11}, {\"col\": 8, \"row\": 11}, {\"col\": 9, \"row\": 11}], \"direction\": \"horizontal\"}]'),(17,'daniela','[\"LOCURA\", \"KALI\", \"BOBBY\", \"ROCKY\", \"PRINCESA\"]',1,'2025-12-03 17:46:04.500799','2025-12-03 17:46:04.500823',2,'[[\"E\", \"F\", \"G\", \"H\", \"P\", \"R\", \"I\", \"N\", \"C\", \"E\", \"S\", \"A\"], [\"Q\", \"R\", \"S\", \"T\", \"L\", \"V\", \"W\", \"X\", \"Y\", \"K\", \"B\", \"C\"], [\"D\", \"E\", \"F\", \"G\", \"H\", \"O\", \"J\", \"K\", \"A\", \"M\", \"N\", \"O\"], [\"P\", \"Q\", \"R\", \"S\", \"T\", \"U\", \"C\", \"L\", \"X\", \"Y\", \"Z\", \"A\"], [\"B\", \"C\", \"E\", \"F\", \"G\", \"H\", \"I\", \"U\", \"K\", \"L\", \"M\", \"N\"], [\"O\", \"P\", \"Q\", \"R\", \"S\", \"T\", \"U\", \"V\", \"R\", \"X\", \"Y\", \"Z\"], [\"A\", \"B\", \"C\", \"D\", \"O\", \"G\", \"H\", \"I\", \"J\", \"A\", \"L\", \"M\"], [\"N\", \"O\", \"P\", \"Q\", \"R\", \"C\", \"T\", \"U\", \"V\", \"W\", \"X\", \"Y\"], [\"Z\", \"A\", \"B\", \"C\", \"D\", \"E\", \"K\", \"G\", \"I\", \"J\", \"K\", \"L\"], [\"M\", \"N\", \"O\", \"P\", \"Q\", \"R\", \"S\", \"Y\", \"U\", \"V\", \"W\", \"X\"], [\"Y\", \"Z\", \"A\", \"B\", \"C\", \"D\", \"E\", \"F\", \"G\", \"H\", \"I\", \"J\"], [\"B\", \"O\", \"B\", \"B\", \"Y\", \"Q\", \"R\", \"S\", \"T\", \"U\", \"V\", \"W\"]]',526578,'[{\"word\": \"LOCURA\", \"cells\": [{\"col\": 4, \"row\": 1}, {\"col\": 5, \"row\": 2}, {\"col\": 6, \"row\": 3}, {\"col\": 7, \"row\": 4}, {\"col\": 8, \"row\": 5}, {\"col\": 9, \"row\": 6}], \"direction\": \"diagonal\"}, {\"word\": \"KALI\", \"cells\": [{\"col\": 9, \"row\": 1}, {\"col\": 8, \"row\": 2}, {\"col\": 7, \"row\": 3}, {\"col\": 6, \"row\": 4}], \"direction\": \"diagonal\"}, {\"word\": \"BOBBY\", \"cells\": [{\"col\": 0, \"row\": 11}, {\"col\": 1, \"row\": 11}, {\"col\": 2, \"row\": 11}, {\"col\": 3, \"row\": 11}, {\"col\": 4, \"row\": 11}], \"direction\": \"horizontal\"}, {\"word\": \"ROCKY\", \"cells\": [{\"col\": 3, \"row\": 5}, {\"col\": 4, \"row\": 6}, {\"col\": 5, \"row\": 7}, {\"col\": 6, \"row\": 8}, {\"col\": 7, \"row\": 9}], \"direction\": \"diagonal\"}, {\"word\": \"PRINCESA\", \"cells\": [{\"col\": 4, \"row\": 0}, {\"col\": 5, \"row\": 0}, {\"col\": 6, \"row\": 0}, {\"col\": 7, \"row\": 0}, {\"col\": 8, \"row\": 0}, {\"col\": 9, \"row\": 0}, {\"col\": 10, \"row\": 0}, {\"col\": 11, \"row\": 0}], \"direction\": \"horizontal\"}]');
/*!40000 ALTER TABLE `word_search_options` ENABLE KEYS */;
UNLOCK TABLES;

--
-- Dumping events for database 'mision_emprende2'
--

--
-- Dumping routines for database 'mision_emprende2'
--
/*!40103 SET TIME_ZONE=@OLD_TIME_ZONE */;

/*!40101 SET SQL_MODE=@OLD_SQL_MODE */;
/*!40014 SET FOREIGN_KEY_CHECKS=@OLD_FOREIGN_KEY_CHECKS */;
/*!40014 SET UNIQUE_CHECKS=@OLD_UNIQUE_CHECKS */;
/*!40101 SET CHARACTER_SET_CLIENT=@OLD_CHARACTER_SET_CLIENT */;
/*!40101 SET CHARACTER_SET_RESULTS=@OLD_CHARACTER_SET_RESULTS */;
/*!40101 SET COLLATION_CONNECTION=@OLD_COLLATION_CONNECTION */;
/*!40111 SET SQL_NOTES=@OLD_SQL_NOTES */;

-- Dump completed on 2026-05-12 11:18:42
